
[
  {
    "description": "“துணைத்தூதரகம்” என்ற சொல்லுக்கு என்ன பொருள்?",
    "options": [
      "காப்புரிமை",
      "ஆவணம்",
      "Consulate",
      "வணிகக் குழு"
    ],
    "answer": "C",
    "additional_context": "அரசால் நிறுவப்படும் கட்டடங்களிலும் சிலைகளிலும் நிறுவியவர் பெயர், நிறுவப்பட்ட காலம், நோக்கம் சார்ந்த பிற செய்திகளும் தாங்கிய கல்வெட்டுகளைப் பார்த்திருப்பீர்கள். இவை நமது இன்றைய வரலாற்றைப் புலப்படுத்தபவை. \nஅதுபோலவே கோவில்களிலும் பழமையான நினைவுச் சின்னங்களிலும் கட்டியவர்கள் பெயர்களும் வரலாறும் இடம்பெற்றிருக்கும். அவை நம் பழம்பெருமையையும் வரலாற்றையும் அறியச் செய்யும் அரிய ஆவணங்கள் என்று அறிவீர்கள்தானே? இவற்றைப் பராமரிக்கவும், பாதுகாக்கவும் உங்களால் இயன்ற செயல்கள்.."
  },
  {
    "description": "“பாசனம்” என்பதற்கு என்ன பொருள்?",
    "options": [
      "Irrigation",
      "நிலப்பகுதி",
      "வணிகக் குழு",
      "காப்புரிமை"
    ],
    "answer": "A",
    "additional_context": "அரசால் நிறுவப்படும் கட்டடங்களிலும் சிலைகளிலும் நிறுவியவர் பெயர், நிறுவப்பட்ட காலம், நோக்கம் சார்ந்த பிற செய்திகளும் தாங்கிய கல்வெட்டுகளைப் பார்த்திருப்பீர்கள். இவை நமது இன்றைய வரலாற்றைப் புலப்படுத்தபவை. \nஅதுபோலவே கோவில்களிலும் பழமையான நினைவுச் சின்னங்களிலும் கட்டியவர்கள் பெயர்களும் வரலாறும் இடம்பெற்றிருக்கும். அவை நம் பழம்பெருமையையும் வரலாற்றையும் அறியச் செய்யும் அரிய ஆவணங்கள் என்று அறிவீர்கள்தானே? இவற்றைப் பராமரிக்கவும், பாதுகாக்கவும் உங்களால் இயன்ற செயல்கள்.."
  },
  {
    "description": "“நிலப்பகுதி” என்ற சொல்லுக்கு என்ன பொருள்?",
    "options": [
      "வணிகக் குழு",
      "ஆவணம்",
      "காப்புரிமை",
      "Territory"
    ],
    "answer": "D",
    "additional_context": "அரசால் நிறுவப்படும் கட்டடங்களிலும் சிலைகளிலும் நிறுவியவர் பெயர், நிறுவப்பட்ட காலம், நோக்கம் சார்ந்த பிற செய்திகளும் தாங்கிய கல்வெட்டுகளைப் பார்த்திருப்பீர்கள். இவை நமது இன்றைய வரலாற்றைப் புலப்படுத்தபவை. \nஅதுபோலவே கோவில்களிலும் பழமையான நினைவுச் சின்னங்களிலும் கட்டியவர்கள் பெயர்களும் வரலாறும் இடம்பெற்றிருக்கும். அவை நம் பழம்பெருமையையும் வரலாற்றையும் அறியச் செய்யும் அரிய ஆவணங்கள் என்று அறிவீர்கள்தானே? இவற்றைப் பராமரிக்கவும், பாதுகாக்கவும் உங்களால் இயன்ற செயல்கள்.."
  },
  {
    "description": "பழமையான கல்வெட்டுகளில் என்ன தகவல்கள் இடம்பெறும்?",
    "options": [
      "நிறுவியவர் பெயர் மட்டும்",
      "கட்டப்பட்ட காலம் மட்டும்",
      "நிறுவியவர் பெயர், கட்டப்பட்ட காலம், நோக்கம்",
      "கட்டப்பட்ட காலம் மற்றும் நோக்கம் மட்டும்"
    ],
    "answer": "C",
    "additional_context": "அரசால் நிறுவப்படும் கட்டடங்களிலும் சிலைகளிலும் நிறுவியவர் பெயர், நிறுவப்பட்ட காலம், நோக்கம் சார்ந்த பிற செய்திகளும் தாங்கிய கல்வெட்டுகளைப் பார்த்திருப்பீர்கள். இவை நமது இன்றைய வரலாற்றைப் புலப்படுத்தபவை. \nஅதுபோலவே கோவில்களிலும் பழமையான நினைவுச் சின்னங்களிலும் கட்டியவர்கள் பெயர்களும் வரலாறும் இடம்பெற்றிருக்கும். அவை நம் பழம்பெருமையையும் வரலாற்றையும் அறியச் செய்யும் அரிய ஆவணங்கள் என்று அறிவீர்கள்தானே? இவற்றைப் பராமரிக்கவும், பாதுகாக்கவும் உங்களால் இயன்ற செயல்கள்.."
  },
  {
    "description": "கல்வெட்டுகளைப் பராமரிக்கவும் பாதுகாக்கவும் என்ன செய்யலாம்?",
    "options": [
      "அவற்றின் மதிப்பைக் குறைக்கும் செயல்களைத் தடுக்க",
      "கல்வெட்டுகள் குறித்த தகவல்களைப் பகிர்ந்து கொள்ள",
      "கல்வெட்டுகள் பற்றி பெருமிதம் கொள்ள",
      "மேற்கண்ட அனைத்தும்"
    ],
    "answer": "D",
    "additional_context": "கல்வெட்டுகளின்வழி அறியலாகும் அவற்றின் மதிப்பைக் குறைக்கும்படி எதுவும் செய்திகளை என் நண்பர்களுக்குக் கூறுவேன். கூற அனுமதிக்க மாட்டேன். \nகல்வெட்டுகள் குறித்து அவர்களைப் பெருமிதம் அடையச் செய்வேன்."
  }
]
