
[
  {
    "description": "இருசொற்களைப் பயன்படுத்தி ஒரு தொடர் அமைத்தல்:\n\nகொடுக்கப்பட்டுள்ள இருசொற்களில் எது இயற்கை - செயற்கை தொடரில் உள்ளது?",
    "options": [
      "அ) இயற்கை காடு",
      "ஆ)  செயற்கை புத்தகம்",
      "இ) இயற்கை நெருப்பு",
      "ஈ) செயற்கை மழை"
    ],
    "answer": "இ",
    "additional_context": "இயற்கை - செயற்கை என்ற தொடரில், இயற்கை என்பது மனிதனால் உருவாக்கப்படாதது.  செயற்கை என்பது மனிதனால் உருவாக்கப்பட்டது.   'இயற்கை நெருப்பு'  என்பது இயற்கையாக உருவாவது.  மற்றவை மனிதனால் உருவாக்கப்பட்டது"
  },
  {
    "description": "பத்தியிலிருந்து அடுக்குத்தொடர்களை எடுத்து எழுதுதல்:\n\nபத்தியில் குறிப்பிடப்பட்டுள்ள எந்த அடுக்குத்தொடர் புவியின் தோற்றம் பற்றி விளக்குகிறது?",
    "options": [
      "அ)  பருப்பொருள்கள் சிதறும்படியாக",
      "ஆ)  புவி ஏன் வெள்ளத்தில் மூழ்கியது?",
      "இ)  பெய்த மழை - இத்தொடரை வினைத்தொகையாக மாற்றுக.",
      "ஈ)   உயிர்கள் வாழ்வதற்கு ஏற்ற சூழலாக நீவிர் கருதுவன யாவை?"
    ],
    "answer": "அ",
    "additional_context": "பத்தியில் குறிப்பிடப்பட்டுள்ள 'பருப்பொருள்கள் சிதறும்படியாக' என்ற அடுக்குத்தொடர் புவியின் தோற்றம் பற்றி விளக்குகிறது. இந்த அடுக்குத்தொடர், புவி உருவாகும் போது பருப்பொருள்கள் எவ்வாறு சிதறிக் கிடந்தன என்பதை விளக்குகிறது.  மற்றவை, புவியின் தோற்றத்தை விளக்காது."
  },
  {
    "description": "வினைத்தொகை மாற்றுதல்:\n\nபத்தியில் குறிப்பிடப்பட்டுள்ள எந்தத் தொடரை வினைத்தொகையாக மாற்றி எழுதலாம்?",
    "options": [
      "அ)  பெய்த மழை",
      "ஆ)  ஊழிக்காலம் கடந்தது",
      "இ)  உயிர்கள் தோன்றி நிலைபெறும்படியாக",
      "ஈ)  மழை பொழிந்த ஊழிக் காலம்"
    ],
    "answer": "அ",
    "additional_context": "வினைத்தொகை என்பது ஒரு வினைச்சொல் மற்றும் ஒரு பெயர்ச்சொல் இணைந்து உருவாகும் தொடர்.  'பெய்த மழை'  என்ற தொடரில்  'பெய்து'  என்பது வினைச்சொல் மற்றும் 'மழை'  என்பது பெயர்ச்சொல்.  இந்த இரண்டும் இணைந்து ஒரு வினைத்தொகை  'பெய்தமழை'  என்று உருவாகிறது. மற்றவை வினைத்தொகை அல்ல."
  },
  {
    "description": "அறிவியல் கொள்கை:\n\nபத்தியில் குறிப்பிடப்பட்டுள்ள அறிவியல் கொள்கை எது?",
    "options": [
      "அ)  உயிரினங்களின் பரிணாம வளர்ச்சி",
      "ஆ)  புவியின் தோற்றம்",
      "இ)  பூமியின் சுழற்சி",
      "ஈ)  நட்சத்திரங்களின் தோற்றம்"
    ],
    "answer": "ஆ",
    "additional_context": "இந்தப் பத்தி, புவியின் தோற்றம் மற்றும் அதன் வளர்ச்சி பற்றி விளக்குகிறது.  புவி எப்படி உருவானது, எப்படி  வெள்ளத்தில் மூழ்கியது, எப்படி  உயிர்கள் தோன்றின என்பதை விளக்குகிறது.  மற்றவை இந்தப் பத்தியில் குறிப்பிடப்படவில்லை."
  },
  {
    "description": "பாரதியாரின் பாடல்:\n\nபாரதியாரின் பாடல் எந்தக் கருத்தை முன்வைக்கிறது?",
    "options": [
      "அ)  மனிதனின் விண்வெளிப் பயணம்",
      "ஆ)  பூமியின் அழகைப் போற்றுதல்",
      "இ)  நிலா மற்றும் வானத்தைப் போற்றுதல்",
      "ஈ)  சிறிய விஷயங்களின் மகிழ்ச்சியைப் போற்றுதல்"
    ],
    "answer": "ஈ",
    "additional_context": "பாரதியாரின் பாடல், சிறிய விஷயங்களின் மகிழ்ச்சியைப் போற்றுவதை முன்வைக்கிறது.  'வானத்து மீனையும் காற்றையும் நேர்ப்பட வைத்தாங்கே'  என்ற வரி  வானத்தைப் போற்றுவதை விளக்குகிறது.  'பலாவின் கனிச்சுளை வண்டியில் ஓர் வண்டு பாடுவதும் வியப்போ' என்ற வரி சிறிய விஷயங்களைப் போற்றுவதை விளக்குகிறது.  மற்றவை இந்தப் பாடலில் குறிப்பிடப்படவில்லை."
  }
]
