[
          
  {
    
          "description": "'ஆடையிலே எனைமணந்த மணவாளா பொதுவில்' என்ற வரியில் வள்ளலார் எதை குறிப்பிடுகிறார்?",
          "options": [
      "a) மணவாளனை",
      "b) பூக்களை",
      "c) காற்றை",
      "d) மழையை"
    ],
    "answer": "A",
    
          "additional_context": "இந்த வரியானது வள்ளலார் எழுதிய  'நயம் பாராட்டுக' என்ற பாடலில் இருந்து எடுக்கப்பட்டது.  இப்பாடல்  இயற்கையின் அழகைப் பற்றியும், அதை அனுபவிக்கும் மகிழ்ச்சியைப் பற்றியும் கூறுகிறது.  இந்த வரியில்,  'மணவாளா' என்று குறிப்பிடப்பட்டுள்ளது. இதன் மூலம்,  வள்ளலார் இயற்கை அழகை மணவாளன் போன்று அழகான,  மகிழ்ச்சியான ஒன்றாகக் கருதி அதைப் புகழ்கிறார் என்பது தெளிவாகிறது."
          }
        ,
          
  {
    
          "description": "திருக்குறளில் இடம் பெறும் எண்ணுப் பெயர்கள் எது?",
          "options": [
      "a) ஒன்று, மூன்று, ஐந்து, ஏழு",
      "b) இரண்டு, நான்கு, ஆறு, எட்டு",
      "c) ஒன்று, இரண்டு, மூன்று, நான்கு, ஐந்து, ஆறு, ஏழு, எட்டு, பத்து",
      "d) மேற்கண்ட எதுவும் இல்லை"
    ],
    "answer": "C",
    
          "additional_context": "திருக்குறள்  1330  குறட்பாக்களை கொண்டது.  இந்த குறட்பாக்கள் 133  அதிகாரங்களாக பிரிக்கப்பட்டுள்ளன.  இந்த அத்தியாயங்கள் அனைத்தும் 7  பிரிவுகளாக பிரிக்கப்பட்டுள்ளன.  இந்த பிரிவுகளை குறிக்க 'ஒன்று, இரண்டு, மூன்று, நான்கு, ஐந்து, ஆறு, ஏழு, எட்டு, பத்து' என்ற எண்ணு பெயர்கள் பயன்படுத்தப்பட்டுள்ளன.   திருக்குறளை  நன்கு படித்தால்  இந்த எண்ணு பெயர்கள்  இடம் பெற்றிருப்பதைப்  பார்க்கலாம்."
          }
        ,
          
  {
    
          "description": "'அகராதியில் காண்க' பகுதியில் குறிப்பிடப்பட்டுள்ள 'சித்திரகவி' யாருக்குப் பொருந்தும்?",
          "options": [
      "a) ஓவியர்",
      "b) கவிஞர்",
      "c) நடிகர்",
      "d) இசைஞர்"
    ],
    "answer": "A",
    
          "additional_context": "இந்தப் பாடத்தில்   'அகராதியில் காண்க'  என்ற தலைப்பில்,  சில சொற்கள்  அவற்றின் பொருள்களுடன்  தரப்பட்டுள்ளன.  இதில்  'சித்திரகவி' என்பது   'ஓவியர்' என்ற பொருளை குறிக்கிறது.  ஓவியர் தங்கள்  ஓவியங்களின் மூலம்  சிறந்த  கவிதைகளை  உருவாக்குவதால்,   அவர்களை  'சித்திரகவி'  என்று  அழைப்பார்கள்."
          }
        ,
          
  {
    
          "description": "'கலைச்சொல் அறிவோம்' பகுதியில் 'Renaissance' என்ற சொல்லின் தமிழ் மொழிபெயர்ப்பு என்ன?",
          "options": [
      "a) மறுமலர்ச்சி",
      "b) புதுமை",
      "c) புரட்சி",
      "d) முன்னேற்றம்"
    ],
    "answer": "A",
    
          "additional_context": "இந்தப் பாடத்தில்  'கலைச்சொல் அறிவோம்' என்ற தலைப்பில்  சில கலைச்சொற்களும், அவற்றின் தமிழ் மொழி பெயர்ப்புகளும் தரப்பட்டுள்ளன.  இதில்  'Renaissance' என்ற ஆங்கிலச் சொல்லின் தமிழ் மொழிபெயர்ப்பு  'மறுமலர்ச்சி'  என்று  தரப்பட்டுள்ளது.  மறுமலர்ச்சி என்பது கலை, இலக்கியம் மற்றும் அறிவியல் துறைகளில் ஏற்பட்ட புதிய எழுச்சி  என்ற பொருளை குறிக்கிறது."
          }
        ,
          
  {
    
          "description": "'செயல்திட்டம்' பகுதியில் குறிப்பிடப்பட்ட ஔவையாரின் ஆத்திசூடி மற்றும் பாரதியாரின் ஆத்திசூடி ஆகிய இரண்டு பாடல்களின் முதல் பத்துத் தொடர்களை எந்த நிகழ்வில் வழங்க வேண்டும்?",
          "options": [
      "a) பள்ளி நிகழ்வு",
      "b) பொதுக் கூட்டம்",
      "c) காலை வழிபாட்டு நிகழ்வு",
      "d)  கல்லூரி விழா"
    ],
    "answer": "C",
    
          "additional_context": "இந்தப் பாடத்தில்  'செயல்திட்டம்' என்ற தலைப்பில்,  ஔவையாரின் ஆத்திசூடி மற்றும் பாரதியாரின் ஆத்திசூடி பாடல்களின் முதல் பத்துத் தொடர்களை ஒப்பிட்டு,  நாள்தோறும் ஒரு தொடர் என்னும் அடிப்படையில் கருத்துகளை வழங்க வேண்டும் என்று கூறப்பட்டுள்ளது.  இந்தப் பாடல்  இயற்கையின் அழகைப் பற்றியும், அதை அனுபவிக்கும் மகிழ்ச்சியைப் பற்றியும் கூறுகிறது.  மேலும்  சமூக நல்லிணக்கத்தையும்,  சமுதாய ஒழுக்கத்தையும் வலியுறுத்துகிறது.  அதனால்  இந்தப் பாடலை  காலை வழிபாட்டு நிகழ்வில்  வழங்கலாம்."
          }
        ]