
[
  {
    "description": "கவிஞனைப் பற்றி கண்ணதாசன் எவ்வாறு விவரிக்கிறார்?",
    "options": [
      "மனம் என்னும் வயலில், சொல்லேர் உழவனாக, சிந்தனை விதையைத் தூவி, மடமைக் களை பறித்து, தத்துவ நீர் பாய்ச்சி, அறம் என்னும் கதிர் அறுப்பவன்.",
      "காலத்தைக் கணிப்பதால் காலத்தை வென்றவன்.",
      "பொருளை உருவாக்கி, புகழுடைத் தெய்வமாகத் திகழ்பவன்.",
      "மேற்கண்ட அனைத்தும்."
    ],
    "answer": "D",
    "additional_context": "கவிஞன் என்பவன் யார்? அவன் குணம் என்ன? அவன் பணி என்ன? \n மனம் என்னும் வயலில், சொல்லேர் உழவனாக, சிந்தனை விதையைத் தூவி, மடமைக் களை பறித்து, தத்துவ நீர் பாய்ச்சி, அறம் என்னும் கதிர் அறுப்பவன் கவிஞன். காலத்தைக் கணிப்பதால் காலத்தை வென்றவனாகிறான். \n கவிஞன் யானோர் காலக் கணிதம்\n கருப்படு பொருளை உருப்பட வைப்பேன்! \n புவியில் நானோர் புகழுடைத் தெய்வம்\n பொன்னினும் விலைமிகு பொருளென் செல்வம்!"
  },
  {
    "description": "கண்ணதாசன் தன் கவிதையில் எந்த மூன்று செயல்களை மிக முக்கியமாகக் குறிப்பிடுகிறார்?",
    "options": [
      "ஆக்கல், அழித்தல், காத்தல்",
      "ஆக்கல், அளித்தல், அழித்தல்",
      "ஆக்கல், அளித்தல், காத்தல்",
      "அளித்தல், அழித்தல், காத்தல்"
    ],
    "answer": "C",
    "additional_context": "இவைசரி யென்றால் இயம்புவதென் தொழில் \n இவைதவ றாயின் எதிர்ப்பதென் வேலை! \n ஆக்கல் அளித்தல் அழித்தல்இம் மூன்றும் \n அவனும் யானுமே அறிந்தவை; அறிக!"
  },
  {
    "description": "கவிஞனின் வாழ்க்கைப் பாடலைக் குறிப்பிடும் வரிகளாக எவை சரியானவை?",
    "options": [
      "செல்வர்தங் கையில் சிறைப்பட மாட்டேன்; பதவி வாளுக்கும் பயப்பட மாட்டேன்!",
      "உண்டா யின்பிறர் உண்ணத் தருவேன்; இல்லா யெமர் இல்லம் தட்டுவேன்",
      "வண்டா யெழுந்து மலர்களில் அமர்வேன் வாய்ப்புறத் தேனை ஊர்ப்புறந் தருவேன்!",
      "மேற்கண்ட அனைத்தும்."
    ],
    "answer": "D",
    "additional_context": "செல்வர்தங் கையில் சிறைப்பட மாட்டேன்; \n பதவி வாளுக்கும் பயப்பட மாட்டேன்! \n பாசம் மிகுத்தேன்; பற்றுதல் மிகுத்தேன்! \n ஆசை தருவன அனைத்தும் பற்றுவேன்! \n உண்டா யின்பிறர் உண்ணத் தருவேன்; \n இல்லா யின்எமர் இல்லம் தட்டுவேன் \n வண்டா யெழுந்து மலர்களில் அமர்வேன் \n வாய்ப்புறத் தேனை ஊர்ப்புறந் தருவேன்!"
  },
  {
    "description": "கண்ணதசன் எந்தப் பாடலை எழுதி, திரைப்படப் பாடலாசிரியரானார்?",
    "options": [
      "கலங்காதிரு மனமே",
      "கண்மணி",
      "மௌன ராகம்",
      "பூக்கள் பூத்தன"
    ],
    "answer": "A",
    "additional_context": "இவர் சிறந்த கவியரங்கக் கவிஞராகவும் பேச்சாளராகவும் திகழ்ந்தவர். தன் திரைப்படப் பாடல்கள் வழியாக எளிய முறையில் மெய்யியலை மக்களிடையே கொண்டு சேர்த்தவர். சேரமான் காதலி என்னும் புதினத்திற்காக சாகித்திய அகாதெமி விருது பெற்றவர். இவர் தமிழக அரசின் அரசவைக் கவிஞராகவும் சிறப்பிக்கப்பட்டிருந்தார். \n 'காலக்கணிதம்' என்னும் இப்பாடப்பகுதி கண்ணதாசன் கவிதைத் தொகுப்பில் இடம்பெற்றுள்ளது. \n 'முத்தையா' என்னும் இயற்பெயரைக் கொண்ட கண்ணதாசன் இன்றைய சிவகங்கை மாவட்டத்தின் சிற்றூரான சிறுகூடல்பட்டியில் பிறந்தவர். இவரது பெற்றோர் சாத்தப்பன் விசாலாட்சி ஆவர். 1949ஆம் ஆண்டு \"கலங்காதிரு மனமே\" என்ற பாடலை எழுதி, திரைப்படப் பாடலாசிரியரானார்."
  },
  {
    "description": "கண்ணதசன் எந்தப் புதினத்திற்காக சாகித்திய அகாதெமி விருது பெற்றார்?",
    "options": [
      "சேரமான் காதலி",
      "தலைவி",
      "பூக்கள் மலர்ந்தன",
      "கண்மணி"
    ],
    "answer": "A",
    "additional_context": "இவர் சிறந்த கவியரங்கக் கவிஞராகவும் பேச்சாளராகவும் திகழ்ந்தவர். தன் திரைப்படப் பாடல்கள் வழியாக எளிய முறையில் மெய்யியலை மக்களிடையே கொண்டு சேர்த்தவர். சேரமான் காதலி என்னும் புதினத்திற்காக சாகித்திய அகாதெமி விருது பெற்றவர். இவர் தமிழக அரசின் அரசவைக் கவிஞராகவும் சிறப்பிக்கப்பட்டிருந்தார். \n 'காலக்கணிதம்' என்னும் இப்பாடப்பகுதி கண்ணதாசன் கவிதைத் தொகுப்பில் இடம்பெற்றுள்ளது. \n 'முத்தையா' என்னும் இயற்பெயரைக் கொண்ட கண்ணதாசன் இன்றைய சிவகங்கை மாவட்டத்தின் சிற்றூரான சிறுகூடல்பட்டியில் பிறந்தவர். இவரது பெற்றோர் சாத்தப்பன் விசாலாட்சி ஆவர். 1949ஆம் ஆண்டு \"கலங்காதிரு மனமே\" என்ற பாடலை எழுதி, திரைப்படப் பாடலாசிரியரானார்."
  }
]
