[
          
  {
    
          "description": "“தார்போன்ற நிறமுண்டு கரியுமில்லை\nபார் முழுதும் பறந்து திரிவேன் மேகமுமில்லை\nசேர்ந்து அமர்ந்து ஒலிப்பேன் பள்ளியுமில்லை\nசோர்ந்து போகாமல் வீடமைப்பேன் பொறியாளருமில்லை\nவீட்டுக்கு வருமுன்னே, வருவதைக் கூறுவேன்.” \n\nஇந்தப் புதிர் வரிகளில் குறிப்பிடப்பட்டுள்ளது எது?",
          "options": [
      "பறவை",
      "காரை",
      "மின்சாரம்",
      "மழை"
    ],
    "answer": "A",
    
          "additional_context": "இந்தப் புதிர் ஒரு பறவையைப் பற்றியது. புதிர் வரிகளில் 'தார்போன்ற நிறமுண்டு' என்பது பறவையின் நிறத்தைப் பற்றி கூறுகிறது. மேலும் 'பறந்து திரிவேன்' என்பது பறவையின் இயல்பைப் பற்றி கூறுகிறது. 'சேர்ந்து அமர்ந்து ஒலிப்பேன்' என்பது பறவைகள் கூட்டமாக இருப்பதையும் அவற்றின் ஒலியையும் குறிப்பிடுகிறது. 'சோர்ந்து போகாமல் வீடமைப்பேன்' என்பது பறவைகள் தங்கள் கூடுகளை கட்டுவதைக் குறிப்பிடுகிறது. 'வீட்டுக்கு வருமுன்னே, வருவதைக் கூறுவேன்' என்பது பறவைகள் வீட்டுக்கு வருவதற்கு முன் தங்கள் வருகையை அறிவிப்பதைக் குறிப்பிடுகிறது."
          }
        ,
          
  {
    
          "description": "'காட்டு விலங்குகளைச் ____ திருந்த உதவுகிறது.'",
          "options": [
      "சுட்டல்",
      "சுடுதல்",
      "சீர்ப்படுத்தல்",
      "புகுத்தல்"
    ],
    "answer": "C",
    
          "additional_context": "இந்தத் தொடரில் உள்ள வெற்றிடத்தை நிரப்பக்கூடிய சரியான சொல் 'சீர்ப்படுத்தல்' ஆகும். காட்டு விலங்குகளைச் சீர்ப்படுத்தல் என்பது அவற்றை நல்ல முறையில் வளர்ப்பது, அவற்றின் வாழ்விடத்தைப் பாதுகாப்பது ஆகியவற்றைப் குறிக்கிறது. அதாவது, காட்டு விலங்குகள் தங்கள் இயல்பான வாழ்க்கை முறையைத் தொடர உதவுவது."
          }
        ,
          
  {
    
          "description": "'அகராதியில் காண்க'",
          "options": [
      "பாடப்புத்தகம்",
      "சொல் அகராதி",
      "கவிதை நூல்",
      "வரலாற்று நூல்"
    ],
    "answer": "B",
    
          "additional_context": "இந்தத் தொடரில் உள்ள 'அகராதி' என்பது சொற்களின் பொருள், எழுத்துரு, பயன்பாடு ஆகியவற்றைக் குறிப்பிடும் ஒரு நூல். 'சொல் அகராதி' என்பது பொருள், எழுத்துரு, பயன்பாடு ஆகியவற்றைக் குறிப்பிடும் ஒரு நூல். 'பாடப்புத்தகம்', 'கவிதை நூல்', 'வரலாற்று நூல்' ஆகியவை வெவ்வேறு விஷயங்களைப் பற்றிய நூல்களாகும். 'அகராதி' என்பது சொற்களின் பொருள், எழுத்துரு, பயன்பாடு ஆகியவற்றைக் குறிப்பிடும் ஒரு நூல்."
          }
        ,
          
  {
    
          "description": "'பள்ளியைத் தூய்மையாக வைத்திருத்தல்'",
          "options": [
      "மாணவர்களின் ஒத்துழைப்பு",
      "ஆசிரியர்களின் ஒத்துழைப்பு",
      "தலைமை ஆசிரியரின் ஒப்புதல்",
      "பெற்றோரின் ஆதரவு"
    ],
    "answer": "C",
    
          "additional_context": "பள்ளியைத் தூய்மையாக வைத்திருத்தல் என்பது ஒரு முக்கியமான செயல். இதற்கு மாணவர்கள், ஆசிரியர்கள், பெற்றோர் என அனைவரின் ஒத்துழைப்பும் தேவை. ஆனால், தலைமை ஆசிரியரின் ஒப்புதலுடன் நடைமுறைப்படுத்தினால் மட்டுமே இந்தப் பணி சிறப்பாக முடியும். ஏனெனில், தலைமை ஆசிரியர் பள்ளியின் நிர்வாகத்தை கவனித்து வருகிறார். அவர் ஒப்புதல் அளித்தால் மட்டுமே பள்ளியைத் தூய்மையாக வைத்திருக்க பல்வேறு நடவடிக்கைகளை எடுக்க முடியும்."
          }
        ,
          
  {
    
          "description": "புதிர்:\n\nகீழ்க்கண்டவற்றில் எது புதிர்ப்பாடலில் குறிப்பிடப்பட்டிருக்கும் பொருளைப் பற்றியது?",
          "options": [
      "மேகங்கள்",
      "பறவைகள்",
      "வீடு",
      "கார்கள்"
    ],
    "answer": "B",
    
          "additional_context": "புதிர்ப்பாடலில் குறிப்பிடப்பட்டிருக்கும் பொருள் 'பறவை' ஆகும். 'தார்போன்ற நிறமுண்டு' என்பது பறவையின் நிறத்தைப் பற்றி கூறுகிறது. மேலும் 'பறந்து திரிவேன்' என்பது பறவையின் இயல்பைப் பற்றி கூறுகிறது. 'சேர்ந்து அமர்ந்து ஒலிப்பேன்' என்பது பறவைகள் கூட்டமாக இருப்பதையும் அவற்றின் ஒலியையும் குறிப்பிடுகிறது. 'சோர்ந்து போகாமல் வீடமைப்பேன்' என்பது பறவைகள் தங்கள் கூடுகளை கட்டுவதைக் குறிப்பிடுகிறது. 'வீட்டுக்கு வருமுன்னே, வருவதைக் கூறுவேன்' என்பது பறவைகள் வீட்டுக்கு வருவதற்கு முன் தங்கள் வருகையை அறிவிப்பதைக் குறிப்பிடுகிறது."
          }
        ]