
[
  {
    "description": "“கையள்” என்ற சொல் எந்த விகுதியைக் குறிக்கிறது?",
    "options": [
      "இறந்தகால இடைநிலை",
      "தற்போதைய இடைநிலை",
      "எதிர்கால இடைநிலை",
      "பெயரெச்ச விகுதி"
    ],
    "answer": "B",
    "additional_context": "இந்தக் கவிதைப் பாடல், அகன்ற உலகத்தை வளைத்துப் பெருமழை பொழிகிறது எனப் பாடுகிறது. வலம்புரி சங்கு பொறித்த கைகளையுடைய திருமால், குறுகிய வடிவம் கொண்டு மாவலி மன்னன் நீர் வார்த்துத் தரும்பொழுது, மண்ணுக்கும் விண்ணுக்குமாகப் பேருருவம் எடுத்து உயர்ந்து நிற்பது போன்றுள்ளது மழைமேகம்.  அம்மேகம், ஒலிக்கும் கடலின் குளிர்நீரைப் பருகிப் பெருந்தோற்றம் கொண்டு, வலமாய் எழுந்து, மலையைச் சூழ்ந்து, விரைந்த வேகத்துடன் பெருமழையைப் பொழிகிறது. துன்பத்தைச் செய்கின்ற அம்மாலைப்பொழுதில், முதிய பெண்கள் மிகுந்த காவலையுடைய ஊர்ப்பக்கம் சென்றனர். யாழிசை போன்று ஒலிக்கும் வண்டுகள் சூழ்ந்து ஆரவாரிக்கும் நறுமணம் கொண்ட அரும்புகள்; அந்த மலர்ந்த முல்லைப் பூக்களோடு நாழியில் கொண்டு வந்த நெல்லையும் சேர்த்துத் தெய்வத்தின்முன் தூவினர். பிறகு தெய்வத்தைத் தொழுது, தலைவிக்காக நற்சொல் கேட்டு நின்றனர்.\n\nஅங்கு, சிறு தாம்புக் கயிற்றால் கட்டப்பட்ட இளங்கன்று பசியால் வாடிக்கொண்டிருந்தது. அதன் வருத்தத்தை ஓர் இடைமகள் கண்டாள். குளிர்தாங்காமல் கைகளைக் கட்டியபடி நின்ற அவள், “புல்லை மேய்ந்து உன் தாய்மார் வளைந்த கத்தியை உடைய கம்பைக் கொண்ட எம் இடையர் ஓட்டிவர இப்போது வந்துவிடுவர், வருந்தாதே” என்றாள். இது நல்ல சொல் எனக்கொண்டு முதுபெண்கள் தலைவியிடம் நற்சொல்லை நாங்கள் கேட்டோம் என்று கூறினர். இவ்வாறு தலைவன் வருகை குறித்து முதுபெண்டிர் விரிச்சி கேட்டு நின்றனர்.\n\n“நடுங்கு சுவல் அசைத்த கையள், “கைய” என்ற வரியில் கையள் என்ற சொல் பயன்படுத்தப்பட்டுள்ளது. இது ஒரு வினைச்சொல். இதன் விகுதி தற்போதைய இடைநிலை விகுதி."
  },
  {
    "description": "“விரிச்சி கேட்டல்”  என்ற சொற்றொடரின் பொருள் எது?",
    "options": [
      "சேவை செய்தல்",
      "தகவல் கேட்டல்",
      "பரிசுகளைப் பெறுதல்",
      "சந்தேகங்களைப் போக்குதல்"
    ],
    "answer": "B",
    "additional_context": "இந்தக் கவிதைப் பாடல், அகன்ற உலகத்தை வளைத்துப் பெருமழை பொழிகிறது எனப் பாடுகிறது. வலம்புரி சங்கு பொறித்த கைகளையுடைய திருமால், குறுகிய வடிவம் கொண்டு மாவலி மன்னன் நீர் வார்த்துத் தரும்பொழுது, மண்ணுக்கும் விண்ணுக்குமாகப் பேருருவம் எடுத்து உயர்ந்து நிற்பது போன்றுள்ளது மழைமேகம்.  அம்மேகம், ஒலிக்கும் கடலின் குளிர்நீரைப் பருகிப் பெருந்தோற்றம் கொண்டு, வலமாய் எழுந்து, மலையைச் சூழ்ந்து, விரைந்த வேகத்துடன் பெருமழையைப் பொழிகிறது. துன்பத்தைச் செய்கின்ற அம்மாலைப்பொழுதில், முதிய பெண்கள் மிகுந்த காவலையுடைய ஊர்ப்பக்கம் சென்றனர். யாழிசை போன்று ஒலிக்கும் வண்டுகள் சூழ்ந்து ஆரவாரிக்கும் நறுமணம் கொண்ட அரும்புகள்; அந்த மலர்ந்த முல்லைப் பூக்களோடு நாழியில் கொண்டு வந்த நெல்லையும் சேர்த்துத் தெய்வத்தின்முன் தூவினர். பிறகு தெய்வத்தைத் தொழுது, தலைவிக்காக நற்சொல் கேட்டு நின்றனர்.\n\nஅங்கு, சிறு தாம்புக் கயிற்றால் கட்டப்பட்ட இளங்கன்று பசியால் வாடிக்கொண்டிருந்தது. அதன் வருத்தத்தை ஓர் இடைமகள் கண்டாள். குளிர்தாங்காமல் கைகளைக் கட்டியபடி நின்ற அவள், “புல்லை மேய்ந்து உன் தாய்மார் வளைந்த கத்தியை உடைய கம்பைக் கொண்ட எம் இடையர் ஓட்டிவர இப்போது வந்துவிடுவர், வருந்தாதே” என்றாள். இது நல்ல சொல் எனக்கொண்டு முதுபெண்கள் தலைவியிடம் நற்சொல்லை நாங்கள் கேட்டோம் என்று கூறினர். இவ்வாறு தலைவன் வருகை குறித்து முதுபெண்டிர் விரிச்சி கேட்டு நின்றனர்.  \n\n“விரிச்சி கேட்டல்”  என்ற சொற்றொடரின் பொருள் தகவல் கேட்டல். தலைவன் வருகை பற்றிய தகவல்  கேட்கிறார்கள்."
  },
  {
    "description": "பாடப்பகுதியில் “மழை”  என்னுடன் ஒப்பிடப்பட்டுள்ளது?",
    "options": [
      "கடல்",
      "வண்டுகள்",
      "கோவலர்",
      "திருமால்"
    ],
    "answer": "D",
    "additional_context": "இந்தக் கவிதைப் பாடல், அகன்ற உலகத்தை வளைத்துப் பெருமழை பொழிகிறது எனப் பாடுகிறது. வலம்புரி சங்கு பொறித்த கைகளையுடைய திருமால், குறுகிய வடிவம் கொண்டு மாவலி மன்னன் நீர் வார்த்துத் தரும்பொழுது, மண்ணுக்கும் விண்ணுக்குமாகப் பேருருவம் எடுத்து உயர்ந்து நிற்பது போன்றுள்ளது மழைமேகம்.  அம்மேகம், ஒலிக்கும் கடலின் குளிர்நீரைப் பருகிப் பெருந்தோற்றம் கொண்டு, வலமாய் எழுந்து, மலையைச் சூழ்ந்து, விரைந்த வேகத்துடன் பெருமழையைப் பொழிகிறது. துன்பத்தைச் செய்கின்ற அம்மாலைப்பொழுதில், முதிய பெண்கள் மிகுந்த காவலையுடைய ஊர்ப்பக்கம் சென்றனர். யாழிசை போன்று ஒலிக்கும் வண்டுகள் சூழ்ந்து ஆரவாரிக்கும் நறுமணம் கொண்ட அரும்புகள்; அந்த மலர்ந்த முல்லைப் பூக்களோடு நாழியில் கொண்டு வந்த நெல்லையும் சேர்த்துத் தெய்வத்தின்முன் தூவினர். பிறகு தெய்வத்தைத் தொழுது, தலைவிக்காக நற்சொல் கேட்டு நின்றனர்.\n\nஅங்கு, சிறு தாம்புக் கயிற்றால் கட்டப்பட்ட இளங்கன்று பசியால் வாடிக்கொண்டிருந்தது. அதன் வருத்தத்தை ஓர் இடைமகள் கண்டாள். குளிர்தாங்காமல் கைகளைக் கட்டியபடி நின்ற அவள், “புல்லை மேய்ந்து உன் தாய்மார் வளைந்த கத்தியை உடைய கம்பைக் கொண்ட எம் இடையர் ஓட்டிவர இப்போது வந்துவிடுவர், வருந்தாதே” என்றாள். இது நல்ல சொல் எனக்கொண்டு முதுபெண்கள் தலைவியிடம் நற்சொல்லை நாங்கள் கேட்டோம் என்று கூறினர். இவ்வாறு தலைவன் வருகை குறித்து முதுபெண்டிர் விரிச்சி கேட்டு நின்றனர்.\n\n“வலம்புரி பொறித்த மாதாங்கு தடக்கை நீர் செல, நிமிர்ந்த மாஅல் போல” என்ற வரியில் மழை திருமாலை போன்று உருவகிக்கப்பட்டுள்ளது."
  },
  {
    "description": "“மூதூர்” என்ற சொல் எந்த இலக்கண வகையைச் சேர்ந்தது?",
    "options": [
      "பண்புத்தொகை",
      "வினைத்தொகை",
      "இடைச்சொல்",
      "பெயரெச்சம்"
    ],
    "answer": "A",
    "additional_context": "இந்தக் கவிதைப் பாடல், அகன்ற உலகத்தை வளைத்துப் பெருமழை பொழிகிறது எனப் பாடுகிறது. வலம்புரி சங்கு பொறித்த கைகளையுடைய திருமால், குறுகிய வடிவம் கொண்டு மாவலி மன்னன் நீர் வார்த்துத் தரும்பொழுது, மண்ணுக்கும் விண்ணுக்குமாகப் பேருருவம் எடுத்து உயர்ந்து நிற்பது போன்றுள்ளது மழைமேகம்.  அம்மேகம், ஒலிக்கும் கடலின் குளிர்நீரைப் பருகிப் பெருந்தோற்றம் கொண்டு, வலமாய் எழுந்து, மலையைச் சூழ்ந்து, விரைந்த வேகத்துடன் பெருமழையைப் பொழிகிறது. துன்பத்தைச் செய்கின்ற அம்மாலைப்பொழுதில், முதிய பெண்கள் மிகுந்த காவலையுடைய ஊர்ப்பக்கம் சென்றனர். யாழிசை போன்று ஒலிக்கும் வண்டுகள் சூழ்ந்து ஆரவாரிக்கும் நறுமணம் கொண்ட அரும்புகள்; அந்த மலர்ந்த முல்லைப் பூக்களோடு நாழியில் கொண்டு வந்த நெல்லையும் சேர்த்துத் தெய்வத்தின்முன் தூவினர். பிறகு தெய்வத்தைத் தொழுது, தலைவிக்காக நற்சொல் கேட்டு நின்றனர்.\n\nஅங்கு, சிறு தாம்புக் கயிற்றால் கட்டப்பட்ட இளங்கன்று பசியால் வாடிக்கொண்டிருந்தது. அதன் வருத்தத்தை ஓர் இடைமகள் கண்டாள். குளிர்தாங்காமல் கைகளைக் கட்டியபடி நின்ற அவள், “புல்லை மேய்ந்து உன் தாய்மார் வளைந்த கத்தியை உடைய கம்பைக் கொண்ட எம் இடையர் ஓட்டிவர இப்போது வந்துவிடுவர், வருந்தாதே” என்றாள். இது நல்ல சொல் எனக்கொண்டு முதுபெண்கள் தலைவியிடம் நற்சொல்லை நாங்கள் கேட்டோம் என்று கூறினர். இவ்வாறு தலைவன் வருகை குறித்து முதுபெண்டிர் விரிச்சி கேட்டு நின்றனர்.\n\n“மூதூர்” என்ற சொல் பண்புத்தொகை. “மூ+தூர்=மூதூர்”. “மு” என்பது பண்பு. “தூர்” என்பது பெயர். மூதூர் என்பது முதுமையான ஊர்."
  },
  {
    "description": "“நற்சொல் கேட்டல்” என்ற செயலின் நோக்கம் என்ன?",
    "options": [
      "சந்தோஷப்படுதல்",
      "தகவல் பெறுதல்",
      "தலைவனின் வருகை பற்றி அறிதல்",
      "இறைவனைப் புகழ்வது"
    ],
    "answer": "C",
    "additional_context": "இந்தக் கவிதைப் பாடல், அகன்ற உலகத்தை வளைத்துப் பெருமழை பொழிகிறது எனப் பாடுகிறது. வலம்புரி சங்கு பொறித்த கைகளையுடைய திருமால், குறுகிய வடிவம் கொண்டு மாவலி மன்னன் நீர் வார்த்துத் தரும்பொழுது, மண்ணுக்கும் விண்ணுக்குமாகப் பேருருவம் எடுத்து உயர்ந்து நிற்பது போன்றுள்ளது மழைமேகம்.  அம்மேகம், ஒலிக்கும் கடலின் குளிர்நீரைப் பருகிப் பெருந்தோற்றம் கொண்டு, வலமாய் எழுந்து, மலையைச் சூழ்ந்து, விரைந்த வேகத்துடன் பெருமழையைப் பொழிகிறது. துன்பத்தைச் செய்கின்ற அம்மாலைப்பொழுதில், முதிய பெண்கள் மிகுந்த காவலையுடைய ஊர்ப்பக்கம் சென்றனர். யாழிசை போன்று ஒலிக்கும் வண்டுகள் சூழ்ந்து ஆரவாரிக்கும் நறுமணம் கொண்ட அரும்புகள்; அந்த மலர்ந்த முல்லைப் பூக்களோடு நாழியில் கொண்டு வந்த நெல்லையும் சேர்த்துத் தெய்வத்தின்முன் தூவினர். பிறகு தெய்வத்தைத் தொழுது, தலைவிக்காக நற்சொல் கேட்டு நின்றனர்.\n\nஅங்கு, சிறு தாம்புக் கயிற்றால் கட்டப்பட்ட இளங்கன்று பசியால் வாடிக்கொண்டிருந்தது. அதன் வருத்தத்தை ஓர் இடைமகள் கண்டாள். குளிர்தாங்காமல் கைகளைக் கட்டியபடி நின்ற அவள், “புல்லை மேய்ந்து உன் தாய்மார் வளைந்த கத்தியை உடைய கம்பைக் கொண்ட எம் இடையர் ஓட்டிவர இப்போது வந்துவிடுவர், வருந்தாதே” என்றாள். இது நல்ல சொல் எனக்கொண்டு முதுபெண்கள் தலைவியிடம் நற்சொல்லை நாங்கள் கேட்டோம் என்று கூறினர். இவ்வாறு தலைவன் வருகை குறித்து முதுபெண்டிர் விரிச்சி கேட்டு நின்றனர்.   \n\n“நற்சொல் கேட்டல்”  என்ற செயலின் நோக்கம் தலைவனின் வருகை பற்றி அறிதல். முதுபெண்கள் தலைவன் வருகை பற்றி அறிந்துகொள்வதற்காக நற்சொல் கேட்கிறார்கள்."
  }
]
