
[
  {
    "description": "“கோல்டு பிஸ்கட்” என்ற சொல்லைத் தமிழில் என்ன சொல்லலாம்?",
    "options": [
      "தங்கக் கட்டி",
      "வெள்ளிக் கட்டி",
      "பொன் கட்டி",
      "நகை"
    ],
    "answer": [
      "A"
    ],
    "additional_context": "உங்களிடம் ஏழு கோல்டு பிஸ்கட் உள்ளது. அதில் ஒன்று மட்டும் எடை குறைவானது. உங்களிடம் உள்ள ஒரு தராசை இரு முறைகள் மட்டுமே யூஸ் பண்ணி வெயிட் குறைந்த கோல்டு பிஸ்கட்டைக் கண்டுபிடிக்கவும்."
  },
  {
    "description": "“யூஸ் பண்ணி” என்ற சொல்லுக்குத் தமிழில் சமமான சொல் எது?",
    "options": [
      "பயன்படுத்தி",
      "வாங்கி",
      "பழகி",
      "உபயோகப்படுத்தி"
    ],
    "answer": [
      "D"
    ],
    "additional_context": "உங்களிடம் ஏழு கோல்டு பிஸ்கட் உள்ளது. அதில் ஒன்று மட்டும் எடை குறைவானது. உங்களிடம் உள்ள ஒரு தராசை இரு முறைகள் மட்டுமே யூஸ் பண்ணி வெயிட் குறைந்த கோல்டு பிஸ்கட்டைக் கண்டுபிடிக்கவும்."
  },
  {
    "description": "“வெயிட் குறைந்த” என்ற சொல்லுக்குத் தமிழில் என்ன சொல்லலாம்?",
    "options": [
      "எடை குறைந்த",
      "லேசான",
      "சிறிய",
      "மெல்லிய"
    ],
    "answer": [
      "A"
    ],
    "additional_context": "உங்களிடம் ஏழு கோல்டு பிஸ்கட் உள்ளது. அதில் ஒன்று மட்டும் எடை குறைவானது. உங்களிடம் உள்ள ஒரு தராசை இரு முறைகள் மட்டுமே யூஸ் பண்ணி வெயிட் குறைந்த கோல்டு பிஸ்கட்டைக் கண்டுபிடிக்கவும்."
  },
  {
    "description": "“ஈக்வலாக” என்ற சொல்லுக்குத் தமிழில் என்ன சொல்லலாம்?",
    "options": [
      "சமமாக",
      "அதிகமாக",
      "குறைவாக",
      "வேறுபட்ட"
    ],
    "answer": [
      "A"
    ],
    "additional_context": "தராசின் இரண்டு தட்டுகளிலும் மூன்று மூன்று கோல்டு பிஸ்கட்டுகளை வையுங்கள். இரண்டு தட்டுகளும் ஈக்வலாக இருந்தால், கையில் மிச்சம் உள்ள பிஸ்கட்டே வெயிட் குறைவானது."
  },
  {
    "description": "“ரிப்பீட்” என்ற சொல்லுக்குத் தமிழில் சமமான சொல் எது?",
    "options": [
      "மீண்டும்",
      "முடிவு",
      "ஆரம்பம்",
      "மாற்று"
    ],
    "answer": [
      "A"
    ],
    "additional_context": "அந்த மூன்று பிஸ்கட்டுகளை மட்டும் எடுத்துவைத்துக்கொள்ளுங்கள். இரண்டு தட்டுகளிலும் ஒரு ஒரு பிஸ்கட்டைப் போட்டு இதே எக்ஸ்பெரிமெண்ட்டை ரிப்பீட் செய்து ஆன்சரைக் கண்டுபிடியுங்கள்!"
  }
]
