
[
  {
    "description": "மலைபடுகடாம் பாடலில்   ____________   என்னும் சொல்   சொல்லிசை  அளபெடையாக   பயன்படுத்தப்பட்டுள்ளது.",
    "options": [
      "அசைஇ",
      "கெழீஇ",
      "மலைந்து",
      "அல்கி"
    ],
    "answer": "A",
    "additional_context": "மலைபடுகடாம் பாடலில் \"அசைஇ\" எனும் சொல் சொல்லிசை அளபெடையாக பயன்படுத்தப்பட்டுள்ளது. அசைஇ என்ற சொல் இளைப்பாறி, தங்கி என்ற பொருளில் இப்பாடலில் பயன்படுத்தப்பட்டுள்ளது. இது தவிர \"கெழீஇ\" எனும் சொல்லும் சொல்லிசை அளபெடையாக இப்பாடலில் பயன்படுத்தப்பட்டுள்ளது. இதன் பொருள் கேளாது என்று. இப்பாடலில் இந்த இரண்டு சொற்களும் அளபெடையாகப் பயன்படுத்தப்பட்டுள்ளன. அசைஇ என்ற சொல்லைப் பார்த்து இதற்கு சில இலக்கண உதாரணங்களும் தரப்பட்டுள்ளது. மலைந்து என்ற சொல் பகுபத உறுப்பிலக்கணம் மூலம் விளக்கப்பட்டுள்ளது."
  },
  {
    "description": "மலைபடுகடாம்   ____________   என்னும்   நூலின்   ஒரு பகுதி.",
    "options": [
      "நாலாயிரம்",
      "எட்டுத்தொகை",
      "பத்துப்பாட்டு",
      "திருமுறைகள்"
    ],
    "answer": "C",
    "additional_context": "மலைபடுகடாம் என்பது பத்துப்பாட்டு நூல்களில் ஒன்றாகும். 583 அடிகளைக் கொண்ட இது கூத்தராற்றுப்படை எனவும் அழைக்கப்படுகிறது. மலையை யானையாக உருவகம் செய்து மலையில் எழும் பலவகை ஓசைகளை அதன் மதம் என்று விளக்குவதால் இதற்கு மலைபடுகடாம் எனக் கற்பனை நயம் வாய்ந்த பெயர் சூட்டப்பட்டுள்ளது. நன்னன் என்னும் குறுநில மன்னனைப் பாட்டுடைத் தலைவனாகக் கொண்டு இரணிய முட்டத்துப் பெருங்குன்றூர் பெருங்கௌசிகனார் பாடியது மலைபடுகடாம்."
  }
]
