
[
  {
    "description": "கா.நமச்சிவாயர் பாடலில், தமிழ் மொழியின் எந்த இயல்பு குறிப்பிடப்படவில்லை?",
    "options": [
      "a) இனிமை",
      "b) தெளிவு",
      "c) சிறப்பு",
      "d) பழமை"
    ],
    "answer": "d",
    "additional_context": "கா.நமச்சிவாயர் எழுதிய “நயம் பாராட்டுக” என்ற பாடல் இடம்பெற்றுள்ளது.  இப்பாடலில், தமிழ் மொழியின் இனிமை, தெளிவு, சிறப்பு ஆகியவை குறிப்பிடப்பட்டுள்ளன. ஆனால் தமிழ் மொழியின் பழமை பற்றி எதுவும் குறிப்பிடப்படவில்லை."
  },
  {
    "description": "'வள்ளல் குமணன் தனது தலையைக் கொடுத்து **மங்காப்** புகழ் பெற்றான்' என்ற தொடரில் 'மங்காப்' என்ற சொல்லுக்குப் பதிலாக வேறு எந்தச் சொல்லைப் பயன்படுத்தலாம்?",
    "options": [
      "a)  நிலையான",
      "b)  அழியாத",
      "c)  புகழ்பெற்ற",
      "d)  பிரபலமான"
    ],
    "answer": "b",
    "additional_context": "வள்ளல் குமணன் வறுமையால் வாடிவந்த புலவனுக்குத் தனது தலையைக் கொடுத்து  மங்காப் புகழ் பெற்றான் என்ற வாக்கியத்தில் மங்காப் என்ற சொல்லுக்குப் பதிலாக அழியாத என்ற சொல்லைப் பயன்படுத்தலாம்.  இதன் பொருள் குமணன் பெற்ற புகழ் என்றும் அழியாத என்றும் அர்த்தமாகும்."
  }
]
