
[
  {
    "description": "காசிக்காண்டத்தில் இல்லற ஒழுக்கத்திற்கான பாடல் எது?",
    "options": [
      "17-வது பாடல்",
      "21-வது பாடல்",
      "12-வது பாடல்",
      "27-வது பாடல்"
    ],
    "answer": "A",
    "additional_context": "காசிக்காண்டம் நூலில் துறவு, இல்லறம், பெண்களுக்குரிய பண்புகள், வாழ்வியல் நெறிகள், மறுவாழ்வில் அடையும் நன்மைகள் ஆகியவற்றைப் பாடுவதாக அமைந்துள்ளது. 'இல்லொழுக்கங் கூறிய' பகுதியிலுள்ள பதினேழாவது பாடல் பாடப்பகுதியாக இடம்பெற்றுள்ளது."
  },
  {
    "description": "பாடலில் உள்ள 'நன்மொழி' என்ற சொல் எந்த இலக்கண வகையைச் சார்ந்தது?",
    "options": [
      "பகுபத உறுப்பிலக்கணம்",
      "வினைத்தொகை",
      "பண்புத்தொகை",
      "இனத்தொகை"
    ],
    "answer": "A",
    "additional_context": "பாடலில் 'நன்மொழி' என்ற சொல் 'நன் + மொழி' எனப் பிரிக்கப்பட்டு உருவாகியுள்ளது. இவ்வாறு பிரிக்கப்பட்டு உருவாகும் சொற்கள் பகுபத உறுப்பிலக்கணம் வகையைச் சார்ந்தவை."
  },
  {
    "description": "பாடலில் 'வியத்தல்', 'நோக்கல்', 'எழுதல்' ஆகிய சொற்கள் எந்த இலக்கண வகையைச் சார்ந்தது?",
    "options": [
      "பகுபத உறுப்பிலக்கணம்",
      "வினைத்தொகை",
      "பண்புத்தொகை",
      "இனத்தொகை"
    ],
    "answer": "C",
    "additional_context": "'வியத்தல்', 'நோக்கல்', 'எழுதல்' ஆகிய சொற்கள் தொழிற்சொல்லிலிருந்து உருவாகியுள்ளன. இவ்வாறு உருவாகும் சொற்கள் பண்புத்தொகை வகையைச் சார்ந்தவை."
  },
  {
    "description": "'காசிக்காண்டம்' நூலின் மற்றொரு பெயர் என்ன?",
    "options": [
      "நறுந்தொகை",
      "வெற்றி வேற்கை",
      "நைடதம்",
      "திருக்கருவை அந்தாதி"
    ],
    "answer": "B",
    "additional_context": "காசிக்காண்டம் நூலை 'வெற்றி வேற்கை' என்றும் அழைப்பர்."
  },
  {
    "description": "'சீவலமாறன்' என்ற பட்டப்பெயர் எந்த நூலாசிரியருக்கு உண்டு?",
    "options": [
      "கம்பர்",
      "அதிவீரராம பாண்டியர்",
      "ஔவை",
      "திருவள்ளுவர்"
    ],
    "answer": "B",
    "additional_context": "அதிவீரராம பாண்டியர் இயற்றிய நூல் காசிக்காண்டம். இவரின் மற்றொரு நூலான வெற்றி வேற்கை என்றழைக்கப்படும் நறுந்தொகை சிறந்த அறக்கருத்துகளை எடுத்துரைக்கிறது. சீவலமாறன் என்ற பட்டப்பெயரும் இவருக்கு உண்டு."
  }
]
