[
          
  {
    
          "description": "பூரணர் இராமானுசரை எதற்காக வரச் சொன்னார்?",
          "options": [
      "திருமந்திரத் திருவருள் பெற",
      "தனது மகனை இராமானுசரிடம் ஒப்படைக்க",
      "தனது கடைசி நாளில் ஆசீர்வாதம் பெற",
      "தனது இல்லத்துக்குப் பணியாளராக வேலைக்கு"
    ],
    "answer": "A",
    
          "additional_context": "இராமானுசர் தனது சீடர்களான கூரேசர் மற்றும் முதலியாண்டான் அவர்களுடன் பூரணர் இல்லத்திற்கு வந்திருக்கிறார்கள். அவர்களைப் பார்த்து பூரணர், தண்டு மற்றும் கொடியுடன் இராமானுசரை மட்டும் தான் வரச் சொன்னதாகக் கூறுகிறார்."
          }
        ,
          
  {
    
          "description": "இராமானுசர் திருமந்திரத்தைப் பொதுமக்களுக்குக் கூறியதற்கு பூரணரின் சீடர் எவ்வாறு பிரதிபலித்தார்?",
          "options": [
      "பூரணரின் கோபத்தைப் பற்றி எச்சரித்தார்",
      "இராமானுசரைப் பாராட்டி, சீடர்களுடன் இணைந்து கொண்டார்",
      "இராமானுசரை சிறை பிடிக்க முயன்றார்",
      "இராமானுசரின் செயலை தவறெனக் கருதி, பொதுமக்களிடம் எதிர்ப்பு தெரிவித்தார்"
    ],
    "answer": "A",
    
          "additional_context": "இராமானுசர் திருமந்திரத்தை பொதுமக்களுக்கு கூறியதை பூரணரின் சீடர் பார்த்து, பூரணர் கோபப்படுவார் என்று எச்சரிக்கிறார்.  அதுமட்டுமல்லாமல் அவர் இராமானுசரை பூரணரின் இல்லத்துக்கு அழைத்துச் செல்ல சொல்கிறார்."
          }
        ,
          
  {
    
          "description": "பூரணர் இராமானுசரை 'எம் பெருமான்' என்று அழைப்பதற்கான காரணம் என்ன?",
          "options": [
      "இராமானுசர் தனது மகனை இராமானுசரிடம் ஒப்படைத்ததால்",
      "இராமானுசர் பூரணர் கூறிய ஆசிரியர் கட்டளையை மீறியதால்",
      "இராமானுசர் திருமந்திரத்தைப் பொதுமக்களுக்குக் கூறியதால்",
      "இராமானுசர் பரந்த அருள் உள்ளத்தைக் கொண்டவர் என்பதைக் கண்டு"
    ],
    "answer": "D",
    
          "additional_context": "இராமானுசரின் செயல்பாடுகள் மற்றும்  அவருடைய அருள் உள்ளத்தைப் பார்த்து  பூரணர்  'எம் பெருமான்' என்று அழைக்கிறார்."
          }
        ,
          
  {
    
          "description": "பூரணர் இராமானுசருக்குக் கூறிய திருமந்திரத்தின் மறைபொருள் என்ன?",
          "options": [
      "நாராயணனின் திருப்பாதங்களைப் புகலிடமாகக் கொள்ள வேண்டும்",
      "திருமகளுடன் சேர்ந்த நாராயணனை வணங்க வேண்டும்",
      "பிறவிப்பிணியை நீக்கி முக்தி பெறலாம்",
      "மேற்கண்ட அனைத்தும் சரியானவை"
    ],
    "answer": "D",
    
          "additional_context": "பூரணர் இராமானுசருக்குக் கூறிய திருமந்திரத்தின் மறைபொருள் 'திருமகளுடன் கூடிய நாராயணனின் திருப்பாதங்களைப் புகலிடமாகக் கொள்கிறேன். திருவுடன் சேர்ந்த நாராயணனை வணங்குகிறேன்.' இந்த மந்திரத்தின் மூலம் நாராயணனின் திருப்பாதங்களைப் புகலிடமாகக் கொண்டு வணங்குவது பிறவிப்பிணியை நீக்கி முக்தி பெற வழி வகுக்கும்."
          }
        ,
          
  {
    
          "description": "'நாளுக்கு ஒருமுறை மலர்வது சண்பகம்... அதைப்போல் நம் தலைமுறைக்கு ஒரு முறை பிறப்பவர்கள் ஞானிகள்' - இந்த வாக்கியத்தின் மூலம் நாடகம் என்ன கருத்து சொல்ல விரும்புகிறது?",
          "options": [
      "ஞானிகள் அரிதானவர்கள்",
      "ஞானிகள் தங்களது அறிவைப் பகிர்ந்து கொள்ள வேண்டும்",
      "இராமானுசர் ஒரு பெரிய ஞானி",
      "அனைவரும் ஞானிகளாகப் பிறக்க முடியும்"
    ],
    "answer": "A",
    
          "additional_context": "நாடகத்தின் ஆரம்பத்தில், 'நாளுக்கு ஒருமுறை மலர்வது சண்பகம். ஆண்டுக்கு ஒருமுறை மலர்வது பிரம்ம கமலம். பன்னிரண்டு ஆண்டுக்கு ஒரு முறை மலர்வது குறிஞ்சி. தலைமுறைக்கு ஒரு முறை மட்டுமே மலர்வது மூங்கில். அதைப்போல் நம் தலைமுறைக்கு ஒரு முறை பிறப்பவர்கள் ஞானிகள்.' என்ற வரிகள் வழியாக ஞானிகள் என்பவர்கள் அரிதானவர்கள் என்று கருத்து தெரிவிக்கப்படுகிறது."
          }
        ]