
[
  {
    "description": "'முத்தமிழே' எனக் குறிப்பிடப்படும் மூன்று தமிழ்கள் எவை?",
    "options": [
      "இலக்கியம், இசை, ஓவியம்",
      "இலக்கியம், நாடகம், கலை",
      "இலக்கியம், கல்வி, கலை",
      "இலக்கியம், இசை, நாடகம்"
    ],
    "answer": "D",
    "additional_context": "தமிழ் மொழியை உலக மொழிகளில் உயர்ந்ததாக போற்றி வளர்த்தவை மூன்று தமிழ்கள். அவை இலக்கியம், இசை, நாடகம். மூவேந்தர்களால் போற்றி வளர்க்கப்பட்ட முத்தமிழே, உலக மொழிகளில் உயர்ந்ததென்ற செம்மாந்த கூற்றிற்கு, தமிழ் இலக்கியங்களில் அமைந்துள்ள இருதிணை அமைப்பே காரணமாகும்."
  },
  {
    "description": "'இருதிணை அமைப்பு' தமிழ் இலக்கியங்களுக்கு என்ன சிறப்பைத் தருகிறது?",
    "options": [
      "தமிழ் இலக்கியங்களின் நயத்தை உயர்த்துகிறது",
      "உலக மொழிகளில் தமிழின் உயர்வை நிரூபிக்கிறது",
      "தமிழின் முழுமையான தன்மையை எடுத்துக்காட்டுகிறது",
      "மேற்கண்ட அனைத்தும்"
    ],
    "answer": "D",
    "additional_context": "தமிழ் மொழியை உலக மொழிகளில் உயர்ந்ததாக போற்றி வளர்த்தவை மூன்று தமிழ்கள். அவை இலக்கியம், இசை, நாடகம். மூவேந்தர்களால் போற்றி வளர்க்கப்பட்ட முத்தமிழே, உலக மொழிகளில் உயர்ந்ததென்ற செம்மாந்த கூற்றிற்கு, தமிழ் இலக்கியங்களில் அமைந்துள்ள இருதிணை அமைப்பே காரணமாகும்."
  },
  {
    "description": "'முப்பாலை' என குறிப்பிடப்படும் மூன்று பாலைகள் யாவை?",
    "options": [
      "குறிஞ்சி, முல்லை, மருதம்",
      "குறிஞ்சி, பாலை, மருதம்",
      "குறிஞ்சி, பாலை, நெய்தல்",
      "குறிஞ்சி, முல்லை, நெய்தல்"
    ],
    "answer": "A",
    "additional_context": "முப்பாலை என்பது தமிழ் இலக்கியத்தில் பயன்படுத்தப்படும் ஒரு முக்கியமான கருத்து. இது குறிஞ்சி, முல்லை, மருதம் ஆகிய மூன்று பாலைகளை குறிக்கிறது. இவை இயற்கைப் பகுதிகளையும் அவற்றின் பண்பாடுகளையும் பிரதிபலிக்கின்றன."
  },
  {
    "description": "'பத்துப்பாட்டு' மற்றும் 'எட்டுத்தொகை' ஆகியவை தமிழ் இலக்கியத்தில் என்ன குறிக்கின்றன?",
    "options": [
      "சங்க இலக்கியங்களின் இரண்டு பிரிவுகள்",
      "சங்க இலக்கியங்களின் இரண்டு முக்கிய நூல் தொகுப்புகள்",
      "தமிழ் இலக்கியங்களின் பழமையான படைப்புகள்",
      "மேற்கண்ட அனைத்தும்"
    ],
    "answer": "D",
    "additional_context": "பத்துப்பாட்டு மற்றும் எட்டுத்தொகை ஆகியவை சங்க இலக்கியங்களின் இரண்டு முக்கிய நூல் தொகுப்புகள். இவை சங்க காலத்தின் இலக்கிய படைப்புகளை உள்ளடக்கியவை. இவை தமிழ் இலக்கியத்தின் பழமையான மற்றும் மதிப்புமிக்க படைப்புகளாக கருதப்படுகின்றன."
  },
  {
    "description": "'உழவுத் தொழிலுக்கு வந்தனை செய்வோம்' என்ற கட்டுரை எதில் வெளியிடப்பட வேண்டும்?",
    "options": [
      "செய்தித்தாள்",
      "இதழ்",
      "நாளிதழ்",
      "மேற்கண்ட அனைத்தும்"
    ],
    "answer": "D",
    "additional_context": "உழவுத் தொழிலுக்கு வந்தனை செய்வோம் என்ற கட்டுரை செய்தித்தாள், இதழ், நாளிதழ் போன்றவற்றில் வெளியிடப்படலாம். இதுபோன்ற கட்டுரைகள் அந்தந்த ஊரின் உள்ளூர் பிரச்சனைகளைப் பற்றியும், அதற்கான தீர்வுகளைப் பற்றியும் விவாதிக்கலாம்."
  }
]
