
[
  {
    "description": "மேற்கண்ட பகுதியில், \"கற்களெல்லாம் அடுத்தவேளை உணவுக்காக\" என்ற வரிக்கு என்ன பொருள்?",
    "options": [
      "கட்டுமானத் தொழிலாளர்கள் கற்களை எடுத்துச் செல்வது போல, வாழ்க்கைச் சுமைகளை எடுத்துச் செல்கிறார்கள்.",
      "கட்டுமானத்தில் பயன்படுத்தப்படும் கற்களைப் போலவே, வாழ்க்கைச் சுமைகள் கடினமானவை.",
      "கற்களை எடுத்துச் செல்வதன் மூலம், தொழிலாளர்கள் உணவைப் பெறுகிறார்கள்.",
      "அந்தப் பெண் கற்களால் கனவு காண்கிறாள்."
    ],
    "answer": "A",
    "additional_context": "நாகூர்ரூமி எழுதிய சித்தாளு கவிதையில் ஒரு சித்தாளி தனது கனவுகளைத் தொலைத்து, கற்களைச் சுமந்து தன் வாழ்வை ஓட்டிக் கொண்டிருக்கிறாள். வாழ்வின் கனவுகள் தலைக்கனம் செங்கற்களை அறியாது என்கிறது கவிதை. அந்த கனவுகள் எந்த அளவிற்கு கடினமானவை என்பதை  செங்கற்கள் புரிந்துகொள்ளாது.  வாழ்க்கையின் சுமைகளை எடுத்துச் செல்வது போல, அந்தப் பெண் கற்களை எடுத்துச் செல்கிறாள். அதாவது அந்தப் பெண்  தன் கனவுகளைத் தொலைத்துவிட்டாள். "
  },
  {
    "description": "மேற்கண்ட பகுதியில், \"சித்தாளின் மனச்சுமைகள் வாழ்வில் தலைக்கனம் செங்கற்கள் அறியாது\" என்ற வரிகள் குறிப்பிடுவது என்ன?",
    "options": [
      "சித்தாள்கள் தங்கள் உழைப்பின் மதிப்பை உணர்வதில்லை.",
      "செங்கற்கள் மனிதர்களின் மன உணர்வுகளைப் புரிந்து கொள்வதில்லை.",
      "சித்தாள்களின் வாழ்க்கைச் சுமைகள் எவ்வளவு கடினமானவை என்பதை செங்கற்கள் அறியாது.",
      "சித்தாள்கள் செங்கற்களைப் பயன்படுத்தி கனவுகள் காண்கிறார்கள்."
    ],
    "answer": "C",
    "additional_context": "நாகூர்ரூமி எழுதிய சித்தாளு கவிதையில் ஒரு சித்தாளி தனது கனவுகளைத் தொலைத்து, கற்களைச் சுமந்து தன் வாழ்வை ஓட்டிக் கொண்டிருக்கிறாள். வாழ்வின் கனவுகள் தலைக்கனம் செங்கற்களை அறியாது என்கிறது கவிதை. அந்த கனவுகள் எந்த அளவிற்கு கடினமானவை என்பதை  செங்கற்கள் புரிந்துகொள்ளாது.  வாழ்க்கையின் சுமைகளை எடுத்துச் செல்வது போல, அந்தப் பெண் கற்களை எடுத்துச் செல்கிறாள். அதாவது அந்தப் பெண்  தன் கனவுகளைத் தொலைத்துவிட்டாள். "
  },
  {
    "description": "நாகூர்ரூமி எந்த இதழில் எழுதத் தொடங்கினார்?",
    "options": [
      "மீட்சி",
      "சுபமங்களா",
      "புதிய பார்வை",
      "கணையாழி"
    ],
    "answer": "D",
    "additional_context": "நாகூர்ரூமி  எழுத்தாளர். இவர்  எண்பதுகளில் கணையாழி இதழில் எழுதத் தொடங்கியவர்.  "
  },
  {
    "description": "நாகூர்ரூமி எத்தனை கவிதைத் தொகுதிகளை வெளியிட்டுள்ளார்?",
    "options": [
      "ஒன்று",
      "இரண்டு",
      "மூன்று",
      "நான்கு"
    ],
    "answer": "C",
    "additional_context": "நாகூர்ரூமி   இதுவரை நதியின் கால்கள், ஏழாவது சுவை, சொல்லாத சொல் ஆகிய மூன்று கவிதைத் தொகுதிகளை வெளியிட்டுள்ளார். "
  },
  {
    "description": "கவிதைப் பகுதியில் \"அடுக்குமாடி அலுவலகம்\" என்பதற்கு எதிராக என்ன கூறப்படுகிறது?",
    "options": [
      "அடுக்குமாடி அலுவலகங்கள் ஏழைகளின் வாழ்வைப் பிரதிபலிக்கின்றன.",
      "அடுக்குமாடி அலுவலகங்கள் மனித வாழ்க்கையின் கனவுகளை நிறைவேற்றுகின்றன.",
      "அடுக்குமாடி அலுவலகங்கள் ஏழைகளின் துன்பத்தை மறைக்கின்றன.",
      "அடுக்குமாடி அலுவலகங்கள் மனித வாழ்வை எளிதாக்குகின்றன."
    ],
    "answer": "C",
    "additional_context": "நாகூர்ரூமி எழுதிய சித்தாளு கவிதையில் ஒரு சித்தாளி தனது கனவுகளைத் தொலைத்து, கற்களைச் சுமந்து தன் வாழ்வை ஓட்டிக் கொண்டிருக்கிறாள். வாழ்வின் கனவுகள் தலைக்கனம் செங்கற்களை அறியாது என்கிறது கவிதை. அந்த கனவுகள் எந்த அளவிற்கு கடினமானவை என்பதை  செங்கற்கள் புரிந்துகொள்ளாது.  வாழ்க்கையின் சுமைகளை எடுத்துச் செல்வது போல, அந்தப் பெண் கற்களை எடுத்துச் செல்கிறாள். அதாவது அந்தப் பெண்  தன் கனவுகளைத் தொலைத்துவிட்டாள். "
  }
]
