
[
  {
    "description": "“தொலைகிற பீடை சீக்கிரமா தொலையட்டும்” என்று சொல்லி என் மனப் பாரத்தைச் சிறிது இறக்கி வைத்தேன்.",
    "options": [
      "இரக்கம்",
      "மகிழ்ச்சி",
      "வெறுப்பு",
      "பயம்"
    ],
    "answer": [
      "C"
    ],
    "additional_context": "கதையின் நாயகன், அவனுக்கு வீட்டில் இடம் கொடுத்துக் கொண்டிருக்கும் தங்கவேலுவின் மனைவியின் இரக்கத்தைப் பார்த்து வெறுப்பு அடைகிறான். வீட்டிலிருந்து விரட்டுவதற்காகவே அந்தப் பெண்ணின் மனதில்  இரக்கம் காட்டப்பட்டுக்கொண்டிருப்பதாக அவன் நினைக்கிறான். இந்தப் பீடை சீக்கிரமாக  தொலையட்டும் என்று சொல்லி மனப் பாரத்தை இறக்கி வைக்கிறான்.  நகைச்சுவையாகப் பேசினாலும் நாயகனின்  மனம் அவனால் விரட்டப்பட்டுக்கொண்டிருக்கும் குப்புசாமியைப் பார்த்து  மனம் வெறுப்பே அடைகிறது."
  },
  {
    "description": "“என் உயிர் நண்பன் குப்புசாமிக்கு எழுதிக்கொண்டது. நீ இங்கிருந்து போனதிலிருந்து என் உயிர் இங்கே இல்லை. சதா உன் ஞாபகமாகத்தான் இருக்கிறேன்.”",
    "options": [
      "நெருங்கிய நட்பு",
      "அவமதிப்பு",
      "பொறாமை",
      "அலட்சியம்"
    ],
    "answer": [
      "A"
    ],
    "additional_context": "குப்புசாமியின் நண்பன் வீரப்பன் அந்தக் கடிதத்தில் இவ்வாறு குறிப்பிடுகிறான். குப்புசாமி மீது அவனுக்கு  மிகுந்த நெருங்கிய நட்பு இருப்பதைப் புரிய  வைக்கிறது."
  },
  {
    "description": "“பழங்கள் வாங்கக் கடைத்தெருவுக்குப் போனேன்.”",
    "options": [
      "குப்புசாமியின் மீது அவர் இரக்கம் கொண்டார்",
      "குப்புசாமியின் மீது அவருக்குப் பயம் ஏற்பட்டது",
      "குப்புசாமியைப் பற்றிய அவருடைய கவலை நீங்கியது",
      "குப்புசாமியிடம் அவருக்கு அன்பு ஏற்பட்டது"
    ],
    "answer": [
      "D"
    ],
    "additional_context": "குப்புசாமியின் நண்பன்  வீரப்பனின்  கடிதத்தைப் படித்தபின் நாயகன் குப்புசாமியைப் பார்க்க ஆசுபத்திரிக்குப் போக வேண்டும் என்று  ஆசைப்படுகிறான். குப்புசாமியைப் பார்க்க வேண்டும் என்ற அவா  நாயகனின் மனதில்  உருவாகியிருக்கிறது.  வீரப்பனின்  கடிதம்  நாயகனின்  மனத்தில்   அன்பான  உணர்வை  தூண்டியிருக்கிறது."
  },
  {
    "description": "“கு. அழகிரிசாமி, அரசுப்பணியை உதறிவிட்டு முழுதாக எழுத்துப்பணியை மேற்கொண்டவர்; மென்மையான நகைச்சுவையும் சோக இழையும் ததும்பக் கதைகளைப் படைப்பதில் பெயர் பெற்றவர்...”",
    "options": [
      "நகைச்சுவை மிகுந்த எழுத்து",
      "சோகமான எழுத்து",
      "நகைச்சுவை மற்றும் சோக இழை கலந்த எழுத்து",
      "கரிசல் எழுத்து"
    ],
    "answer": [
      "C"
    ],
    "additional_context": "கு. அழகிரிசாமி என்பவர் அரசுப்பணியை விட்டுவிட்டு எழுத்துப் பணியில் ஈடுபட்டவர். மென்மையான நகைச்சுவையும் சோக இழையும் ததும்பக் கதைகளை எழுதுவதில் பெயர் பெற்றவர்."
  },
  {
    "description": "கதையின் துவக்கத்தில் “துணையின்றி வாழும் நிலை இரங்கத்தக்கது!” எனக் கூறப்படுகிறது. இதன் மூலம் கதை சொல்லும் நபர் என்ன உணர்த்த விரும்புகிறார்?",
    "options": [
      "மனித வாழ்க்கையில் துணை இல்லாமல் வாழ்வது கடினம் என்பதை",
      "மனித வாழ்க்கைக்கு துணையே மிக முக்கியமானது என்பதை",
      "துணை இல்லாதவர்களை நாம் அலட்சியம் செய்யக்கூடாது என்பதை",
      "மேற்கண்ட அனைத்தும்"
    ],
    "answer": [
      "D"
    ],
    "additional_context": "துணையின்றி வாழும் நிலை இரங்கத்தக்கது!  என்பதை  கதை சொல்லும் நபர்  மிகத் தெளிவாக  உணர்த்துகிறான்.  சமூகத்திற்கும்  மனிதர்களுக்கும்  ஒரு  துணை  எப்போதும் தேவை. துணை இல்லாமல் வாழும் நிலை  மிகவும் கடினமானது. துணை இல்லாதவர்களை நாம் அலட்சியம் செய்யக்கூடாது."
  }
]
