
[
  {
    "description": "“இலக்கண முறையுடன் பிழையின்றிப் பேசுவதும் எழுதுவதும்” எதுவாகும்?",
    "options": [
      "வழு",
      "வழுவமைதி",
      "வழாநிலை",
      "திணை"
    ],
    "answer": "C",
    "additional_context": "இலக்கணம் என்பது மொழியின் வடிவமைப்பைப் பற்றியது. மொழி அமைப்பின் பகுதிகளாகிய திணை, பால், இடம், காலம் ஆகியவற்றை சரியான இடத்தில் பயன்படுத்துவது இலக்கணம்.  சரியான இடத்தில் சரியான வார்த்தைகளைப் பயன்படுத்தும்போது மொழி பிழையின்றி இருக்கும். அதுதான் வழாநிலை. அதாவது, இலக்கண முறையுடன் பிழையின்றிப் பேசுவதும் எழுதுவதும். "
  },
  {
    "description": "“இலக்கணமுறையின்றிப் பேசுவதும் எழுதுவதும்” எதுவாகும்?",
    "options": [
      "வழு",
      "வழுவமைதி",
      "வழாநிலை",
      "திணை"
    ],
    "answer": "A",
    "additional_context": "இலக்கணம் என்பது மொழியின் வடிவமைப்பைப் பற்றியது. மொழி அமைப்பின் பகுதிகளாகிய திணை, பால், இடம், காலம் ஆகியவற்றை சரியான இடத்தில் பயன்படுத்துவது இலக்கணம்.  சரியான இடத்தில் சரியான வார்த்தைகளைப் பயன்படுத்தாவிட்டால் மொழி பிழையாகும். அதுதான் வழு. அதாவது, இலக்கணமுறையின்றிப் பேசுவதும் எழுதுவதும்."
  },
  {
    "description": "“கண்ணகி உண்டான்” என்ற தொடர் எந்த வழுவாகும்?",
    "options": [
      "திணை வழு",
      "பால் வழு",
      "இட வழு",
      "கால வழு"
    ],
    "answer": "B",
    "additional_context": "இலக்கணப்படி, பெண்பால் வார்த்தைக்கு ஆண்பால் வினை பயன்படுத்தக் கூடாது. இங்கே ‘கண்ணகி’ என்பது பெண்பால்.  ‘உண்டான்’ என்பது ஆண்பால் வினை.  எனவே, ‘கண்ணகி உண்டான்’ என்பது பால் வழு."
  },
  {
    "description": "“மாறன் என்பான் தன்னைப் பற்றிப் பிறரிடம் கூறும்போது,”இந்த மாறன் ஒருநாளும் பொய் கூறமாட்டான்” என, தன்மையினைப் படர்க்கை இடத்தில் கூறுவது” எந்த வழுவமைதி?",
    "options": [
      "திணை வழுவமைதி",
      "பால் வழுவமைதி",
      "இட வழுவமைதி",
      "கால வழுவமைதி"
    ],
    "answer": "C",
    "additional_context": "மாறன் தன்னைப் பற்றிப் பேசும்போது ‘இந்த மாறன்...’ என்று தன்மையைப் படர்க்கை இடத்தில் பயன்படுத்தியுள்ளார். தன்மையினைப் படர்க்கை இடத்தில் பயன்படுத்துவது இலக்கணப்படி பிழையாகும். ஆனால் இது ஒரு மரபுசார்ந்த வழக்கம், சில சூழல்களில் ஏற்றுக் கொள்ளப்படுகிறது.  இந்த வழக்கத்தை இலக்கண ஆசிரியர்கள் வழுவமைதியாக ஏற்றுக் கொண்டுள்ளனர். "
  },
  {
    "description": "“குடியரசுத் தலைவர் நாளை தமிழகம் வருகிறார்” என்ற தொடர் எந்த வழுவமைதியைக் குறிக்கிறது?",
    "options": [
      "திணை வழுவமைதி",
      "பால் வழுவமைதி",
      "இட வழுவமைதி",
      "கால வழுவமைதி"
    ],
    "answer": "D",
    "additional_context": "குடியரசுத் தலைவர் நாளை தமிழகம் வருகிறார்.  இந்தத் தொடரில் நாளை வருவார் என்று சொல்ல வேண்டும். ஆனால் வருகிறார் என்று சொல்லியுள்ளனர்.  எனவே இது கால வழுவமைதி. கால வழுவமைதி என்பது இலக்கணப்படி பிழையாகும், ஆனால் சில சூழல்களில் ஏற்றுக் கொள்ளப்படுகிறது."
  }
]
