
[
  {
    "description": "_____ என்பது சிலப்பதிகாரம் மற்றும் மணிமேகலை ஆகியவற்றில் பயன்படுத்தப்பட்ட பா வகை.",
    "options": [
      "அ) அகவற்பா",
      "ஆ) வெண்பா",
      "இ) வஞ்சிப்பா",
      "ஈ) கலிப்பா"
    ],
    "answer": [
      "ஈ"
    ],
    "additional_context": "சிலப்பதிகாரம் மற்றும் மணிமேகலை ஆகிய இரண்டு நூல்களும் கலிப்பாவில் எழுதப்பட்டவை. அகவற்பா, வெண்பா, வஞ்சிப்பா போன்ற பாவகைகள் சிலப்பதிகாரம், மணிமேகலையில் இல்லை."
  },
  {
    "description": "\"கொள்வோர் கொள்க; குரைப்போர் குரைக்க! உள்வாய் வார்த்தை உடம்பு தொடாது\" என்ற அடியில் காணப்படும் அடியெதுகை ______.",
    "options": [
      "'கொ'",
      "'கு'",
      "'உ'",
      "'வ'"
    ],
    "answer": [
      "ஆ"
    ],
    "additional_context": "இந்த அடியில் கொள்வோர், குரைப்போர் என்று 'கொ' மற்றும் 'கு'  என்னும் எழுத்துக்கள் மீண்டும் மீண்டும் வந்துள்ளன. எனவே அந்த அடியில் 'கு'  என்னும் எழுத்து அடியெதுகையாகும்."
  },
  {
    "description": "\"______ கருதாமல் அறம் செய்வது\" என்பது மேன்மை தரும் அறம்.",
    "options": [
      "அ) பதிலுதவி",
      "ஆ) மறுபிறப்பு",
      "இ) புகழ்",
      "ஈ) கைமாறு"
    ],
    "answer": [
      "ஈ"
    ],
    "additional_context": "எந்த ஒரு எதிர்பார்ப்பும் இல்லாமல்,  கைமாறு எதிர்பாராமல்  செய்யப்படும் அறமே உண்மையான அறம்.  மறுபிறப்பு, பதிலுதவி  அல்லது  புகழை நோக்கி செயல்படும்  அறம்  உண்மையான அறம் அல்ல."
  },
  {
    "description": "'கொள்வோர் கொள்க; குரைப்போர் குரைக்க! உள்வாய் வார்த்தை உடம்பு தொடாது'",
    "options": [
      "அ) அடியெதுகை: 'கொ', 'கு'",
      "ஆ) இலக்கணக் குறிப்பு - கொள்க, குரைக்க: இவை 'கொள்' எனும் வினைமுற்றுத் தொடர்புப் பெயர்ச்சொல், 'குரை' எனும் வினைமுற்றுத் தொடர்புப் பெயர்ச்சொல்."
    ],
    "answer": [
      "அ",
      "ஆ"
    ],
    "additional_context": "இந்த அடியில் 'கொள்' எனும் வினைமுற்றுத் தொடர்புப் பெயர்ச்சொல், 'குரை' எனும் வினைமுற்றுத் தொடர்புப் பெயர்ச்சொல்  என்று பயன்படுத்தப்பட்டுள்ளது. 'கொ'  மற்றும் 'கு'  என்னும் எழுத்துக்கள் அடியெதுகையாகும்.   இவை  'கொள்' மற்றும் 'குரை'  என்னும் வினைச்சொற்களின் வினைமுற்றுத் தொடர்புப் பெயர்ச்சொற்களாகும்."
  },
  {
    "description": "குறள்வெண்பாவின் இலக்கணம்: நான்கு அடிகளைக் கொண்டது. ஒவ்வொரு அடியும் எட்டுசீர் வடிவிலும், இறுதி இரண்டு அடிகள் ஒரே சொல்லால் முடியுமாகவும் இருக்கும்.",
    "options": [
      "எடுத்துக்காட்டு:\n\"நீர்மை நீர்க்கும் நெஞ்சம் நிறைந்தோர்\nநீர்மையின் நீங்கிச் செல்லாரே\nநீர்மையின் நீங்கிச் செல்லாரே\nநெஞ்சம் நிறைந்தோர் நெஞ்சம் நிறைந்தோர்\""
    ],
    "answer": [
      "A"
    ],
    "additional_context": "குறள்வெண்பா என்பது  திருவள்ளுவர்  எழுதிய  திருக்குறள்  நூலில்  பயன்படுத்தப்படும்  பா வகை.  நான்கு அடிகளைக் கொண்ட  இந்த  பா,  ஒவ்வொரு அடியும் எட்டுசீர்  வடிவிலும், இறுதி  இரண்டு  அடிகள் ஒரே சொல்லால் முடியுமாகவும் இருக்கும்.  திருக்குறளில் உள்ள அனைத்து  குறள்களும்  குறள்வெண்பா  வடிவில்  எழுதப்பட்டவை."
  }
]
