
[
  {
    "description": "கீழ்க்கண்டவற்றுள் எந்த மலர் மக்களின் விருப்பத்தில் இடம்பெறவில்லை?",
    "options": [
      "இலுப்பைப் பூ",
      "பாதிரிப் பூ",
      "நெருஞ்சிப் பூ",
      "மூங்கில் பூ"
    ],
    "answer": "C",
    "additional_context": "பயன்பாடு, நாற்றம், மக்களது விருப்பில் இடம் பெறாமை, பொதுவில் ஒதுக்கப்பட்டமை கொண்டு மலரில் சில எளியவை ஆகின்றன. அவையாவன: நெருஞ்சி, எருக்கு, பூளை, குரீஇப் பூளை, வேளை, ஊமத்தம், கள்ளி, முருங்கை ."
  },
  {
    "description": "பூக்களில் அகவிதழ் முதலிய உறுப்புகள் இருந்தும் அவை புறத்தே காட்சிப்படாமல் உள்ளேயே பொதிந்திருக்கும் மலர்கள் எவை?",
    "options": [
      "சுள்ளி, பூளை",
      "கொழிஞ்சி, நெருஞ்சி",
      "பலா, அத்தி",
      "எருக்கு, வேளை"
    ],
    "answer": "C",
    "additional_context": "அகவிதழ் முதலிய உறுப்புகள் இருந்து அவை புறத்தே காட்சிப்படாமல் உள்ளேயே பொதிந்திருக்கும் மலர்கள்: அத்தி, ஆலம், கொழிஞ்சி, பலா."
  },
  {
    "description": "கரடிகள் எந்த மலரை உண்ணும்?",
    "options": [
      "பலா மலர்",
      "இலுப்பைப் பூ",
      "மூங்கில் பூ",
      "எருக்குப் பூ"
    ],
    "answer": "B",
    "additional_context": "இலுப்பைப் பூக்கள் இனிப்பானவை. கரடிகள் மரத்தின் மீதேறி அவற்றைப் பறித்து உண்ணும்."
  },
  {
    "description": "கீழ்க்கண்டவற்றுள் எந்த மலர் தன் மணத்தை குடிநீருக்கு ஏற்றும்?",
    "options": [
      "இலுப்பைப் பூ",
      "பாதிரிப் பூ",
      "மூங்கில் பூ",
      "எருக்குப் பூ"
    ],
    "answer": "B",
    "additional_context": "பாதிரிப் பூ குடிநீருக்குத் தன் மணத்தை ஏற்றும்."
  },
  {
    "description": "______________ மலர் மக்களின் விருப்பத்தில் இடம் பெறாது.",
    "options": [
      "இலுப்பை",
      "பாதிரி",
      "நெருஞ்சி",
      "மூங்கில்"
    ],
    "answer": "C",
    "additional_context": "பயன்பாடு, நாற்றம், மக்களது விருப்பில் இடம் பெறாமை, பொதுவில் ஒதுக்கப்பட்டமை கொண்டு மலரில் சில எளியவை ஆகின்றன. அவையாவன: நெருஞ்சி, எருக்கு, பூளை, குரீஇப் பூளை, வேளை, ஊமத்தம், கள்ளி, முருங்கை ."
  }
]
