[
          
  {
    
          "description": "'ஆறப்போடுதல்' என்ற மரபுத்தொடரின் பொருள் என்ன?",
          "options": [
      "மறந்துவிடுதல்",
      "கோபத்தை அடக்குதல்",
      "மனதை அமைதிப்படுத்துதல்",
      "பிரச்சினையைத் தீர்த்தல்"
    ],
    "answer": [
      "B"
    ],
    
          "additional_context": "சில சமயங்களில் நமக்கு கோபம் வரும். அப்போது அதைக் கட்டுப்படுத்தி மனதை அமைதிப்படுத்தி கொள்வது நல்லது. கோபத்தை கட்டுப்படுத்துவதற்கு 'ஆறப்போடுதல்' என்று கூறுகிறோம். 'ஆறப்போடுதல்' என்ற மரபுத்தொடர் கோபத்தை அடக்குதல் என்ற பொருளைத் தருகிறது."
          }
        ,
          
  {
    
          "description": "'தம்பீ? எங்க நிக்கிறே?' என்ற பேச்சு வழக்கை எழுத்து வழக்காக மாற்றுக.",
          "options": [
      "தம்பி! எங்கே நிற்கிறாய்?",
      "தம்பி, எங்கே நிற்கிறாய்?",
      "தம்பி! எங்கே நிற்கிறீங்க?",
      "தம்பி, எங்கே நிற்கிறீங்க?"
    ],
    "answer": [
      "B"
    ],
    
          "additional_context": "இந்த உரையாடலில் 'தம்பீ? எங்க நிக்கிறே?'  என்ற வாக்கியம் பேச்சு வழக்கில் பயன்படுத்தப்பட்டுள்ளது. இதனை எழுத்து வழக்கில் 'தம்பி, எங்கே நிற்கிறாய்?' என்று எழுத வேண்டும்."
          }
        ,
          
  {
    
          "description": "'அவன் பாட்டியோட வெளியூர் போயிருக்கான்' என்ற பேச்சு வழக்கை எழுத்து வழக்காக மாற்றுக.",
          "options": [
      "அவன் பாட்டியுடன் வெளியூர் போய் இருக்கிறான்",
      "அவன் பாட்டியோடு வெளியூர் போயிருக்கிறான்",
      "அவன் பாட்டி கூட வெளியூர் போயிருக்கிறான்",
      "அவன் பாட்டி கூட வெளியூர் போய் இருக்கிறான்"
    ],
    "answer": [
      "A"
    ],
    
          "additional_context": "இந்த உரையாடலில் 'அவன் பாட்டியோட வெளியூர் போயிருக்கான்'  என்ற வாக்கியம் பேச்சு வழக்கில் பயன்படுத்தப்பட்டுள்ளது. இதனை எழுத்து வழக்கில் 'அவன் பாட்டியுடன் வெளியூர் போய் இருக்கிறான்' என்று எழுத வேண்டும்."
          }
        ,
          
  {
    
          "description": "'ரொம்பச் சின்ன வயசுல பார்த்ததுண்ணே! அப்பம் அவனுக்கு மூணு வயசு இருக்கும்!' என்ற பேச்சு வழக்கை எழுத்து வழக்காக மாற்றுக.",
          "options": [
      "ரொம்பச் சின்ன வயசுல பார்த்தேன். அப்போ அவனுக்கு மூணு வயசு இருக்கும்",
      "ரொம்ப சின்ன வயசுல பார்த்தேன். அப்போ அவனுக்கு மூணு வயசு இருக்கும்",
      "ரொம்ப சின்ன வயசுல பார்த்தேன். அப்ப அவனுக்கு மூணு வயசு இருக்கும்",
      "ரொம்பச் சின்ன வயசுல பார்த்து இருந்தேன். அப்போ அவனுக்கு மூணு வயசு இருக்கும்"
    ],
    "answer": [
      "A"
    ],
    
          "additional_context": "இந்த உரையாடலில் 'ரொம்பச் சின்ன வயசுல பார்த்ததுண்ணே! அப்பம் அவனுக்கு மூணு வயசு இருக்கும்!'  என்ற வாக்கியம் பேச்சு வழக்கில் பயன்படுத்தப்பட்டுள்ளது. இதனை எழுத்து வழக்கில் 'ரொம்பச் சின்ன வயசுல பார்த்தேன். அப்போ அவனுக்கு மூணு வயசு இருக்கும்' என்று எழுத வேண்டும்."
          }
        ,
          
  {
    
          "description": "'சரி, போனை வையி. நாங் கௌம்பிட்டேன்...' என்ற பேச்சு வழக்கை எழுத்து வழக்காக மாற்றுக.",
          "options": [
      "சரி, போனை வை. நாங்கள் கிளம்பி விட்டோம்...",
      "சரி, போனை வை. நாங்கள் கிளம்பிட்டோம்...",
      "சரி, போனை வை. நாங்கள் கிளம்பி இருக்கிறோம்...",
      "சரி, போனை வை. நாங்கள் கிளம்பி இருந்தோம்..."
    ],
    "answer": [
      "A"
    ],
    
          "additional_context": "இந்த உரையாடலில் 'சரி, போனை வையி. நாங் கௌம்பிட்டேன்...'  என்ற வாக்கியம் பேச்சு வழக்கில் பயன்படுத்தப்பட்டுள்ளது. இதனை எழுத்து வழக்கில் 'சரி, போனை வை. நாங்கள் கிளம்பி விட்டோம்...' என்று எழுத வேண்டும்."
          }
        ]