
[
  {
    "description": "“ஏர் புதிதா?” கவிதை கு.ப.ராஜகோபாலனின் எந்த நூலில் இடம்பெற்றுள்ளது?",
    "options": [
      "கிராம ஊழியன்",
      "பாரதமணி",
      "கு.ப.ரா. படைப்புகள்",
      "தமிழ்நாடு"
    ],
    "answer": "C",
    "additional_context": "“ஏர் புதிதா?”  கவிதை கு.ப.ரா. படைப்புகள்  என்னும் நூலில்  இடம்பெற்றுள்ளது.  இந்த  கவிதை  கு.ப.ரா.  எழுதிய  கவிதை.  கு.ப.ரா.   மிகச்சிறந்த  சிறுகதை  ஆசிரியர்,  கவிஞர்,  நாடக  ஆசிரியர்,  மறுமலர்ச்சி  எழுத்தாளர்  எனப்  பன்முகம்  கொண்டவர்.   தமிழ்நாடு,   பாரதமணி,   பாரததேவி,   கிராம  ஊழியன்  ஆகிய  இதழ்களில்  ஆசிரியராகப்  பணிபுரிந்தார்.  இவரின்   மறைவுக்குப்   பின்னர்   இவரது   படைப்புகள்   நூல்களாகத்   தொகுக்கப்பட்டுள்ளன."
  },
  {
    "description": "கவிதை பாடல் வரிகளில், “பொன் ஏர் பூட்டுதல்” என்பது எந்த மாதத்தில் நடைபெறும் பண்பாட்டு நிகழ்வைக் குறிக்கிறது?",
    "options": [
      "ஆடி",
      "சித்திரை",
      "தை",
      "புரட்டாசி"
    ],
    "answer": "B",
    "additional_context": "கவிதைப் பாடல் வரிகளில்  “பொன் ஏர் பூட்டுதல்” என்பது சித்திரை  மாதத்தில்  நடைபெறும்   பண்பாட்டு   நிகழ்வைக்   குறிக்கிறது.   சங்கத்   தமிழரின்   திணைவாழ்வு,   வேளாண்மையை   அடிப்படையாகக்   கொண்டது.   உழுவோர்   உலகத்தார்க்கு   அச்சாணி   எனப்   போற்றப்பட்டனர்.   உழவே   தலையான   தொழில்   என்றாயிற்று.   உழவு,   தொழிலாக   இல்லாமல்   பண்பாடாகவும்   திகழ்ந்தது.   இன்று   உழுவோர்   அச்சாணி   என்ற   கருத்தைப்   புதுப்பிக்க   வேண்டிய   சூழல்   எழுந்துள்ளது.   உழவுண்டெனில்   உயர்வுண்டு   என்ற   குரல்   இன்றும்   தொடர்கிறது.   தமிழ்   மரபின்   'பொன்   ஏர்   பூட்டுதல்'   என்ற   பண்பாட்டு   நிகழ்வு   பல்கிப்   பெருக   முன்னத்தி   ஏராக   நாம்   முன்னிற்க   வேண்டும்."
  },
  {
    "description": "“ஏர் புதிதா?” கவிதை, தமிழரின் எந்த மரபு தொடர்பானது?",
    "options": [
      "கல்வி",
      "வேளாண்மை",
      "கலை",
      "இசை"
    ],
    "answer": "B",
    "additional_context": "“ஏர் புதிதா?” கவிதை   தமிழரின்   வேளாண்மை   மரபு   தொடர்பானது.    சங்கத்   தமிழரின்   திணைவாழ்வு,   வேளாண்மையை   அடிப்படையாகக்   கொண்டது.   உழுவோர்   உலகத்தார்க்கு   அச்சாணி   எனப்   போற்றப்பட்டனர்.   உழவே   தலையான   தொழில்   என்றாயிற்று.   உழவு,   தொழிலாக   இல்லாமல்   பண்பாடாகவும்   திகழ்ந்தது.   இன்று   உழுவோர்   அச்சாணி   என்ற   கருத்தைப்   புதுப்பிக்க   வேண்டிய   சூழல்   எழுந்துள்ளது.   உழவுண்டெனில்   உயர்வுண்டு   என்ற   குரல்   இன்றும்   தொடர்கிறது.   தமிழ்   மரபின்   'பொன்   ஏர்   பூட்டுதல்'   என்ற   பண்பாட்டு   நிகழ்வு   பல்கிப்   பெருக   முன்னத்தி   ஏராக   நாம்   முன்னிற்க   வேண்டும்."
  },
  {
    "description": "கவிதை வரிகளில், “காளைகளை ஓட்டிக் கடுகிச்செல், முன்பு!” என்ற வரி எதை வலியுறுத்துகிறது?",
    "options": [
      "வேளாண்மை தொழிலின் வேகத்தை",
      "உழுவதில் உள்ள சிரமத்தை",
      "உழவர்களின் சிரமத்தை",
      "காளைகளின் வேகத்தை"
    ],
    "answer": "A",
    "additional_context": "“காளைகளை ஓட்டிக் கடுகிச்செல், முன்பு!”  என்ற   வரி   வேளாண்மை   தொழிலின்   வேகத்தை   வலியுறுத்துகிறது.   வெள்ளி   முளைத்திடுது,   விரைந்துபோ   நண்பா!   காளைகளை   ஓட்டிக்   கடுகிச்செல்,   முன்பு!   பொன்   ஏர்   தொழுது,   புலன்   வழிபட்டு   மாட்டைப்   பூட்டி   காட்டைக்   கீறுவோம்."
  },
  {
    "description": "கவிதை வரிகளில், “உழுவோர் உலகத்தார்க்கு அச்சாணி எனப் போற்றப்பட்டனர்” என்பதன் பொருள் என்ன?",
    "options": [
      "உழவர்கள் சமுதாயத்தில் முக்கியப் பங்கு வகிக்கிறார்கள்.",
      "உழவு என்பது மிகவும் கடினமான வேலை.",
      "உழுவோர் அனைவரையும் மதிக்க வேண்டும்.",
      "உழவு என்பது பழைய கால முறை."
    ],
    "answer": "A",
    "additional_context": "“உழுவோர் உலகத்தார்க்கு அச்சாணி எனப் போற்றப்பட்டனர்”  என்பதன்  பொருள்  உழவர்கள்   சமுதாயத்தில்   முக்கியப்   பங்கு   வகிக்கிறார்கள்  என்பது.   சங்கத்   தமிழரின்   திணைவாழ்வு,   வேளாண்மையை   அடிப்படையாகக்   கொண்டது.   உழுவோர்   உலகத்தார்க்கு   அச்சாணி   எனப்   போற்றப்பட்டனர்.   உழவே   தலையான   தொழில்   என்றாயிற்று.   உழவு,   தொழிலாக   இல்லாமல்   பண்பாடாகவும்   திகழ்ந்தது.   இன்று   உழுவோர்   அச்சாணி   என்ற   கருத்தைப்   புதுப்பிக்க   வேண்டிய   சூழல்   எழுந்துள்ளது.   உழவுண்டெனில்   உயர்வுண்டு   என்ற   குரல்   இன்றும்   தொடர்கிறது."
  }
]
