[
          
  {
    
          "description": "“மரமது° வழியே சென்று” என்ற வரியில் “மரம்” என்ற சொல் எந்தப் பொருளை குறிக்கிறது?",
          "options": [
      "அ) காட்டு வழி",
      "ஆ) அரசன்",
      "இ) அத்தி மரம்",
      "ஈ) கருவேலம்"
    ],
    "answer": "A",
    
          "additional_context": "இந்த வரியில் 'மரமது' என்ற சொல், பாடலில்  'மரமது வழியே சென்று' என்பதற்குப் பொருள். காட்டு வழியைக் குறிக்கிறது."
          }
        ,
          
  {
    
          "description": "“மரமது கண்ட மாதர் மரமுடன்¹° மரம்” எடுத்தார்” என்ற வரியில் “மரம்” என்ற சொல் என்னென்ன பொருட்களை குறிக்கிறது?",
          "options": [
      "அ) ஆல் + அத்தி",
      "ஆ) கருவேலம் + வேங்கை",
      "இ) ஆல் + வேங்கை",
      "ஈ) வேங்கை + அத்தி"
    ],
    "answer": "A",
    
          "additional_context": "இந்த வரியில்  “மரம்” என்ற சொல், “ஆல் மரம்” மற்றும் “அத்தி மரம்” ஆகிய இரண்டையும் குறிக்கிறது."
          }
        ,
          
  {
    
          "description": "“தேணிலே ஊரிய செந்தமிழின் – சுவை\nதேரும் சிலப்பதி காறமதை\nஊனிலே எம்முயிர் உல்லலவும் - நிதம்\nஓதி யுனர்ந்தின் புருவோமே” \n\nஇந்த சந்தக் கவிதையில் வரும்  “காறமதை” என்ற சொல் எந்தப் பிழையால் ஏற்பட்டுள்ளது?",
          "options": [
      "அ) இடம் மாற்றம்",
      "ஆ) எழுத்துப் பிழை",
      "இ) சொல் தவறு",
      "ஈ) எதுவும் இல்லை"
    ],
    "answer": "B",
    
          "additional_context": "சந்தக் கவிதையில்  “காறமதை” என்ற சொல் “காரமதை” என்று எழுதப்பட்டுள்ளது.  “கா” இடத்தில் “கார” என்பதுதான் சரியான சொல். அதாவது  “காரமதை”  என்ற சொல் எழுத்துப்பிழையால்  ஏற்பட்டுள்ளது."
          }
        ,
          
  {
    
          "description": "“கல்” என்ற சொல்லின் கூட்டப்பெயர் என்ன?",
          "options": [
      "அ) குவியல்",
      "ஆ) குலை",
      "இ) மந்தை",
      "ஈ) கட்டு"
    ],
    "answer": "A",
    
          "additional_context": "கல்,  கற்களின் கூட்டப்பெயர்.  பல கற்கள் ஒன்றாகக்  குவிந்திருப்பதைக்  “குவியல்”  என்பர்."
          }
        ,
          
  {
    
          "description": "“மரமது மரத்தில் ஏறி _____ தோளில் வைத்து” என்ற வரியில் “மரம்” என்ற சொல் எந்தப் பொருளை குறிக்கிறது?",
          "options": [
      "அ) அரசன்",
      "ஆ) மா",
      "இ) வேங்கை",
      "ஈ) அத்தி"
    ],
    "answer": "B",
    
          "additional_context": "இந்த வரியில்  “மரம்”  என்ற சொல், “மாமரம்”  என்பதைக் குறிக்கிறது."
          }
        ]