
[
  {
    "description": "“ஏர் புதிதா?” கவிதையில் பயன்படுத்தப்பட்டிருக்கும் “காடு புதிதன்று, கரையும் பிடித்ததுதான்” என்ற வரி எதைக் குறிக்கிறது?",
    "options": [
      "காடு பழமையானது, அதைப் பிடிப்பது புதிது",
      "நிலத்தின் பழமை, அதை உழும் செயல் புதிது",
      "காட்டின் புதுமை, அதைப் பிடிப்பது பழமையானது",
      "மண்ணின் புதுமை, அதைப் பிடிப்பது புதிது"
    ],
    "answer": "B",
    "additional_context": "கவிதையில், கரையைப் பிடித்து உழும் செயல் புதிதாகத் தொடங்குகிறது. காடு, நிலம், மண் இவை பழமையானவை. ஆனால்,  கவிதையில்  உழும் செயல் புதியதாகத் தொடங்குகிறது என்பதை  'காடு புதிதன்று, கரையும் பிடித்ததுதான்' என்ற வரி குறிப்பிடுகிறது."
  },
  {
    "description": "“ஏர் புதிதா?” கவிதை எந்தக் காலத்தில் நடைபெறும் உழவுச் செயலை விவரிக்கிறது?",
    "options": [
      "மழைக்காலம்",
      "கோடைக்காலம்",
      "குளிர்காலம்",
      "இலையுதிர் காலம்"
    ],
    "answer": "A",
    "additional_context": "கவிதை முழுவதும் மழைக்காலத்தில் நடைபெறும் உழவுச் செயல்களைப் பற்றி  சொல்லப்பட்டுள்ளது. 'முதல்மழை விழுந்ததும் மேல்மண் பதமாகிவிட்டது', 'வெள்ளி முளைத்திடுது, விரைந்துபோ நண்பா!' , 'மண்புரளும், மழை பொழியும்' போன்ற வரிகள்  மழைக்காலத்தைப் பற்றி  சொல்லப்படுகின்றன."
  },
  {
    "description": "“ஏர் புதிதா?” கவிதையில் பயன்படுத்தப்பட்டிருக்கும் “நாள்தான் புதிது, நட்சத்திரம் புதிது” என்ற வரி எதைக் குறிக்கிறது?",
    "options": [
      "நேரத்தின் மாற்றம், புதிய பருவம்",
      "நட்சத்திரங்களின் புதுமை, நாளின் மாற்றம்",
      "பருவத்தின் புதுமை, நேரத்தின் மாற்றம்",
      "நாளின் புதுமை, பருவத்தின் மாற்றம்"
    ],
    "answer": "A",
    "additional_context": "நாளும் நட்சத்திரமும் எப்போதும் புதிதாகவே இருக்கும் என்பதை இவ்வரி குறிப்பிடுகிறது.  'கை புதிதா, கார் புதிதா? இல்லை'  என்பதுபோல். புதிய பருவத்தில் புதிய உழவு தொடங்கும் நேரத்தின் மாற்றத்தை இவ்வரி குறிப்பிடுகிறது."
  },
  {
    "description": "“ஏர் புதிதா?” கவிதையில் பயன்படுத்தப்பட்டிருக்கும் “கவலையில்லை! கிழக்கு வெளுக்குது” என்ற வரி எதைக் குறிக்கிறது?",
    "options": [
      "கவலை இல்லாத நிலை, சூரிய உதயம்",
      "கவலை இல்லாத நிலை, கருப்பு மேகம்",
      "கவலை உள்ள நிலை, சூரிய உதயம்",
      "கவலை உள்ள நிலை, கருப்பு மேகம்"
    ],
    "answer": "A",
    "additional_context": "கிழக்கு வெளுக்குவது சூரிய உதயத்தைக் குறிப்பிடுகிறது. 'கவலையில்லை!'  என்பது  சூரிய உதயத்தால் ஏற்படும்  மகிழ்ச்சியையும் கவலை இல்லாத நிலையையும் குறிப்பிடுகிறது."
  },
  {
    "description": "“ஏர் புதிதா?” கவிதையில் பயன்படுத்தப்பட்டிருக்கும் “கவலையில்லை! கிழக்கு வெளுக்குது” என்ற வரி எதைக் குறிக்கிறது?",
    "options": [
      "கவலை இல்லாத நிலை, சூரிய உதயம்",
      "கவலை இல்லாத நிலை, கருப்பு மேகம்",
      "கவலை உள்ள நிலை, சூரிய உதயம்",
      "கவலை உள்ள நிலை, கருப்பு மேகம்"
    ],
    "answer": "A",
    "additional_context": "கிழக்கு வெளுக்குவது சூரிய உதயத்தைக் குறிப்பிடுகிறது. 'கவலையில்லை!'  என்பது  சூரிய உதயத்தால் ஏற்படும்  மகிழ்ச்சியையும் கவலை இல்லாத நிலையையும் குறிப்பிடுகிறது."
  }
]
