
[
  {
    "description": "“பூ உண்டு. ஆனால் கண்ணிற்குக் காட்சி தராமல் காண்டற்கு அரியனவாய் இருக்கும் மலர்கள்”  என்ற வாக்கியத்தில் “அரியனவாய்” என்ற சொல்லின் இலக்கணக் குறிப்பு என்ன?",
    "options": [
      "வினைச்சொல், பகுதி",
      "பெயர்ச்சொல், பகுதி",
      "வினைச்சொல், முழுமை",
      "பெயர்ச்சொல், முழுமை"
    ],
    "answer": "A",
    "additional_context": "இந்தப் பாடப்பகுதியில் பூக்களைப் பற்றிய அரிய இலக்கியச் செய்திகளைப் பற்றி விளக்கப்பட்டுள்ளது.  'அரியனவாய்' என்ற சொல் 'அரிய' என்ற வினைச்சொல்லின் பகுதி. இந்த வினைச்சொல் 'அரியன' என்ற வினைச்சொல்லைக் குறிக்கிறது.  'அரியன' என்ற வினைச்சொல்  'இருக்கும்' என்ற வினைச்சொல்லைக் குறிக்கிறது.  இதனால், 'அரியனவாய்' என்ற சொல் 'அரிய' என்ற வினைச்சொல்லின் பகுதி என்பதை அறியலாம்."
  },
  {
    "description": "“பயன்பாடு, நாற்றம், மக்களது விருப்பில் இடம் பெறாமை, பொதுவில் ஒதுக்கப்பட்டமை கொண்டு மலரில் சில எளியவை ஆகின்றன” என்ற வாக்கியத்தில் எந்த வகைச் சொல் இல்லை?",
    "options": [
      "பெயர்ச்சொல்",
      "வினைச்சொல்",
      "வினையெச்சம்",
      "உரிச்சொல்"
    ],
    "answer": "C",
    "additional_context": "இந்தப் பாடப்பகுதியில் பூக்களைப் பற்றிய அரிய இலக்கியச் செய்திகளைப் பற்றி விளக்கப்பட்டுள்ளது.  'பயன்பாடு, நாற்றம், மக்களது விருப்பில் இடம் பெறாமை, பொதுவில் ஒதுக்கப்பட்டமை' என்ற சொற்கள் பெயர்ச்சொற்கள்.  'கொண்டு' என்ற சொல் வினைச்சொல்.  'எளியவை' என்ற சொல் உரிச்சொல்.  'ஆகின்றன' என்ற சொல் வினைச்சொல். இந்த வாக்கியத்தில் வினையெச்சம் எதுவும் இல்லை."
  },
  {
    "description": "“மலர் உண்டு; பெயரும் உண்டு; ஆனால் இதுதான் அது என்று உறுதியாக அறிய இயலாதுள்ள நிலையில் இருக்கும் மலர்கள்: சுள்ளி மலர், பாங்கர் மலர்”  என்ற பகுதியில் எந்தப் பகுதி முழுமையான வாக்கியம்?",
    "options": [
      "மலர் உண்டு",
      "பெயரும் உண்டு",
      "ஆனால் இதுதான் அது என்று உறுதியாக அறிய இயலாதுள்ள நிலையில் இருக்கும் மலர்கள்",
      "சுள்ளி மலர், பாங்கர் மலர்"
    ],
    "answer": "A",
    "additional_context": "இந்தப் பாடப்பகுதியில் பூக்களைப் பற்றிய அரிய இலக்கியச் செய்திகளைப் பற்றி விளக்கப்பட்டுள்ளது.  'மலர் உண்டு' என்ற வாக்கியம் முழுமையான வாக்கியம்.  'பெயரும் உண்டு' என்ற வாக்கியம் முழுமையான வாக்கியம் அல்ல.  'ஆனால் இதுதான் அது என்று உறுதியாக அறிய இயலாதுள்ள நிலையில் இருக்கும் மலர்கள்' என்ற வாக்கியம் முழுமையான வாக்கியம் அல்ல.  'சுள்ளி மலர், பாங்கர் மலர்' என்ற வாக்கியம் முழுமையான வாக்கியம் அல்ல.  இதனால், 'மலர் உண்டு' என்ற வாக்கியம் முழுமையான வாக்கியம் என்பதை அறியலாம்."
  },
  {
    "description": "“மூங்கில் பூவில் காய் தோன்றிக் கனியாகி அதிலிருந்து ஒருவகை அரிசி தோன்றும். இது மூங்கில் அரிசி எனப்படும்.” என்ற வாக்கியத்தில் எந்தப் பகுதி வினைத்தொடர்?",
    "options": [
      "காய் தோன்றிக்",
      "கனியாகி",
      "அதிலிருந்து ஒருவகை அரிசி தோன்றும்",
      "மூங்கில் அரிசி எனப்படும்"
    ],
    "answer": "C",
    "additional_context": "இந்தப் பாடப்பகுதியில் பூக்களைப் பற்றிய அரிய இலக்கியச் செய்திகளைப் பற்றி விளக்கப்பட்டுள்ளது.  'அதிலிருந்து ஒருவகை அரிசி தோன்றும்' என்ற வாக்கியம் வினைத்தொடர்.  'காய் தோன்றிக்', 'கனியாகி' மற்றும் 'மூங்கில் அரிசி எனப்படும்' ஆகியவை வினைத்தொடர்கள் அல்ல.  இதனால், 'அதிலிருந்து ஒருவகை அரிசி தோன்றும்' என்ற வாக்கியம் வினைத்தொடர் என்பதை அறியலாம்."
  },
  {
    "description": "“இலுப்பைப் பூக்கள் இனிப்பானவை. கரடிகள் மரத்தின் மீதேறி அவற்றைப் பறித்து உண்ணும்” என்ற வாக்கியத்தில் “மரத்தின்” என்ற சொல்லின் இலக்கணக் குறிப்பு என்ன?",
    "options": [
      "உரிச்சொல், ஒருமை, பெண்பால்",
      "பெயர்ச்சொல், ஒருமை, ஆண்பால்",
      "பெயர்ச்சொல், ஒருமை, பெண்பால்",
      "உரிச்சொல், ஒருமை, ஆண்பால்"
    ],
    "answer": "C",
    "additional_context": "இந்தப் பாடப்பகுதியில் பூக்களைப் பற்றிய அரிய இலக்கியச் செய்திகளைப் பற்றி விளக்கப்பட்டுள்ளது.  'மரத்தின்' என்ற சொல் 'மரம்' என்ற பெயர்ச்சொல்லின் ஒருமைப் பெண்பால்.  இதனால், 'மரத்தின்' என்ற சொல் 'பெயர்ச்சொல், ஒருமை, பெண்பால்' என்பதை அறியலாம்."
  }
]
