
[
  {
    "description": "சீவகசிந்தாமணி நூலில் 'கருஇருந்து ஈன்று மேலலார்' என்ற தொடரில் எந்தப் பொருள்கோள் பயன்படுத்தப்பட்டுள்ளது?",
    "options": [
      "ஆற்றுநீர்ப் பொருள்கோள்",
      "மொழிமாற்றுப் பொருள்கோள்",
      "நிரல்நிறைப் பொருள்கோள்",
      "கொண்டுகூட்டுப் பொருள்கோள்"
    ],
    "answer": [
      "ஆற்றுநீர்ப் பொருள்கோள்"
    ],
    "additional_context": "'சொல்லரும் சூல்பசும் பாம்பின் தோற்றம் போல்\nமெல்லவே கருஇருந்து ஈன்று மேலலார்\nசெல்வமே போல்தலை நிறுவித் தேர்ந்த நூல்\nகல்விசேர் மாந்தரின் இறைஞ்சிக் காய்த்தவே'.\n\nநெற்பயிர், கருவுற்ற பச்சைப் பாம்பின் வடிவம்போல் கருக்கொண்டு, பின்பு கதிர்விட்டு, செல்வம்\nசேர்ந்தவுடன் பண்பற்றமக்கள் பணிவின்றித் தலை நிமிர்ந்து நிற்பதுபோல் குத்திட்டு நின்று, முடிவில்\nகதிர் முற்றியவுடன் கற்றவர்கள் வணங்குதல் போல் வளைந்து காய்த்தன.\n\n'நெல்' என்னும் எழுவாய் அதன் தொழில்களான இருந்து, ஈன்று, நிறுவி, இறைஞ்சி என்னும்\nவினையெச்சங்களைப் பெற்றுக் 'காய்த்தவே' என்னும் பயனிலையைக் கொண்டு முடிந்தது.\n\nபாடலின் தொடக்கம்முதல் முடிவுவரை ஆற்றுநீரின் போக்கைப்போல நேராகவே பொருள்\nகொள்ளுமாறு அமைந்ததால் இது 'ஆற்றுநீர்ப் பொருள்கோள்' ஆகும்."
  },
  {
    "description": "'அன்பும் அறனும் உடைத்தாயின் இல்வாழ்க்கை\n பண்பும் பயனும் அது' என்னும் குறளில் எந்தப் பொருள்கோள் பயன்படுத்தப்பட்டுள்ளது?",
    "options": [
      "முறை நிரல்நிறைப் பொருள்கோள்",
      "எதிர் நிரல்நிறைப் பொருள்கோள்",
      "கொண்டுகூட்டுப் பொருள்கோள்",
      "விற்பூட்டுப் பொருள்கோள்"
    ],
    "answer": [
      "முறை நிரல்நிறைப் பொருள்கோள்"
    ],
    "additional_context": "'அன்பும் அறனும் உடைத்தாயின் இல்வாழ்க்கை\nபண்பும் பயனும் அது'.\n\nஇக்குறளில் அன்பு, அறன் என்ற இரு சொற்களை வரிசைப்படுத்தி, அவற்றிற்குரிய\nவிளைவுகளாக பண்பு, பயன் என்று வரிசைப்படுத்தி உள்ளார். அவற்றை இல்வாழ்க்கையின் பண்பு,\nஅன்பு என்றும் அதன் பயன், அறன் என்றும் பொருள்கொள்ள வேண்டும். எனவே, அன்புக்குப்\nபண்பும் அறத்துக்குப் பயனும் பயனிலைகளாக - நிரல்நிறையாக - நிறுத்திப் பொருள்கொள்வதால்,\nஇப்பாடல் 'முறை நிரல்நிறைப் பொருள்கோள்' எனப்படும்."
  },
  {
    "description": "கொண்டுகூட்டுப் பொருள்கோள் பற்றிய எடுத்துக்காட்டாக அமைந்த பாடல் எது?",
    "options": [
      "'சொல்லரும் சூல்பசும் பாம்பின் தோற்றம் போல்'\nமெல்லவே கருஇருந்து ஈன்று மேலலார்'\nசெல்வமே போல்தலை நிறுவித் தேர்ந்த நூல்\nகல்விசேர் மாந்தரின் இறைஞ்சிக் காய்த்தவே",
      "'விலங்கொடு மக்கள் அனையர் இலங்குநூல்\nகற்றாரோடு ஏனை யவர்",
      "'ஆலத்து மேல குவளை குளத்துள\nவாலின் நெடிய குரங்கு",
      "எதுவும் இல்லை"
    ],
    "answer": [
      "'ஆலத்து மேல குவளை குளத்துள\nவாலின் நெடிய குரங்கு"
    ],
    "additional_context": "'ஆலத்து மேல குவளை குளத்துள\nவாலின் நெடிய குரங்கு.\n\nமேற்கண்ட பாடலில் ஆலத்து மேல் குவளை என்றும் குளத்தில் வாலின் நெடிய குரங்கு என்றும்\nபொருள் கொண்டால் பொருத்தமற்றதாகிவிடும். இதில் ஆலத்து மேல குரங்கு, குளத்துள குவளை\nஎன்று கருத்தைக் கொண்டு அங்குமிங்கும் கொண்டு பொருள்கோள் அமைந்திருப்பதால் இது\nகொண்டுகூட்டுப் பொருள்கோள் எனப்படும்."
  }
]
