[
          
  {
    
          "description": "'சாம்பல் நிறத்தாலாகிய பட்டுப்போர்த்த முதுகு' எது குறித்து எழுதப்பட்ட சொற்றொடர்?",
          "options": [
      "a) மூங்கில்",
      "b) பூளை",
      "c) பலா",
      "d) சிட்டுக்குருவி"
    ],
    "answer": "D",
    
          "additional_context": "பாரதியின் வசனநடை - சிட்டுக்குருவி \nசிறியதானியம் போன்ற மூக்கு; சின்னக்கண்கள்; சின்னத்தலை; வெள்ளைக் கழுத்து; அழகிய \nமங்கல் வெண்மை நிறமுடைய பட்டுப்போர்த்த வயிறு; கருமையும் வெண்மையும் கலந்த சாம்பல் \nநிறத்தாலாகிய பட்டுப்போர்த்த முதுகு; சிறிய தோகை; துளித்துளிக் கால்கள்; இத்தனையும் சேர்த்து \nஒரு பச்சைக் குழந்தையின் கைப்பிடியிலே பிடித்துவிடலாம். இவ்விதமான உடலைச் சுமந்து கொண்டு \nஎன் வீட்டிலே இரண்டு உயிர்கள் வாழ்கின்றன. அவற்றில் ஒன்று ஆண் மற்றொன்று பெண்."
          }
        ,
          
  {
    
          "description": "'சிட்டுக்குருவி' பற்றிய வசனநடை எந்தக் கருத்தைப் பகிர்ந்துகொள்கிறது?",
          "options": [
      "a) சிட்டுக்குருவியின் பறக்கும் திறன்",
      "b) சிட்டுக்குருவியின் உருவ அமைப்பு",
      "c) சிட்டுக்குருவியின் பாட்டு",
      "d) சிட்டுக்குருவியின் உணவுப் பழக்கம்"
    ],
    "answer": "B",
    
          "additional_context": "பாரதியின் வசனநடை - சிட்டுக்குருவி \nசிறியதானியம் போன்ற மூக்கு; சின்னக்கண்கள்; சின்னத்தலை; வெள்ளைக் கழுத்து; அழகிய \nமங்கல் வெண்மை நிறமுடைய பட்டுப்போர்த்த வயிறு; கருமையும் வெண்மையும் கலந்த சாம்பல் \nநிறத்தாலாகிய பட்டுப்போர்த்த முதுகு; சிறிய தோகை; துளித்துளிக் கால்கள்; இத்தனையும் சேர்த்து \nஒரு பச்சைக் குழந்தையின் கைப்பிடியிலே பிடித்துவிடலாம். இவ்விதமான உடலைச் சுமந்து கொண்டு \nஎன் வீட்டிலே இரண்டு உயிர்கள் வாழ்கின்றன. அவற்றில் ஒன்று ஆண் மற்றொன்று பெண்."
          }
        ,
          
  {
    
          "description": "“மலர் உண்டு; பெயரும் உண்டு; ஆனால் இதுதான் அது என்று உறுதியாக அறிய இயலாதுள்ள நிலையில் இருக்கும் மலர்கள்” என்ற வாக்கியத்தின் மூலம் என்ன புரிய வருகிறது?",
          "options": [
      "சில மலர்களுக்கு பெயர்கள் இல்லை.",
      "சில மலர்கள் பெயரால் மட்டும் அழைக்கப்படுகின்றன, ஆனால் அவை எப்படி இருக்கும் என்று அறிய முடியாது.",
      "சில மலர்கள் மிகவும் அரிதானவை.",
      "சில மலர்கள் மிகவும் அழகானவை."
    ],
    "answer": "B",
    
          "additional_context": "மலர் உண்டு; பெயரும் உண்டு; ஆனால் இதுதான் அது என்று உறுதியாக அறிய இயலாதுள்ள \nநிலையில் இருக்கும் மலர்கள்: சுள்ளி மலர், பாங்கர் மலர்."
          }
        ,
          
  {
    
          "description": "“அகவிதழ் முதலிய உறுப்புகள் இருந்து அவை புறத்தே காட்சிப்படாமல் உள்ளேயே பொதிந்திருக்கும் மலர்கள்” என்ற வாக்கியத்தில் “அகவிதழ்” என்ற சொல்லுக்கு என்ன பொருள்?",
          "options": [
      "மலரின் வெளிப்புற இதழ்கள்",
      "மலரின் உட்புற இதழ்கள்",
      "மலரின் மகரந்தம்",
      "மலரின் மகரந்தக் கம்பி"
    ],
    "answer": "B",
    
          "additional_context": "அகவிதழ் முதலிய உறுப்புகள் இருந்து அவை புறத்தே காட்சிப்படாமல் உள்ளேயே \nபொதிந்திருக்கும் மலர்கள்: அத்தி, ஆலம், கொழிஞ்சி, பலா."
          }
        ,
          
  {
    
          "description": "“பயன்பாடு, நாற்றம், மக்களது விருப்பில் இடம் பெறாமை, பொதுவில் ஒதுக்கப்பட்டமை கொண்டு மலரில் சில எளியவை ஆகின்றன” என்ற வாக்கியத்தில் “எளியவை” என்ற சொல்லைப் பதிலீடு செய்யக்கூடிய சொல் எது?",
          "options": [
      "மதிப்புடையவை",
      "அழகானவை",
      "குறைந்த மதிப்புடையவை",
      "அரிதானவை"
    ],
    "answer": "C",
    
          "additional_context": "பயன்பாடு, நாற்றம், மக்களது விருப்பில் இடம் பெறாமை, பொதுவில் ஒதுக்கப்பட்டமை கொண்டு \nமலரில் சில எளியவை ஆகின்றன. அவையாவன: நெருஞ்சி, எருக்கு, பூளை, குரீஇப் பூளை, வேளை, \nஊமத்தம், கள்ளி, முருங்கை ."
          }
        ]