
[
  {
    "description": "  \"அறிவைவிட மிகவும் முக்கியமானது கற்பனைத் திறன்\"  என்ற  கூற்றை  எந்த  அறிவியலாளர்  சொன்னார்?",
    "options": [
      "ஐன்ஸ்டைன்",
      "நியூட்டன்",
      "கலீலியோ",
      "ஸ்டீபன்  ஹாக்கிங்"
    ],
    "answer": [
      "A"
    ],
    "additional_context": "பெரியார் அறிவியல் தொழில்நுட்பக் கழகத்தில் மாணவர்கள் சுற்றுலா சென்றபோது இயக்குநர் அறிவியலை பற்றிய விளக்கத்தை கூறுகிறார். \n\nஸ்டீபன் ஹாக்கிங் படம் திரையில் வரும்போது அவரின் வாழ்க்கை பற்றிய விளக்கத்தை திரையில் காட்டுகிறது. \"அறிவைவிட மிகவும் முக்கியமானது கற்பனைத் திறன்\"  என்ற  கூற்றை  திரையில் காண்பிக்கிறது. \n\nசக்கர நாற்காலியில் அமர்ந்திருக்கும் ஸ்டீபன் ஹாக்கிங் தோற்றத்தைப் பார்த்து மாணவர் “இவர் ஏன் இவ்வாறு ஆனார்?” எனக் கேட்க, இயக்குநர் விளக்கமளிக்கிறார். ஸ்டீபன் ஹாக்கிங்  பற்றிய சுருக்கமான வாழ்க்கை வரலாற்றை கூறுகிறார். அவர் 1963ஆம் ஆண்டு பக்கவாதம் நோய்  தாக்கியதால்  இயங்க முடியாமல் போய்விட்டார் என்பதை கூறுகிறார். “மாற்றத்திற்கு ஏற்பத் தகவமைத்துக் கொள்ளும் திறனே புத்திக் கூர்மை”  என்ற வாக்கியத்தை இக்கட்டுரையில் ஸ்டீபன் ஹாக்கிங் சொல்லியிருக்கிறார்கள்."
  },
  {
    "description": "  ஸ்டீபன் ஹாக்கிங்கின்  எந்த  நூல்  பொதுமக்கள்  மத்தியில்  பரவலாக  ஏற்றுக்கொள்ளப்பட்டது?",
    "options": [
      "பெருவெடிப்பு  கோட்பாடு",
      "காலத்தின்  சுருக்கமான  வரலாறு",
      "அடுத்த  தலைமுறை",
      "கருந்துளை  பற்றிய  ஆராய்ச்சி"
    ],
    "answer": [
      "B"
    ],
    "additional_context": "மாணவர்கள் ஸ்டீபன் ஹாக்கிங்கின்  ஆராய்ச்சிகள் பற்றி கேட்க, அவர்கள் ஸ்டீபன் ஹாக்கிங்கின் புகழ்பெற்ற  நூல்கள் பற்றி விளக்கமளிக்கிறார். 'காலத்தின் சுருக்கமான வரலாறு'  நூல் பரவலாக  ஏற்றுக்கொள்ளப்பட்டதாகவும், இந்தியாவில் மட்டும்  கோடிக்கணக்கான பிரதிகள்  விற்பனையானதாகவும் கூறுகிறார்."
  },
  {
    "description": "  \"வாழ்க்கை  எவ்வளவு  கடினமானதாக  இருந்தாலும்  வெற்றிக்கான  வழி  அதில்  இருக்கவே  செய்கிறது\"  என்ற  கூற்றை  எந்த  அறிவியலாளர்  சொன்னார்?",
    "options": [
      "ஐன்ஸ்டைன்",
      "நியூட்டன்",
      "கலீலியோ",
      "ஸ்டீபன்  ஹாக்கிங்"
    ],
    "answer": [
      "D"
    ],
    "additional_context": "பெரியார் அறிவியல் தொழில்நுட்பக் கழகத்தில் மாணவர்கள் சுற்றுலா சென்றபோது இயக்குநர் அறிவியலை பற்றிய விளக்கத்தை கூறுகிறார். \n\nஸ்டீபன் ஹாக்கிங் படம் திரையில் வரும்போது அவரின் வாழ்க்கை பற்றிய விளக்கத்தை திரையில் காட்டுகிறது. \"மாற்றத்திற்கு ஏற்பத் தகவமைத்துக் கொள்ளும் திறனே புத்திக் கூர்மை\"  என்ற  கூற்றை  திரையில் காண்பிக்கிறது. \n\nசக்கர நாற்காலியில் அமர்ந்திருக்கும் ஸ்டீபன் ஹாக்கிங் தோற்றத்தைப் பார்த்து மாணவர் “இவர் ஏன் இவ்வாறு ஆனார்?” எனக் கேட்க, இயக்குநர் விளக்கமளிக்கிறார். ஸ்டீபன் ஹாக்கிங்  பற்றிய சுருக்கமான வாழ்க்கை வரலாற்றை கூறுகிறார். அவர் 1963ஆம் ஆண்டு பக்கவாதம் நோய்  தாக்கியதால்  இயங்க முடியாமல் போய்விட்டார் என்பதை கூறுகிறார். \"மாற்றத்திற்கு ஏற்பத் தகவமைத்துக் கொள்ளும் திறனே புத்திக் கூர்மை”  என்ற வாக்கியத்தை இக்கட்டுரையில் ஸ்டீபன் ஹாக்கிங் சொல்லியிருக்கிறார்கள்."
  },
  {
    "description": "“மாற்றத்திற்கு ஏற்பத் தகவமைத்துக் கொள்ளும் திறனே புத்திக் கூர்மை” என்ற வாக்கியத்தை இக்கட்டுரையில் யார் சொல்லியிருக்கிறார்கள்?",
    "options": [
      "ஐன்ஸ்டைன்",
      "ஸ்டீபன் ஹாக்கிங்",
      "பெரியார் அறிவியல் தொழில்நுட்பக் கழக இயக்குநர்",
      "கட்டுரை ஆசிரியர்"
    ],
    "answer": [
      "B"
    ],
    "additional_context": "பெரியார் அறிவியல் தொழில்நுட்பக் கழகத்தில் மாணவர்கள் சுற்றுலா சென்றபோது இயக்குநர் அறிவியலை பற்றிய விளக்கத்தை கூறுகிறார். \n\nஸ்டீபன் ஹாக்கிங் படம் திரையில் வரும்போது அவரின் வாழ்க்கை பற்றிய விளக்கத்தை திரையில் காட்டுகிறது. \"அறிவைவிட மிகவும் முக்கியமானது கற்பனைத் திறன்\"  என்ற  கூற்றை  திரையில் காண்பிக்கிறது. \n\nசக்கர நாற்காலியில் அமர்ந்திருக்கும் ஸ்டீபன் ஹாக்கிங் தோற்றத்தைப் பார்த்து மாணவர் “இவர் ஏன் இவ்வாறு ஆனார்?” எனக் கேட்க, இயக்குநர் விளக்கமளிக்கிறார். ஸ்டீபன் ஹாக்கிங்  பற்றிய சுருக்கமான வாழ்க்கை வரலாற்றை கூறுகிறார். அவர் 1963ஆம் ஆண்டு பக்கவாதம் நோய்  தாக்கியதால்  இயங்க முடியாமல் போய்விட்டார் என்பதை கூறுகிறார். “மாற்றத்திற்கு ஏற்பத் தகவமைத்துக் கொள்ளும் திறனே புத்திக் கூர்மை”  என்ற வாக்கியத்தை இக்கட்டுரையில் ஸ்டீபன் ஹாக்கிங் சொல்லியிருக்கிறார்கள்."
  },
  {
    "description": "“அறியாமை அறிவாற்றலின் மிகப்பெரிய எதிரியல்ல. அது அறிவின் மாயையே” என்ற வாக்கியத்தை இக்கட்டுரையில் யார் சொல்லியிருக்கிறார்கள்?",
    "options": [
      "ஐன்ஸ்டைன்",
      "ஸ்டீபன் ஹாக்கிங்",
      "பெரியார் அறிவியல் தொழில்நுட்பக் கழக இயக்குநர்",
      "கட்டுரை ஆசிரியர்"
    ],
    "answer": [
      "B"
    ],
    "additional_context": "பெரியார் அறிவியல் தொழில்நுட்பக் கழகத்தில் மாணவர்கள் சுற்றுலா சென்றபோது இயக்குநர் அறிவியலை பற்றிய விளக்கத்தை கூறுகிறார். \n\nஸ்டீபன் ஹாக்கிங் படம் திரையில் வரும்போது அவரின் வாழ்க்கை பற்றிய விளக்கத்தை திரையில் காட்டுகிறது. \"அறிவைவிட மிகவும் முக்கியமானது கற்பனைத் திறன்\"  என்ற  கூற்றை  திரையில் காண்பிக்கிறது. \n\nசக்கர நாற்காலியில் அமர்ந்திருக்கும் ஸ்டீபன் ஹாக்கிங் தோற்றத்தைப் பார்த்து மாணவர் “இவர் ஏன் இவ்வாறு ஆனார்?” எனக் கேட்க, இயக்குநர் விளக்கமளிக்கிறார். ஸ்டீபன் ஹாக்கிங்  பற்றிய சுருக்கமான வாழ்க்கை வரலாற்றை கூறுகிறார். அவர் 1963ஆம் ஆண்டு பக்கவாதம் நோய்  தாக்கியதால்  இயங்க முடியாமல் போய்விட்டார் என்பதை கூறுகிறார். “மாற்றத்திற்கு ஏற்பத் தகவமைத்துக் கொள்ளும் திறனே புத்திக் கூர்மை”  என்ற வாக்கியத்தை இக்கட்டுரையில் ஸ்டீபன் ஹாக்கிங் சொல்லியிருக்கிறார்கள்."
  }
]
