
[
  {
    "description": "_______ என்னும் இயற்பெயரைக் கொண்ட கண்ணதாசன் இன்றைய சிவகங்கை மாவட்டத்தின் _______ என்னும் சிற்றூரில் பிறந்தவர்.",
    "options": [
      "முத்தையா, சிறுகூடல்பட்டி",
      "கண்ணதாசன், சிறுகூடல்பட்டி",
      "முத்தையா, மதுரை",
      "கண்ணதாசன், மதுரை"
    ],
    "answer": "A",
    "additional_context": "கண்ணதாசன் அவர்கள் முத்தையா என்னும் இயற்பெயரைக் கொண்டவர். இவர் சிவகங்கை மாவட்டத்தில் உள்ள சிறுகூடல்பட்டி என்ற சிற்றூரில் பிறந்தார். இவர் தந்தை பெயர் சாத்தப்பன், தாய் பெயர் விசாலாட்சி."
  },
  {
    "description": "கவிஞன் _______ வயலில், _______ உழவனாக, _______ விதையைத் தூவி _______ களை பறித்து, _______ நீர் பாய்ச்சி, _______ என்னும் கதிர் அறுப்பவன்.",
    "options": [
      "மனம், சொல்லேர், சிந்தனை, மடமை, தத்துவ, அறம்",
      "உலகம், கவிதை, காதல், கசப்பு, கனவு, மகிழ்ச்சி",
      "தத்துவம், கவிதை, சிந்தனை, மடமை, கனவு, அறம்",
      "வாழ்க்கை, சொல்லேர், சிந்தனை, சோகம், கனவு, அறம் "
    ],
    "answer": "A",
    "additional_context": "கவிஞன் என்பவன் யார்? அவன் குணம் என்ன? அவன் பணி என்ன? மனம் என்னும் வயலில், சொல்லேர் உழவனாக, சிந்தனை விதையைத் தூவி, மடமைக் களை பறித்து, தத்துவ நீர் பாய்ச்சி, அறம் என்னும் கதிர் அறுப்பவன் கவிஞன்."
  },
  {
    "description": "_______ என்னும் இப்பாடப்பகுதி கண்ணதாசன் கவிதைத் தொகுப்பில் இடம்பெற்றுள்ளது.",
    "options": [
      "காலக்கணிதம்",
      "அறம்",
      "கவிஞன்",
      "தத்துவம்"
    ],
    "answer": "A",
    "additional_context": "'காலக்கணிதம்' என்னும் இப்பாடப்பகுதி கண்ணதாசன் கவிதைத் தொகுப்பில் இடம்பெற்றுள்ளது."
  },
  {
    "description": "_______  என்பது கண்ணதசன் தத்துவம்.",
    "options": [
      "தலைவர் மாறுவர்; தர்பார் மாறும்; தத்துவம் மட்டுமே அட்சய பாத்திரம்!",
      "மாற்றம் எனது மானிடத் தத்துவம்; மாறும் உலகின் மகத்துவம் அறிவேன்!",
      "எவ்வெவை தீமை எவ்வெவை நன்மை என்ப தறிந்து ஏகுமென் சாலை!",
      "கொள்வோர் கொள்க; குரைப்போர் குரைக்க! உள்வாய் வார்த்தை உடம்பு தொடாது;"
    ],
    "answer": "B",
    "additional_context": "கண்ணதாசன் அவர்களின் தத்துவம்  *மாற்றம் எனது மானிடத் தத்துவம்; மாறும் உலகின் மகத்துவம் அறிவேன்!* என்பது."
  },
  {
    "description": "கவிஞனைப் பற்றி கண்ணதாசன் எந்த உவமையைப் பயன்படுத்துகிறார்?",
    "options": [
      "மனம் என்னும் வயலில், சொல்லேர் உழவனாக",
      "தத்துவ நீர் பாய்ச்சி, அறம் என்னும் கதிர் அறுப்பவன்",
      "சிந்தனை விதையைத் தூவி, மடமைக் களை பறித்து",
      "மேற்கண்ட அனைத்தும்"
    ],
    "answer": "D",
    "additional_context": "கவிஞனைப் பற்றி கண்ணதாசன் அவர்கள் 'மனம் என்னும் வயலில், சொல்லேர் உழவனாக', 'தத்துவ நீர் பாய்ச்சி, அறம் என்னும் கதிர் அறுப்பவன்', 'சிந்தனை விதையைத் தூவி, மடமைக் களை பறித்து' என மூன்று உவமைகளைப் பயன்படுத்துகிறார். "
  }
]
