
[
  {
    "description": "“பருப்பொருள்கள் சிதறும்படியாக” என்ற சொற்றொடரின் பொருள் என்ன?",
    "options": [
      "பருப்பொருள்கள் ஒன்றாகச் சேர்ந்தன",
      "பருப்பொருள்கள் சிதறிப் போயின ",
      "பருப்பொருள்கள் குறைந்தன ",
      "பருப்பொருள்கள் பெரிதாயின"
    ],
    "answer": "B",
    "additional_context": "பருப்பொருள்கள் சிதறும்படியாகப் பல ஊழிக் காலங்கள் கடந்து சென்றன. புவி உருவானபோது நெருப்புப் பந்துபோல் விளங்கிய ஊழிக்காலம் தோன்றியது. பின்னர்ப் புவி குளிரும்படியாகத் தொடர்ந்து மழை பொழிந்த ஊழிக் காலம் கடந்தது. அவ்வாறு தொடர்ந்து பெய்த மழையால் புவி வெள்ளத்தில் மூழ்கியது. இப்படி மீண்டும் மீண்டும் சிறப்பாகிய ஆற்றல் மிகுந்து செறிந்து திரண்டு இப்படியாக (வெள்ளத்தில் மூழ்குதல்) நடந்த இந்தப் பெரிய உலகத்தில், உயிர்கள் வாழ்வதற்கு ஏற்ற சூழலாகிய உள்ளீடு தோன்றியது. உயிர்கள் தோன்றி நிலைபெறும்படியாக இப்பெரிய புவியில் ஊழிக்காலம் கடந்தது."
  },
  {
    "description": "இரண்டு சொற்களைப் பயன்படுத்தி ஒரு தொடர் அமைக்க வேண்டும். \"இயற்கை - செயற்கை\" என்ற சொற்களுக்கு ஏற்ற தொடர் எது?",
    "options": [
      "இயற்கை வனத்தில் மனிதன் செயற்கைக் கட்டமைப்புகளை உருவாக்குகிறான்.",
      "இயற்கைப் பேரிடர்கள் மனிதனால் செயற்கையாக உருவாக்கப்படுகின்றன.",
      "இயற்கை எழில் கொஞ்சும் இடங்களில் செயற்கை அழகு மிகுதியாக இருக்கிறது.",
      "இயற்கையான வாழ்க்கை முறைக்கு மாறும்போது செயற்கை பொருட்கள் தேவைப்படாது."
    ],
    "answer": "A",
    "additional_context": "கொடுக்கப்பட்டுள்ள இருசொற்களைப் பயன்படுத்தி ஒரு தொடர் அமைக்க. \nஅ) இயற்கை - செயற்கை \nஇ) கொள் - கோள் \nஉ) தான் - தாம் \nஎ.கா. \nஇயற்கை செயற்கை \nபாதை தெரியாத இயற்கைக் காடுகளில் பயணிக்கச் செயற்கைக் கருவிகள் பயன்படுகின்றன."
  },
  {
    "description": "பத்தியில் கூறப்பட்டுள்ள \"ஊழிக்காலம்\" என்ற சொல்லின் பொருள் எது?",
    "options": [
      "மழை அதிகமாக பெய்யும் காலம்.",
      "உயிர்கள் தோன்றும் காலம்.",
      "பூமி மிகுந்த வெப்பத்தில் இருந்த காலம்.",
      "புவியின் வடிவம் மாறும் காலம்."
    ],
    "answer": "C",
    "additional_context": "பருப்பொருள்கள் சிதறும்படியாகப் பல ஊழிக் காலங்கள் கடந்து சென்றன. புவி உருவானபோது நெருப்புப் பந்துபோல் விளங்கிய ஊழிக்காலம் தோன்றியது. பின்னர்ப் புவி குளிரும்படியாகத் தொடர்ந்து மழை பொழிந்த ஊழிக் காலம் கடந்தது. அவ்வாறு தொடர்ந்து பெய்த மழையால் புவி வெள்ளத்தில் மூழ்கியது. இப்படி மீண்டும் மீண்டும் சிறப்பாகிய ஆற்றல் மிகுந்து செறிந்து திரண்டு இப்படியாக (வெள்ளத்தில் மூழ்குதல்) நடந்த இந்தப் பெரிய உலகத்தில், உயிர்கள் வாழ்வதற்கு ஏற்ற சூழலாகிய உள்ளீடு தோன்றியது. உயிர்கள் தோன்றி நிலைபெறும்படியாக இப்பெரிய புவியில் ஊழிக்காலம் கடந்தது."
  },
  {
    "description": "பத்தியில் உள்ள \"சிறப்பாகிய ஆற்றல் மிகுந்து செறிந்து திரண்டு\" என்ற தொடர் எதை குறிக்கிறது?",
    "options": [
      "மழை பெய்வதால் புவியில் உருவாகும் நீர்.",
      "பூமியில் தோன்றும் உயிரினங்கள்.",
      "பூமியின் உள்ளே உள்ள எரிமலைகள்.",
      "புவியில் உள்ள தனிமங்கள்."
    ],
    "answer": "D",
    "additional_context": "பருப்பொருள்கள் சிதறும்படியாகப் பல ஊழிக் காலங்கள் கடந்து சென்றன. புவி உருவானபோது நெருப்புப் பந்துபோல் விளங்கிய ஊழிக்காலம் தோன்றியது. பின்னர்ப் புவி குளிரும்படியாகத் தொடர்ந்து மழை பொழிந்த ஊழிக் காலம் கடந்தது. அவ்வாறு தொடர்ந்து பெய்த மழையால் புவி வெள்ளத்தில் மூழ்கியது. இப்படி மீண்டும் மீண்டும் சிறப்பாகிய ஆற்றல் மிகுந்து செறிந்து திரண்டு இப்படியாக (வெள்ளத்தில் மூழ்குதல்) நடந்த இந்தப் பெரிய உலகத்தில், உயிர்கள் வாழ்வதற்கு ஏற்ற சூழலாகிய உள்ளீடு தோன்றியது. உயிர்கள் தோன்றி நிலைபெறும்படியாக இப்பெரிய புவியில் ஊழிக்காலம் கடந்தது."
  },
  {
    "description": "\"பெய்த மழை - இத்தொடரை வினைத்தொகையாக மாற்று\"",
    "options": [
      "பெய்த மழை.",
      "மழை பெய்தது.",
      "மழை பெய்து.",
      "மழை பெய்துகொண்டிருந்தது."
    ],
    "answer": "B",
    "additional_context": "பருப்பொருள்கள் சிதறும்படியாகப் பல ஊழிக் காலங்கள் கடந்து சென்றன. புவி உருவானபோது நெருப்புப் பந்துபோல் விளங்கிய ஊழிக்காலம் தோன்றியது. பின்னர்ப் புவி குளிரும்படியாகத் தொடர்ந்து மழை பொழிந்த ஊழிக் காலம் கடந்தது. அவ்வாறு தொடர்ந்து பெய்த மழையால் புவி வெள்ளத்தில் மூழ்கியது. இப்படி மீண்டும் மீண்டும் சிறப்பாகிய ஆற்றல் மிகுந்து செறிந்து திரண்டு இப்படியாக (வெள்ளத்தில் மூழ்குதல்) நடந்த இந்தப் பெரிய உலகத்தில், உயிர்கள் வாழ்வதற்கு ஏற்ற சூழலாகிய உள்ளீடு தோன்றியது. உயிர்கள் தோன்றி நிலைபெறும்படியாக இப்பெரிய புவியில் ஊழிக்காலம் கடந்தது."
  }
]
