
[
  {
    "description": "______________ மரத்தின் மீதேறி கரடிகள் இனிப்பான பூக்களை உண்ணும்.",
    "options": [
      "பலா",
      "அத்தி",
      "இலுப்பை",
      "மூங்கில்"
    ],
    "answer": "C",
    "additional_context": "இலுப்பை மரத்தின் மீதேறி கரடிகள் இனிப்பான இலுப்பைப் பூக்களை உண்ணும். இலுப்பைப் பூக்கள் இனிப்பானவை.  கரடிகள் மரத்தின் மீதேறி அவற்றைப் பறித்து உண்ணும்."
  },
  {
    "description": "______________ பூவில் காய் தோன்றி கனியாகும்.",
    "options": [
      "இலுப்பை",
      "பாதிரி",
      "மூங்கில்",
      "நெருஞ்சி"
    ],
    "answer": "D",
    "additional_context": "மூங்கில் பூவில் காய் தோன்றிக் கனியாகி அதிலிருந்து ஒருவகை அரிசி தோன்றும். இது மூங்கில் அரிசி எனப்படும்."
  },
  {
    "description": "______________ மலர் அகவிதழ் முதலிய உறுப்புகள் இருந்தும் புறத்தே காட்சிப்படாது.",
    "options": [
      "சுள்ளி",
      "பலா",
      "பாதிரி",
      "இலுப்பை"
    ],
    "answer": "B",
    "additional_context": "அகவிதழ் முதலிய உறுப்புகள் இருந்து அவை புறத்தே காட்சிப்படாமல் உள்ளேயே பொதிந்திருக்கும் மலர்கள்: அத்தி, ஆலம், கொழிஞ்சி, பலா."
  },
  {
    "description": "______________ மலர் பெயர் தெரிந்தாலும் எது என்பது நிச்சயமாகத் தெரியாது.",
    "options": [
      "ஆல",
      "பலா",
      "சுள்ளி",
      "அத்தி"
    ],
    "answer": "C",
    "additional_context": "மலர் உண்டு; பெயரும் உண்டு; ஆனால் இதுதான் அது என்று உறுதியாக அறிய இயலாதுள்ள நிலையில் இருக்கும் மலர்கள்: சுள்ளி மலர், பாங்கர் மலர்."
  },
  {
    "description": "எந்த மலர்கள் மலர்ந்திருப்பது கண்ணுக்குத் தெரியாது?",
    "options": [
      "a) பலா மலர், அத்தி மலர்",
      "b) ஆல மலர், சுள்ளி மலர்",
      "c) ஆல மலர், பலா மலர்",
      "d) பூளை, முருங்கை"
    ],
    "answer": "C",
    "additional_context": "பூ உண்டு. ஆனால் கண்ணிற்குக் காட்சி தராமல் காண்டற்கு அரியனவாய் இருக்கும் மலர்கள்: ஆல மலர்; பலா மலர்."
  }
]
