
[
  {
    "description": "“முன்னுக்குப் பின் மறக்க நினைக்கிறேன்” என்ற வாக்கியத்தை,  “கொஞ்சம் அதிகம்” என்ற சொல்லைப் பயன்படுத்தி மாற்றி எழுது.",
    "options": [
      "கொஞ்சம் அதிகம் முன்னுக்குப் பின் மறக்க நினைக்கிறேன்.",
      "கொஞ்சம் அதிகம் மறக்க நினைக்கிறேன்.",
      "முன்னுக்குப் பின் கொஞ்சம் அதிகம் மறக்க நினைக்கிறேன்.",
      "மறக்க நினைக்கிறேன், கொஞ்சம் அதிகம்."
    ],
    "answer": "B",
    "additional_context": "இந்தக் கேள்வி பாடப் பகுதியில் உள்ள 'பின்வரும் தொடர்களைக் கொண்டு பொருத்தமான தொடர் அமைக்க' என்ற பயிற்சியை அடிப்படையாகக் கொண்டு உருவாக்கப்பட்டது. இந்தப் பயிற்சியில், 'முன்னுக்குப் பின்', 'மறக்க நினைக்கிறேன்', 'கொஞ்சம் அதிகம்' போன்ற சொற்களைப் பயன்படுத்தி ஒரு வாக்கியம் அமைக்க வேண்டும். இந்தக் கேள்வியில், 'கொஞ்சம் அதிகம்' என்ற சொல்லைப் பயன்படுத்தி 'முன்னுக்குப் பின் மறக்க நினைக்கிறேன்' என்ற வாக்கியத்தை மாற்றி எழுத வேண்டும்."
  },
  {
    "description": "“உயர்ந்ததென்ற செம்மாந்த கூற்றிற்கு” என்ற தொடரின் பொருள் என்ன?",
    "options": [
      "மிகவும் சிறந்தது என்று போற்றப்படுவதற்கு.",
      "மிகவும் கடினமானது என்று கூறப்படுவதற்கு.",
      "மிகவும் பழமையானது என்று கூறப்படுவதற்கு.",
      "மிகவும் மதிப்புடையது என்று கூறப்படுவதற்கு."
    ],
    "answer": "A",
    "additional_context": "இந்தக் கேள்வி பாடப் பகுதியில் உள்ள 'தொகைச் சொற்களைப் பிரித்து எழுதி, தமிழ் எண்ணுரு தருக' என்ற பயிற்சியை அடிப்படையாகக் கொண்டு உருவாக்கப்பட்டது. இந்தப் பயிற்சியில், 'உலக மொழிகளில் உயர்ந்ததென்ற செம்மாந்த கூற்றிற்கு, தமிழ் இலக்கியங்களில் அமைந்துள்ள இருதிணை அமைப்பே காரணமாகும்' என்ற வாக்கியத்தில் உள்ள 'உயர்ந்ததென்ற செம்மாந்த கூற்றிற்கு' என்ற தொடரின் பொருளைப் புரிந்து கொள்ள வேண்டும்."
  },
  {
    "description": "“ஐந்திணைகளில் அழகுற விளக்குபவை சங்க இலக்கியங்கள்” என்ற வாக்கியத்தில் “ஐந்திணைகள்” என்ற சொல் குறிப்பிடுவது என்ன?",
    "options": [
      "தமிழகத்தின் ஐந்து புவியியல் பிரிவுகள்.",
      "தமிழ் இலக்கியங்களில் உள்ள ஐந்து வகைப் பாடல்கள்.",
      "தமிழ் மொழியின் ஐந்து எழுத்து வகைகள்.",
      "தமிழகத்தின் ஐந்து வகை மக்கள்."
    ],
    "answer": "B",
    "additional_context": "இந்தக் கேள்வி பாடப் பகுதியில் உள்ள 'தொகைச் சொற்களைப் பிரித்து எழுதி, தமிழ் எண்ணுரு தருக' என்ற பயிற்சியை அடிப்படையாகக் கொண்டு உருவாக்கப்பட்டது. இந்தப் பயிற்சியில், 'முப்பாலை முழுமையாகத் தந்த தமிழின் சிறப்பினை ஐந்திணைகளில் அழகுற விளக்குபவை சங்க இலக்கியங்கள்' என்ற வாக்கியத்தில் உள்ள 'ஐந்திணைகள்' என்ற சொல்லின் பொருளைப் புரிந்து கொள்ள வேண்டும்."
  },
  {
    "description": "“மூவேந்தர்களால் நாற்றிசையும் போற்றி வளர்க்கப்பட்ட முத்தமிழே” என்ற வரிகளில் “முத்தமிழ்” என்ற சொல் குறிப்பிடுவது என்ன?",
    "options": [
      "மூன்று தமிழர்களின் இலக்கியம்.",
      "மூன்று வகையான தமிழ் இலக்கியங்கள்.",
      "தமிழ் மொழியின் மூன்று முக்கியமான இலக்கணங்கள்.",
      "தமிழகத்தின் மூன்று முக்கிய நகரங்கள்."
    ],
    "answer": "B",
    "additional_context": "இந்தக் கேள்வி பாடப் பகுதியில் உள்ள 'தொகைச் சொற்களைப் பிரித்து எழுதி, தமிழ் எண்ணுரு தருக' என்ற பயிற்சியை அடிப்படையாகக் கொண்டு உருவாக்கப்பட்டது. இந்தப் பயிற்சியில், 'மூவேந்தர்களால் நாற்றிசையும் போற்றி வளர்க்கப்பட்ட முத்தமிழே' என்ற வரிகளில் உள்ள 'முத்தமிழ்' என்ற சொல்லின் பொருளைப் புரிந்து கொள்ள வேண்டும்."
  },
  {
    "description": "“தொகைச் சொற்களைப் பிரித்து எழுதுக” என்ற கேள்விக்கான பதில் என்ன?",
    "options": [
      "ஒரு சொல்லைத் தொகைச் சொல்லாக மாற்றுதல்.",
      "தொகைச் சொற்களைப் பிரித்து எழுதுதல்.",
      "தொகைச் சொற்களைப் பயன்படுத்தி வாக்கியம் எழுதுதல்.",
      "தொகைச் சொற்களின் வகைகளை வகைப்படுத்தல்."
    ],
    "answer": "B",
    "additional_context": "இந்தக் கேள்வி பாடப் பகுதியில் உள்ள 'தொகைச் சொற்களைப் பிரித்து எழுதி, தமிழ் எண்ணுரு தருக' என்ற பயிற்சியை அடிப்படையாகக் கொண்டு உருவாக்கப்பட்டது. இந்தப் பயிற்சியில், தொகைச் சொற்களை எப்படிப் பிரித்து எழுதுவது என்பதைப் புரிந்து கொள்ள வேண்டும்."
  }
]
