[
          
  {
    
          "description": "'பண்டைய இலக்கியம்' எப்படி பாரம்பரிய உணவைப் பற்றிய அறிவைப் பெற உதவும்?",
          "options": [
      "பண்டைய மக்களின் உணவுப் பழக்கவழக்கங்களைத் தெரிந்து கொள்ளலாம்.",
      "பழமொழிகள் மற்றும் பழங்கதைகளிலிருந்து பாரம்பரிய உணவுப் பொருட்கள் பற்றிய அறிவைப் பெறலாம்.",
      "பண்டைய மருத்துவ நூல்களில் உணவுப் பற்றிய தகவல்களைப் பெறலாம்.",
      "மேற்கண்ட அனைத்தும்"
    ],
    "answer": "D",
    
          "additional_context": "நமது பாரம்பரிய உணவுப் பற்றி பழங்காலத்தில் எப்படி இருந்தது என்பதを知るために, பண்டைய இலக்கியத்தைப் பயன்படுத்தலாம். பண்டைய மக்களின் உணவு பழக்க வழக்கங்கள், பாரம்பரிய உணவுப் பொருட்கள் மற்றும் அவற்றின் மருத்துவ குணங்கள் பற்றிய தகவல்களை அந்த காலத்திய நூல்கள், பழமொழிகள் மற்றும் கதைகள் மூலம் நாம் தெரிந்துகொள்ளலாம்.  உதாரணமாக, 'நொறுங்கத் தின்றால் நூறு வயது' என்ற பழமொழியிலிருந்து உணவை நன்றாக மென்று சாப்பிடுவதன் முக்கியத்துவத்தை நாம் அறிந்து கொள்ள முடியும்.  "
          }
        ,
          
  {
    
          "description": "பழமொழிகள் மற்றும் விழிப்புணர்வுத் தொடர்களை அகரவரிசைப்படுத்தி வகுப்பறையில் காட்சிப்படுத்தும் செயல்திட்டத்தில், எதைப் பயன்படுத்தி ஞாபகப்படுத்துவது சிறந்தது?",
          "options": [
      "கதைப் புத்தகங்கள்",
      "சுவரொட்டிகள்",
      "படங்கள்",
      "அனைத்தும் சரியானவை"
    ],
    "answer": "D",
    
          "additional_context": "பழமொழிகள் மற்றும் விழிப்புணர்வுத் தொடர்களை அகரவரிசைப்படுத்தி வகுப்பறையில் காட்சிப்படுத்துவதற்கு கதை புத்தகங்கள், சுவரொட்டிகள் மற்றும் படங்களைப் பயன்படுத்தலாம்.  இது மாணவர்கள் தங்கள்  பாரம்பரிய உணவுப் பழக்கங்களை நினைவுபடுத்த உதவும். மேலும், படங்கள் மூலம்  உணவுப் பழக்க வழக்கங்கள் மற்றும் அதன் நன்மைகள்  பற்றிய அறிவை எளிதாகப் பெற முடியும். "
          }
        ,
          
  {
    
          "description": "'நொறுங்கத் தின்றால் நூறு வயது' என்ற பழமொழியின் பொருள் என்ன?",
          "options": [
      "உணவை மென்று மென்று சாப்பிடுவது ஆரோக்கியமானது",
      "உணவு உட்கொள்ளும் விதத்தைப் பொருத்து ஆயுள் மாறுபடும்",
      "உணவை சிறு துண்டுகளாக நறுக்கி சாப்பிட வேண்டும்",
      "உணவை நன்றாக மென்று சாப்பிடுவது ஆரோக்கியமானது மற்றும் நீண்ட ஆயுளைத் தரும்"
    ],
    "answer": "D",
    
          "additional_context": "நம் முன்னோர்கள் கூறிய  'நொறுங்கத் தின்றால் நூறு வயது' என்ற பழமொழி,  நாம் சாப்பிடும் உணவை நன்றாக மென்று சாப்பிடுவது நமது உடல் ஆரோக்கியத்திற்கு மிகவும் நல்லது என்பதை  உணர்த்துகிறது. உணவை நன்றாக மென்று சாப்பிடுவதால், உணவு நன்றாக ஜீரணிக்கப்பட்டு நமது உடல் ஆரோக்கியமாக இருக்கும், மேலும் நீண்ட ஆயுள் பெறலாம் என்பது இதன் பொருள்."
          }
        ,
          
  {
    
          "description": "'தம்பி.. உனக்குப் பிடிச்ச காய் சொல்லு?' என்ற கேள்வியின் மூலம் எந்த விஷயத்தை எடுத்துரைக்க விரும்பப்படுகிறது?",
          "options": [
      "குழந்தைகளின் உணவுப் பழக்கங்கள் குறித்த கவலை",
      "பாரம்பரிய உணவுகளைப் பற்றிய விழிப்புணர்வை ஏற்படுத்துதல்",
      "குழந்தைகளிடம் உணவுப் பழக்கங்களைப் பற்றிப் பேசுவது முக்கியம்",
      "அனைத்தும் சரியானவை"
    ],
    "answer": "D",
    
          "additional_context": "சரியான உணவுப் பழக்கம் குழந்தைகளுக்கு மிகவும் முக்கியம்.  'தம்பி.. உனக்குப் பிடிச்ச காய் சொல்லு?' என்ற கேள்வி, குழந்தைகளின் உணவுப் பழக்கங்கள் குறித்த கவலை, பாரம்பரிய உணவுகளைப் பற்றிய விழிப்புணர்வை ஏற்படுத்துதல் மற்றும் குழந்தைகளிடம் உணவுப் பழக்கங்களைப் பற்றிப் பேசுவது முக்கியம் என்பதை  எடுத்துக்காட்டுகிறது.   சிறிய வயதிலேயே  குழந்தைகளுக்கு  பாரம்பரிய உணவுகளைப் பற்றிய விழிப்புணர்வு ஏற்படுத்த வேண்டும்."
          }
        ,
          
  {
    
          "description": "'சரியா சாப்பிட மாட்டேங்கிறான் டாக்டர்' என்ற வாக்கியத்தில் எந்த வார்த்தையைப் பயன்படுத்தி உணவைப் பற்றிய கவலையை எடுத்துக்காட்டுகிறார்?",
          "options": [
      "டாக்டர்",
      "சாப்பிட",
      "சரியா",
      "மாட்டேங்கிறான்"
    ],
    "answer": "C",
    
          "additional_context": "'சரியா' என்ற வார்த்தை மூலம் உணவைப் பற்றிய கவலையை எடுத்துக்காட்டுகிறார். 'சரியா சாப்பிட மாட்டேங்கிறான் டாக்டர்' என்ற வாக்கியம், குழந்தை சரியான உணவுப் பழக்கத்தை  பின்பற்றுவதில்லை என்பதைக் காட்டுகிறது. இதன் மூலம்  சரியான உணவை உட்கொள்வதன் முக்கியத்துவத்தை  நாம்  மீண்டும்  உணர முடிகிறது."
          }
        ]