
[
  {
    "description": "“மலைவாழ்வார்” என்ற சொல்லில் மறைந்துள்ள தொகையை அடையாளம் கண்டு தொடரில் அமைக்கவும்.",
    "options": [
      "A - மலைவாழ்வார் - இயல்புத்தொகை - மலை வாழ்வார்  நல்ல உடல் ஆரோக்கியம் உடையவர்கள்.",
      "B - மலைவாழ்வார் - பண்புத்தொகை - மலை வாழ்வார்  நல்ல உடல் ஆரோக்கியம் உடையவர்கள்.",
      "C - மலைவாழ்வார் - இயல்புத்தொகை - மலை வாழ்வார்  நல்ல உடல் ஆரோக்கியம் உடையவர்கள்.",
      "D - மலைவாழ்வார் - பண்புத்தொகை - மலை வாழ்வார்  நல்ல உடல் ஆரோக்கியம் உடையவர்கள்."
    ],
    "answer": "A",
    "additional_context": "இந்தப் பாடத்தில் உள்ள  சொற்களில் மறைந்துள்ள தொகைகளை அடையாளம் காண வேண்டும். எடுத்துக்காட்டாக, 'இன்சொல்' என்பது பண்புத்தொகை. அதாவது 'இனிமையான சொல்' என்பதை குறிக்கிறது. 'மலைவாழ்வார்' என்ற சொல் எந்த வகையான தொகை என்பதை கண்டுபிடித்து தொடரில் அமைக்க வேண்டும். "
  },
  {
    "description": "“முத்துப்பல்” என்ற சொல்லில் மறைந்துள்ள தொகையை அடையாளம் கண்டு தொடரில் அமைக்கவும்.",
    "options": [
      "A - முத்துப்பல் - பண்புத்தொகை - முத்துப்பல் படைத்தவள் அவள்.",
      "B - முத்துப்பல் - இயல்புத்தொகை - முத்துப்பல் படைத்தவள் அவள்.",
      "C - முத்துப்பல் - பண்புத்தொகை - முத்துப்பல் படைத்தவள் அவள்.",
      "D - முத்துப்பல் - இயல்புத்தொகை - முத்துப்பல் படைத்தவள் அவள்."
    ],
    "answer": "A",
    "additional_context": "இந்தப் பாடத்தில் உள்ள  சொற்களில் மறைந்துள்ள தொகைகளை அடையாளம் காண வேண்டும். எடுத்துக்காட்டாக, 'இன்சொல்' என்பது பண்புத்தொகை. அதாவது 'இனிமையான சொல்' என்பதை குறிக்கிறது. 'முத்துப்பல்' என்ற சொல் எந்த வகையான தொகை என்பதை கண்டுபிடித்து தொடரில் அமைக்க வேண்டும். "
  }
]
