[
          
  {
    
          "description": "'அறிஞருக்கு நூல்', 'அறிஞரது நூல்' ஆகிய சொற்றொடர்களில் பொருள் வேறுபாட்டிற்கான காரணம் என்ன?",
          "options": [
      "அ) வேற்றுமை உருபு",
      "ஆ) எழுவாய்",
      "இ) உவம உருபு",
      "ஈ) உரிச்சொல்"
    ],
    "answer": [
      "அ"
    ],
    
          "additional_context": "இரண்டு சொற்றொடர்களும் 'அறிஞர்' என்ற சொல்லைக் குறிக்கின்றன.  'அறிஞருக்கு நூல்' என்ற சொற்றொடரில் 'அறிஞர்' என்பவர் நூலைப் பெறுபவர் என்பதை வேற்றுமை உருபு  'க்கு' காட்டுகிறது.  'அறிஞரது நூல்' என்ற சொற்றொடரில் 'அறிஞர்' என்பவர்  நூலை உருவாக்கியவர்  என்பதை  'அது'  என்ற உருபு காட்டுகிறது."
          }
        ,
          
  {
    
          "description": "காசிக்காண்டம் என்பது -",
          "options": [
      "அ) காசி நகரத்தின் வரலாற்றைப் பாடும் நூல்",
      "இ) காசி நகரத்தின் பெருமையைப் பாடும் நூல்",
      "ஆ) காசி நகரத்தைக் குறிக்கும் மறுபெயர்",
      "ஈ) காசி நகரத்திற்கு வழிப்படுத்தும் நூல்"
    ],
    "answer": [
      "இ"
    ],
    
          "additional_context": "காசிக்காண்டம் என்பது  'ராமாயணம்'  என்ற  மகா காப்பியத்தில்  ஒரு பகுதி. இது  காசி நகரத்தின்  பெருமையைப்  பாடும்  கதைப் பகுதி.  இந்தப் பகுதியில்  ராமர்  தனது  தம்பி  பரதனை  காசி  நகரத்தில்  சந்தித்து  அவரை  ராமர்  தன்  இடத்திற்கு  வருமாறு  சொல்வது  கூறப்பட்டுள்ளது."
          }
        ,
          
  {
    
          "description": "புறநானூற்றில் குறிப்பிடப்பட்டுள்ள விருந்தோம்பல் செயல் எந்த மாதிரியான விருந்தோம்பலைப் பற்றியது?",
          "options": [
      "அ) நிலத்திற்கேற்ற விருந்து",
      "ஆ) இன்மையிலும் விருந்து",
      "இ) அல்லிலும் விருந்து",
      "ஈ) உற்றாரின் விருந்து"
    ],
    "answer": [
      "ஆ"
    ],
    
          "additional_context": "புறநானூறு  தொன்மையான  தமிழக  வாழ்க்கையைப்  பற்றி  கூறும்  நூல். இதில்  பல  கவிதைகள்  இடம்பெற்றுள்ளன. இதில்  விருந்தோம்பல்  பற்றி  பல  வகையான  நிகழ்வுகள்  சொல்லப்படுகின்றன. ஒரு கவிதை  விருந்தினர்களை  பேணுவதற்காக  ஒரு  கவிஞர்  தனது  சீறியாழை  பணையம்  வைத்து  விருந்தளித்த  நிகழ்வை  சொல்லும்  கவிதை.  இது  ஒரு  ஏழ்மையான  நிலையிலும்  விருந்தளித்த  நிகழ்வு.  இதிலிருந்து  அந்தக்  காலத்தில்  விருந்தோம்பல்  எவ்வளவு  முக்கியமானது  என்பதை  உணர முடிகிறது."
          }
        ,
          
  {
    
          "description": "“விருந்தினரைப் பேணுவதற்குப் பொருள் தேவைப்பட்டதால், தன் கருங்கோட்டுச் சீறியாழைப் பணையம் வைத்து விருந்தளித்தான் என்கிறது புறநானூறு'. இந்தச் செய்தியில் விளக்கப்படும் பண்புகளைத் தேர்ந்தெடுக்கவும்:",
          "options": [
      "அ) தன்னலமின்மை, தாராள மனம்",
      "ஆ)  பொருளாதார நிலை, விருந்தோம்பல்",
      "இ)  சமூகப் பொறுப்பு, நேர்மை",
      "ஈ)  குடும்பப் பண்பாடு, மரியாதை"
    ],
    "answer": [
      "அ"
    ],
    
          "additional_context": "இந்தக்  கவிதை  ஒரு  கவிஞர்  விருந்தினரைப்  பேணுவதற்காக  தனது  சீறியாழைப்  பணையம்  வைத்து  விருந்தளித்த  நிகழ்வை  சொல்கிறது.  இதிலிருந்து  அந்தக்  காலத்தில்  விருந்தினர்களை  மதிப்பது  மற்றும்  தாராள  மனப்பான்மை  எவ்வளவு  முக்கியமானது  என்பதை  உணர முடிகிறது.   விருந்தினரை  மதிப்பது  என்ற  ஒரு  நல்ல  பண்பை  அந்தக்  காலத்தில்  மக்கள்  வளர்த்து  வந்தார்கள்."
          }
        ,
          
  {
    
          "description": "'சிலம்பு அடைந்திருந்த பாக்கம் எய்தி' என்னும் அடியில், 'பாக்கம்' என்ற சொல் குறிக்கும் இடத்தின் தன்மையை  விளக்கும் விருந்தோம்பல் குறித்த நிகழ்வைச் சிறிய சிறுகதையாக எழுதுங்கள்.",
          "options": [
      "அ) நகரத்து விருந்தோம்பல் - வசதி படைத்தவர் விருந்தளித்தல்",
      "ஆ)  கிராமத்து விருந்தோம்பல் - ஏழ்மையிலும் விருந்தோம்பல்",
      "இ)  பழங்கால விருந்தோம்பல் -  மன்னர்களின் விருந்தோம்பல்",
      "ஈ)  நவீன விருந்தோம்பல் - சிறப்பு நிகழ்வுகளுக்கான விருந்து"
    ],
    "answer": [
      "B"
    ],
    
          "additional_context": "இந்தக்  கவிதையில்  'பாக்கம்'  என்ற  சொல்  ஒரு  கிராமத்தைக்  குறிக்கிறது.  இந்தக்  கிராமத்தில்  ஒரு  கவிஞர்  விருந்தினர்களாக  வந்த  மன்னர்களை  அன்புடன்  வரவேற்று  விருந்தளிக்கிறார்.  அவர்  தனது  சீறியாழைப்  பணையம்  வைத்து  அவர்களுக்கு  விருந்து  அளிக்கிறார்.  இந்தக்  கிராமத்தில்  விருந்தோம்பல்  எவ்வளவு  முக்கியமானது  என்பதை  இந்தக்  கவிதை  நமக்கு  உணர்த்துகிறது."
          }
        ]