
[
  {
    "description": "“கானடை” என்ற சொல்லைப் பிரித்துப் பார்த்தால், ________ என்பது ஒரு பொருள்.",
    "options": [
      "காட்டுக்கு நடத்தல்",
      "காட்டைச் சேர்",
      "காலால் நடத்தல்",
      "கான் அடை"
    ],
    "answer": "B",
    "additional_context": "சொற்களைப் பிரித்துப் பார்த்துப் பொருள் தருக.\n1. கானடை 2. வருந்தாமரை 3. பிண்ணாக்கு 4. பலகையொலி\nஎ.கா.\nகானடை என்பதை,\nகான் அடை – காட்டைச் சேர்\nகான் நடை - காட்டுக்கு நடத்தல்\nகால் நடை - காலால் நடத்தல்\nஇவ்வாறு மூன்று வகையாகப் பிரித்துப் பொருள் கூறலாம்."
  },
  {
    "description": "“வருந்தாமரை” என்ற சொல்லைப் பிரித்துப் பார்த்தால், ________ என்பது ஒரு பொருள்.",
    "options": [
      "வருந்தும் மலர்",
      "வரும் தாமரை",
      "வருந்தாத தாமரை",
      "வரும் அழகு"
    ],
    "answer": "C",
    "additional_context": "சொற்களைப் பிரித்துப் பார்த்துப் பொருள் தருக.\n1. கானடை 2. வருந்தாமரை 3. பிண்ணாக்கு 4. பலகையொலி\nஎ.கா.\nகானடை என்பதை,\nகான் அடை – காட்டைச் சேர்\nகான் நடை - காட்டுக்கு நடத்தல்\nகால் நடை - காலால் நடத்தல்\nஇவ்வாறு மூன்று வகையாகப் பிரித்துப் பொருள் கூறலாம்."
  },
  {
    "description": "“பிண்ணாக்கு” என்ற சொல்லைப் பிரித்துப் பார்த்தால், ________ என்பது ஒரு பொருள்.",
    "options": [
      "பின் நாக்கு",
      "பிணை நாக்கு",
      "பிண்ணாக்கு",
      "பின் அக்கு"
    ],
    "answer": "C",
    "additional_context": "சொற்களைப் பிரித்துப் பார்த்துப் பொருள் தருக.\n1. கானடை 2. வருந்தாமரை 3. பிண்ணாக்கு 4. பலகையொலி\nஎ.கா.\nகானடை என்பதை,\nகான் அடை – காட்டைச் சேர்\nகான் நடை - காட்டுக்கு நடத்தல்\nகால் நடை - காலால் நடத்தல்\nஇவ்வாறு மூன்று வகையாகப் பிரித்துப் பொருள் கூறலாம்."
  },
  {
    "description": "“பலகையொலி” என்ற சொல்லைப் பிரித்துப் பார்த்தால், ________ என்பது ஒரு பொருள்.",
    "options": [
      "பலகை அளி",
      "பலகை ஓலி",
      "பலகை ஒளி",
      "பலகை உளி"
    ],
    "answer": "B",
    "additional_context": "சொற்களைப் பிரித்துப் பார்த்துப் பொருள் தருக.\n1. கானடை 2. வருந்தாமரை 3. பிண்ணாக்கு 4. பலகையொலி\nஎ.கா.\nகானடை என்பதை,\nகான் அடை – காட்டைச் சேர்\nகான் நடை - காட்டுக்கு நடத்தல்\nகால் நடை - காலால் நடத்தல்\nஇவ்வாறு மூன்று வகையாகப் பிரித்துப் பொருள் கூறலாம்."
  },
  {
    "description": "“ஆத்திசூடி”யில் ________ தொடர்கள் உள்ளன.",
    "options": [
      "100",
      "150",
      "200",
      "250"
    ],
    "answer": "A",
    "additional_context": "செயல்திட்டம்\nஔவையாரின் ஆத்திசூடி, பாரதியாரின் ஆத்திசூடி ஆகிய இரண்டின் முதல் பத்துத் தொடர்களை\nஒப்பிட்டு, நாள்தோறும் ஒரு தொடர் என்னும் அடிப்படையில் கருத்துகளைக் காலை வழிபாட்டு\nநிகழ்வில் வழங்குக."
  }
]
