
[
  {
    "description": "கவிஞன் காலத்தை வெல்வது எப்படி என்று கண்ணதாசன் கூறுகிறார்?",
    "options": [
      "காலத்தைக் கணிப்பதன் மூலம்",
      "காலத்தை எதிர்த்துப் போராடுவதன் மூலம்",
      "காலத்தின் ஓட்டத்தை மாற்றுவதன் மூலம்",
      "காலத்திற்கு அடிபணிவதன் மூலம்"
    ],
    "answer": "A",
    "additional_context": "கவிஞன் என்பவன் யார்? அவன் குணம் என்ன? அவன் பணி என்ன?\nமனம் என்னும் வயலில், சொல்லேர் உழவனாக, சிந்தனை விதையைத்\nதூவி, மடமைக் களை பறித்து, தத்துவ நீர் பாய்ச்சி, அறம் என்னும்\nகதிர் அறுப்பவன் கவிஞன். காலத்தைக் கணிப்பதால் காலத்தை\nவென்றவனாகிறான்."
  },
  {
    "description": "கண்ணதாசன் கவிதையின்  \"புகழுடைத் தெய்வம்\" என்ற வரியின் பொருள் என்ன?",
    "options": [
      "கவிஞனின்  புகழ்  தெய்வத்திற்கு  சமம் ",
      "கவிஞன் தெய்வத்தைப் போல் புகழை  பெறுகிறான்",
      "கவிஞன் புகழை  தெய்வமாக  நம்புகிறான்",
      "கவிஞனின்  புகழை  தெய்வம்  வழங்குகிறது "
    ],
    "answer": "A",
    "additional_context": "கவிஞன் யானோர் காலக் கணிதம்\nகருப்படு பொருளை உருப்பட வைப்பேன்!\nபுவியில் நானோர் புகழுடைத் தெய்வம்\nபொன்னினும் விலைமிகு பொருளென் செல்வம்!"
  },
  {
    "description": "\"வளமார் கவிகள் வாக்குமூலங்கள்\" என்ற வரியில், கவிஞன் வாக்குமூலங்களைக் குறிப்பிடும்போது எதை  நினைவுகூறுகிறார்?",
    "options": [
      "கவிகளின்   மதிப்பு   மரணத்திற்கு  பிறகு  தெரியும்",
      "கவிகளின்  வாக்குமூலங்கள்  மிகவும்   முக்கியமானவை",
      "கவிகளின்  வாக்குமூலங்கள்   பின்னாளில்   பயனுள்ளவை",
      "மேற்கண்ட  அனைத்தும்"
    ],
    "answer": "D",
    "additional_context": "வளமார் கவிகள் வாக்குமூலங்கள்\nஇறந்த பின்னாலே எழுதுக தீர்ப்பு!"
  },
  {
    "description": "\"மாற்றம் எனது மானிடத் தத்துவம்\" என்ற வரி  என்ன  தத்துவத்தை  உணர்த்துகிறது?",
    "options": [
      "மனிதன்  தன்  வாழ்நாளில்  நிறைய  மாற்றங்களை  அனுபவிக்கிறான்",
      "மாற்றம்  தான்  உலகின்  இயல்பு",
      "மாற்றத்திற்கு   மனிதன்  பயப்பட  வேண்டாம்",
      "மேற்கண்ட  அனைத்தும்"
    ],
    "answer": "D",
    "additional_context": "*மாற்றம் எனது மானிடத் தத்துவம்;\nமாறும் உலகின் மகத்துவம் அறிவேன்!"
  },
  {
    "description": "கவிதையில் \"சேரமான் காதலி\" என்ற புதினத்தை  குறிப்பிடப்படுவது  என்ன   நோக்கத்துடன்  இருக்கிறது?",
    "options": [
      "கவிஞன்  எழுதிய  புதினத்தை   அடையாளம்   காட்டுவதற்கு",
      "கவிஞனின்  சாகித்திய   அகாதெமி  விருதை   குறிப்பிடுவதற்கு",
      "கவிஞன்  இலக்கிய  உலகிலும்   சிறந்து   விளங்கியதை   உணர்த்துவதற்கு",
      "மேற்கண்ட  அனைத்தும் "
    ],
    "answer": "D",
    "additional_context": "இவர் சிறந்த கவியரங்கக் கவிஞராகவும் பேச்சாளராகவும் திகழ்ந்தவர். தன் திரைப்படப் பாடல்கள்\nவழியாக எளிய முறையில் மெய்யியலை மக்களிடையே கொண்டு சேர்த்தவர். சேரமான் காதலி\nஎன்னும் புதினத்திற்காக சாகித்திய அகாதெமி விருது பெற்றவர். இவர் தமிழக அரசின் அரசவைக்\nகவிஞராகவும் சிறப்பிக்கப்பட்டிருந்தார்."
  }
]
