[
          
  {
    
          "description": "“விலங்கு” மற்றும் “பூ” என்ற சொற்களைப் பயன்படுத்தி புதிய சொல்லை உருவாக்க முடியுமா? உருவாகும் புதிய சொல் எது?",
          "options": [
      "விலங்குப்பூ",
      "பூவிலங்கு",
      "விலங்குபூக்கள்",
      "பூவிலங்குகள்"
    ],
    "answer": "A",
    
          "additional_context": "இரண்டு சொற்களை இணைத்து புதிய சொல்லை உருவாக்கும் விளையாட்டு இது. 'விலங்கு' மற்றும் 'பூ'  என்ற சொற்களை இணைத்து  ஒரு புதிய சொல்லை உருவாக்க வேண்டும். இரண்டு சொற்களையும் இணைத்து, ''விலங்குப்பூ''  என்ற புதிய சொல் உருவாகிறது.  'விலங்குப்பூ'  என்ற சொல் ஒரு புதிய  மலரை குறிக்கும். \n இந்த விளையாட்டின் மூலம் நாம் புதிய  சொற்களை உருவாக்க  கற்றுக்கொள்ளலாம்.  "
          }
        ,
          
  {
    
          "description": "“குறளின்பம்” என்ற சொல் எந்த வினாத்தொடரில் உள்ளது?",
          "options": [
      "குறளின்பத்தில் திளைக்காத தமிழன் உண்டா?",
      "காப்பியச் சுவையை மென்றருந்துகிறாயா?",
      "சுவைக்காத இளநீர் என்றால் என்ன?",
      "மனிதகுல மேன்மை என்பது என்ன?"
    ],
    "answer": "A",
    
          "additional_context": "இந்த வினாவில் 'குறளின்பம்' என்ற சொல் எந்த வினாத்தொடரில்  இருக்கிறது என்பதை கண்டுபிடிக்க வேண்டும். நான்கு வினாத்தொடர்களை  கவனமாக படித்தால், 'குறளின்பத்தில் திளைக்காத தமிழன் உண்டா?'  என்ற வினாத்தொடரில்  'குறளின்பம்'  என்ற சொல் இருப்பதை  கண்டுபிடிக்கலாம்.  "
          }
        ,
          
  {
    
          "description": "“ஐந்து” என்ற எண்ணை தமிழ் எண்ணாக எப்படி எழுதுவது?",
          "options": [
      "ஆ",
      "ஐ",
      "எ",
      "ச"
    ],
    "answer": "B",
    
          "additional_context": "ஐந்து என்ற எண்ணை தமிழ் எண்ணாக எழுதுவது எப்படி என்பதை  கண்டுபிடிக்க  வேண்டும். தமிழ் எண்களில் ஐந்து  என்ற எண்ணை  'ஐ'  என்று எழுதுவோம்.   "
          }
        ,
          
  {
    
          "description": "கொடுக்கப்பட்ட செய்யுளில் எத்தனை எண்ணுப்பெயர்கள் உள்ளன?",
          "options": [
      "ஒன்று",
      "இரண்டு",
      "மூன்று",
      "நான்கு"
    ],
    "answer": "C",
    
          "additional_context": "கொடுக்கப்பட்ட செய்யுளில் எத்தனை  எண்ணுப்பெயர்கள் உள்ளன என்பதை  கண்டுபிடிக்க வேண்டும்.  கொடுக்கப்பட்ட செய்யுளை கவனமாக படித்தால்,  'நான்கு'  ,  'இரண்டும்'  ,  'ஆனை ஆயிரம்'  என்ற எண்ணுப்பெயர்கள்  இருப்பதை  கண்டுபிடிக்கலாம்.   "
          }
        ,
          
  {
    
          "description": "“அடவி” என்ற சொல்லின் பொருள் என்ன?",
          "options": [
      "மலை",
      "காடு",
      "ஆறு",
      "நதி"
    ],
    "answer": "B",
    
          "additional_context": " 'அடவி' என்ற சொல்லின் பொருள்  என்ன  என்பதை  கண்டுபிடிக்க  வேண்டும்.   'அடவி'   என்பது  'காடு'  என்ற  பொருளை  குறிக்கும்.   "
          }
        ]