[
          
  {
    
          "description": "'ஏர் புதிதா?' கவிதை எந்தச் சூழலில் நிகழ்கிறது?",
          "options": [
      "கடுங்குளிர் காலத்தில்",
      "வறட்சிக் காலத்தில்",
      "முதல் மழை பெய்தபின்",
      "பனிக்காலத்தில்"
    ],
    "answer": "C",
    
          "additional_context": "கவிதையின் முதல் வரி 'முதல்மழை விழுந்ததும்'  என்று தொடங்குகிறது.  முதல் மழை பெய்ததும் மண் பதமாகி உழவுக்கு ஏற்ற சூழல் ஏற்படுகிறது.  எனவே 'ஏர் புதிதா?' கவிதை முதல் மழை பெய்த பின் நிகழ்கிறது"
          }
        ,
          
  {
    
          "description": "'ஏர் புதிதா?' கவிதையில் எந்தத் திணை சார்ந்த வாழ்வியல் குறிப்பிடப்படுகிறது?",
          "options": [
      "நிலத்திணை",
      "குறிஞ்சித் திணை",
      "முல்லைத் திணை",
      "மருதத் திணை"
    ],
    "answer": "D",
    
          "additional_context": "'ஏர் புதிதா?' கவிதையில் வேளாண்மை பற்றிய விவரங்கள் அதிகமாக  குறிப்பிடப்பட்டுள்ளன.  வேளாண்மை  மருதத் திணையைச் சேர்ந்தது.  எனவே 'ஏர் புதிதா?' கவிதையில்  மருதத் திணை சார்ந்த வாழ்வியல் குறிப்பிடப்படுகிறது."
          }
        ,
          
  {
    
          "description": "'பொன் ஏர் பூட்டுதல்' பண்பாட்டைப் பற்றி எந்தக் கருத்து கவிதையில் வெளிப்படுத்தப்படுகிறது?",
          "options": [
      "பொன் ஏர் பூட்டுதல் என்பது ஒரு நவீன நடைமுறை.",
      "பொன் ஏர் பூட்டுதல் என்பது மரபான ஒரு விவசாய நடைமுறை.",
      "பொன் ஏர் பூட்டுதல் என்பது மத நிகழ்ச்சி.",
      "பொன் ஏர் பூட்டுதல் என்பது பண்டைய கால நடைமுறை."
    ],
    "answer": "B",
    
          "additional_context": "'ஏர் புதிதா?' கவிதையில் 'பொன் ஏர் பூட்டுதல்' என்பது பண்டைய காலத்திலிருந்து  தொடர்ந்து வரும் ஒரு மரபான விவசாய நடைமுறை என்று  குறிப்பிடப்படுகிறது.  இது விவசாயத்தின் முக்கியத்துவத்தை வலியுறுத்துகிறது."
          }
        ,
          
  {
    
          "description": "'ஏர் புதிதன்று, ஏறும் நுகத்தடி கண்டது'  என்ற வரியில் 'நுகத்தடி' என்பது என்னைக் குறிக்கிறது?",
          "options": [
      "ஏரின் கைப்பிடி",
      "ஏரின் மரப் பகுதி",
      "ஏரின் உலோகப் பகுதி",
      "ஏரின் அடிப்பகுதி"
    ],
    "answer": "D",
    
          "additional_context": "'ஏர் புதிதன்று, ஏறும் நுகத்தடி கண்டது' என்ற வரியில் 'நுகத்தடி' என்பது  ஏரின் அடிப்பகுதியைக் குறிக்கிறது.  ஏரின் அடிப்பகுதி  மண்ணுடன் தொடர்பு கொண்டு  உழவு செய்ய பயன்படுத்தப்படும் பகுதி"
          }
        ,
          
  {
    
          "description": "'ஏர் புதிதா?' கவிதை எந்தப் பண்பாட்டு மதிப்பைப் போற்றுகிறது?",
          "options": [
      "வேளாண்மை மட்டுமே முக்கியம்",
      "விவசாயத்தின் முக்கியத்துவம்",
      "மண் வளத்தைப் பாதுகாத்தல்",
      "நவீன தொழில்நுட்பத்தைப் பயன்படுத்துதல்"
    ],
    "answer": "B",
    
          "additional_context": "'ஏர் புதிதா?' கவிதை  விவசாயம்  மற்றும் வேளாண்மை  என்பன மிக முக்கியமானவை என்பதை  வலியுறுத்துகிறது.  'பொன் ஏர் பூட்டுதல்'  என்பது   தமிழர்  பண்பாட்டில்   முக்கியமான இடம் வகிக்கிறது.  இது   விவசாயத்தின்  முக்கியத்துவத்தையே   போற்றுகிறது."
          }
        ]