[
          
  {
    
          "description": "'மரத்தை வளர்ப்பது நன்மை பயக்கும்.' என்ற வாக்கியத்தில் எழுவாயை செழுமைப்படுத்தி எழுதுக.",
          "options": [
      "பசுமையான மரத்தை வளர்ப்பது நன்மை பயக்கும்.",
      "உயரமான மரத்தை வளர்ப்பது நன்மை பயக்கும்.",
      "மரத்தை வளர்ப்பதால் நன்மை பயக்கும்.",
      "மரத்தை வளர்ப்பது நமக்கு நன்மை பயக்கும்."
    ],
    "answer": "D",
    
          "additional_context": "மரத்தை வளர்ப்பது ஒரு சிறந்த பழக்கம். மரங்கள் நமக்கு பல நன்மைகளைத் தருகின்றன.  மரம் வளர்ப்பதன் மூலம் சுற்றுச்சூழல் பாதுகாப்பு, காற்றின் தரம் மேம்பாடு போன்ற பல நன்மைகளைப் பெறலாம். நமது வாழ்வின் ஒரு அங்கமாக மரத்தை வளர்ப்போம்."
          }
        ,
          
  {
    
          "description": "'வாழ்க்கைப்பயணமே வேறுபட்ட பாடங்களைக் கற்றுத் தருகிறது.'  என்ற வாக்கியத்தில் எழுவாயாகச் செயல்படும் சொற்றொடர் எது?",
          "options": [
      "வாழ்க்கைப்பயணமே",
      "வேறுபட்ட பாடங்களை",
      "கற்றுத் தருகிறது",
      "வாழ்க்கைப்பயணம்"
    ],
    "answer": "A",
    
          "additional_context": "வாழ்க்கை ஒரு பயணம். அந்தப் பயணத்தில் நாம் பல பாடங்களைக் கற்றுக் கொள்கிறோம். வாழ்க்கைப் பயணம் என்பது  பல சவால்கள் நிறைந்தது.  அந்த சவால்களை எதிர்கொண்டு நாம் வளர்ச்சி அடைவோம். வாழ்க்கைப்பயணம் நமக்குப் பல அனுபவங்களைக் கொடுத்து நம்மை மேம்படுத்தும்."
          }
        ,
          
  {
    
          "description": "'கல்வியே ஒருவருக்கு உயர்வு தரும்.' என்ற வாக்கியத்தில் எழுவாயைச் செழுமைப்படுத்தி எழுதுக.",
          "options": [
      "கல்வியே ஒருவருக்கு மகிழ்ச்சியைத் தரும்.",
      "நல்ல கல்வி ஒருவருக்கு உயர்வு தரும்.",
      "கல்வியே ஒருவருக்கு வாழ்க்கைத் துணையாக இருக்கும்.",
      "நம்மை வளர்க்கும் கல்வியே உயர்வு தரும்."
    ],
    "answer": "B",
    
          "additional_context": "கல்வி ஒருவருக்கு உயர்வு தரும். கல்வியின் மூலம் நாம் நம்மை மேம்படுத்திக் கொள்ளலாம். நல்ல கல்வியைப் பெறுவதன் மூலம் நாம் நல்ல வேலை வாய்ப்பைப் பெறலாம், சமுதாயத்தில் நல்ல பங்களிப்பைச் செய்யலாம். கல்வியே நமக்கு வாழ்க்கைத் துணையாக இருக்கும்."
          }
        ,
          
  {
    
          "description": "'குழந்தைகள் தனித்தனியே எழுதித்தரவேண்டும்.' என்ற வாக்கியத்தில் எழுவாயைச் செழுமைப்படுத்தி எழுதுக.",
          "options": [
      "அனைத்து குழந்தைகளும் தனித்தனியே எழுதித்தரவேண்டும்.",
      "அனைத்து குழந்தைகளும் தங்கள் கருத்துக்களை எழுதித்தரவேண்டும்.",
      "ஒவ்வொரு குழந்தையும் தனக்குத் தெரிந்ததை எழுதித்தரவேண்டும்.",
      "குழந்தைகள் தங்கள் சொந்தக் கருத்துக்களை எழுதித்தரவேண்டும்."
    ],
    "answer": "D",
    
          "additional_context": "குழந்தைகளின் கருத்துக்கள் மதிப்பு வாய்ந்தவை. அவர்களது கருத்துக்களைப் பகிர்ந்து கொள்ள  அவர்களை ஊக்கப்படுத்த வேண்டும்.  குழந்தைகள் தங்கள் கருத்துக்களை வெளிப்படுத்தும்போது அவர்களின் படைப்புத்திறன் மேம்படும். குழந்தைகளின் சுதந்திரமான சிந்தனையை வளர்க்கும்."
          }
        ,
          
  {
    
          "description": "பாரதியாரின் கவிதையில் 'வான்புகழ் கொண்ட தமிழ்நாடு' என்கிற வரி, ஆங்கிலத்தில் எவ்வாறு மொழிபெயர்க்கப்பட்டுள்ளது?",
          "options": [
      "The fame rose sky high",
      "It gave Valluva the Great",
      "For all the world to have;",
      "Which grips enraptured hearts"
    ],
    "answer": "A",
    
          "additional_context": "பாரதியாரின் பாடலில் தமிழ்நாட்டின் பெருமையைப் பற்றிப் பாடப்பட்டுள்ளது.  தமிழ்நாடு தன் வரலாற்றுப் பெருமையாலும் கலாச்சார பெருமையாலும் உலகப் புகழ் பெற்றது. தமிழ் மொழியும்  தமிழர்களின் கலாச்சாரமும் உலகப் புகழ் பெற்றவை."
          }
        ]