
[
  {
    "description": "“கானடை” என்ற சொல்லைப் பிரித்துப் பார்க்கும்போது, பின்வரும் பொருள்  எது சரியானது?",
    "options": [
      "காட்டுக்கு நடத்துதல்",
      "காட்டைச் சேர்ந்தது",
      "காட்டுக்கு அருகில் இருப்பது",
      "மேற்கண்ட எல்லாம்"
    ],
    "answer": "D",
    "additional_context": "இவ்வாறு மூன்று வகையாகப் பிரித்துப் பொருள் கூறலாம்.\nகானடை என்பதை,\nகான் அடை - காட்டைச் சேர்\nகான் நடை - காட்டுக்கு நடத்தல்\nகால் நடை - காலால் நடத்தல்"
  },
  {
    "description": "“வருந்தாமரை” என்ற சொல்லைப் பிரித்துப் பார்க்கும்போது, பின்வரும் எந்தப் பொருள்  சரியானது?",
    "options": [
      "மலர்ந்த தாமரை",
      "தாமரை மலராதது",
      "தாமரை மலரக் காத்திருப்பது",
      "தாமரை மலராததால் வருந்தும்"
    ],
    "answer": "D",
    "additional_context": "சொற்களைப் பிரித்துப் பார்த்துப் பொருள் தருக.\n1. கானடை 2. வருந்தாமரை 3. பிண்ணாக்கு 4. பலகையொலி"
  },
  {
    "description": "“பிண்ணாக்கு” என்ற சொல்லைப் பிரித்துப் பார்க்கும்போது,  பின்வரும் எந்தப் பொருள்  சரியானது?",
    "options": [
      "மீண்டும் நடைபெறும்",
      "மீண்டும் வருவது",
      "தானியங்களை அரைத்த பின் எஞ்சியது",
      "தானியங்கள் நிறைந்தது"
    ],
    "answer": "C",
    "additional_context": "சொற்களைப் பிரித்துப் பார்த்துப் பொருள் தருக.\n1. கானடை 2. வருந்தாமரை 3. பிண்ணாக்கு 4. பலகையொலி"
  },
  {
    "description": "“பலகையொலி” என்ற சொல்லைப் பிரித்துப் பார்க்கும்போது,  பின்வரும் எந்தப் பொருள்  சரியானது?",
    "options": [
      "பலகையால் ஆன ஒலி",
      "பலகை ஒலிக்கிறது",
      "பலகைக்குரிய ஒலி",
      "பலகையின் மீது விழும் ஒலி"
    ],
    "answer": "D",
    "additional_context": "சொற்களைப் பிரித்துப் பார்த்துப் பொருள் தருக.\n1. கானடை 2. வருந்தாமரை 3. பிண்ணாக்கு 4. பலகையொலி"
  },
  {
    "description": "கீழே கொடுக்கப்பட்ட வரிகளில், எந்த வார்த்தை ஒரு வகை உணவுப் பொருளைக் குறிக்கிறது?\n\n> கோடையிலே இளைப்பாற்றிக் கொள்ளும்வகை கிடைத்த\n> குளிர்தருவே தருநிழலே நிழல்கனிந்த கனியே\n> ஓடையிலே ஊறுகின்ற தீஞ்சுவைத்தண் ணீரே\n> உகந்ததண்ணீர் இடைமலர்ந்த சுகந்தமண மலரே\n> மேடையிலே வீசுகின்ற மெல்லியபூங் காற்றே\n> மென்காற்றில் விளைசுகமே சுகத்தில்உறும் பயனே\n> ஆடையிலே எனைமணந்த மணவாளா பொதுவில்\n> ஆடுகின்ற அரசேஎன் அலங்கல்அணிந் தருளே.",
    "options": [
      "குளிர்தருவே",
      "நிழல்கனிந்த",
      "ஓடையிலே",
      "மெல்லியபூங் காற்றே"
    ],
    "answer": "B",
    "additional_context": "கோடையிலே இளைப்பாற்றிக் கொள்ளும்வகை கிடைத்த\nகுளிர்தருவே தருநிழலே நிழல்கனிந்த கனியே\nஓடையிலே ஊறுகின்ற தீஞ்சுவைத்தண் ணீரே\nஉகந்ததண்ணீர் இடைமலர்ந்த சுகந்தமண மலரே\nமேடையிலே வீசுகின்ற மெல்லியபூங் காற்றே\nமென்காற்றில் விளைசுகமே சுகத்தில்உறும் பயனே\nஆடையிலே எனைமணந்த மணவாளா பொதுவில்\nஆடுகின்ற அரசேஎன் அலங்கல்அணிந் தருளே."
  }
]
