[
          
  {
    
          "description": "கம்பராமாயணத்தில் கவிதைகளின் அழகைப் பற்றி கூறும்போது, எந்தக் கவிஞரின் பாடல் வரிகளை எடுத்துக்காட்டாகத் தருகிறார்?",
          "options": [
      "பாரதியார்",
      "திருவள்ளுவர்",
      "கண்ணதாசன்",
      "பாரதிதாசன்"
    ],
    "answer": "A",
    
          "additional_context": "கவிதைப் பேழைப் பாடத்தில், கம்பர் பாடலின் அழகு பற்றி கூறுகையில், பாரதியார் “கம்பன் இசைத்த கவியெல்லாம் நான்” என்ற வரிகளை எடுத்துக்காட்டாகக் கூறுகிறார்."
          }
        ,
          
  {
    
          "description": "'உறங்கு கின்ற கும்ப கன்ன வுங்கண் மாய வாழ்வெலாம்' - இந்த வரிகளில் கும்பகருணனைப் பற்றி எந்த விஷயம் தெரிய வருகிறது?",
          "options": [
      "அவர் மிகவும் உயர்ந்தவர்",
      "அவர் தூக்கத்திலிருந்து எழுந்தார்",
      "அவர் ஒரு பெரிய சக்தி வாய்ந்தவர்",
      "அவர் விரைவில் இறக்கப் போகிறார்"
    ],
    "answer": "D",
    
          "additional_context": "கும்பகருணன் வதைப்படலத்தில் கம்பர் கும்பகருணனைப் பற்றி 'உறங்கு கின்ற கும்ப கன்ன வுங்கண் மாய வாழ்வெலாம்' என்று குறிப்பிடுகிறார். இதன் மூலம், அவன் இனி தூக்கத்தில் இருக்க முடியாது, அவன் வாழ்வு முடிவடைந்து விட்டது என்பது தெரிய வருகிறது."
          }
        ,
          
  {
    
          "description": "கம்பர் எந்த இடத்தைச் சார்ந்தவர்?",
          "options": [
      "திருவண்ணாமலை",
      "திருச்செந்தூர்",
      "திருவழுந்தூரை",
      "திருவாரூர்"
    ],
    "answer": "C",
    
          "additional_context": "கவிதைப் பேழைப் பாடத்தில், கம்பர் பற்றி கூறுகையில், 'சோழ நாட்டுத் திருவழுந்தூரைச் சார்ந்தவர்' என்று குறிப்பிடப்பட்டுள்ளது."
          }
        ,
          
  {
    
          "description": "கம்பராமாயணத்தில் சரயு ஆறு எந்தப் படலத்தில் ஓவியமாக வர்ணிக்கப்பட்டுள்ளது?",
          "options": [
      "கங்கைப்படலம்",
      "நாட்டுப்படலம்",
      "ஆற்றுப்படலம்",
      "கும்பகருணன் வதைப்படலம்"
    ],
    "answer": "C",
    
          "additional_context": "கம்பராமாயணத்தில், பாலகாண்டம், ஆற்றுப்படலத்தில், சரயு ஆறு ஓவியமாக வர்ணிக்கப்பட்டுள்ளது. கம்பன், ஆறு இயற்கையின் தோற்றமாக இல்லாமல் ஒரு ஓவியமாகக் காட்டுகிறார்."
          }
        ,
          
  {
    
          "description": "கம்பர் _____   என்ற ஒண்பாவிற்கு உயர்ந்தவர்.",
          "options": [
      "விருத்தம்",
      "வெண்பா",
      "கலி",
      "சிந்தை"
    ],
    "answer": "A",
    
          "additional_context": "கவிதைப் பேழைப் பாடத்தில், கம்பர் பற்றி கூறுகையில், 'விருத்தம் என்னும் ஒண்பாவிற்கு உயர் கம்பன்' என்று குறிப்பிடப்பட்டுள்ளது."
          }
        ]