[
          
  {
    
          "description": "'மரபுத்தொடர்'  என்பதற்குப் பொருத்தமான விளக்கம் எது?",
          "options": [
      "தலைமுறை தலைமுறையாக வழங்கி வரும் சொற்கள்",
      "பழைய வழக்கங்கள் மற்றும் நம்பிக்கைகள்",
      "அனுபவத்தால் உருவான சொற்களும் தொடர்களும்",
      "முன்னோர்களின் சொற்கள் மற்றும் செயல்கள்"
    ],
    "answer": [
      "C"
    ],
    
          "additional_context": "மரபுத்தொடர் என்பது பல தலைமுறைகளாக வழங்கி வரும் சொற்களையும், தொடர்களையும் குறிக்கும். இது நம் முன்னோர்களின் அனுபவத்தால் உருவானது. இது நம் மொழியின் செல்வமாகும். மரபுத்தொடர்களைப் பயன்படுத்துவதன் மூலம் நம் மொழியின் வளத்தையும், அழகையும் நாம் காப்பாற்ற முடியும்."
          }
        ,
          
  {
    
          "description": "'ஆறப்போடுதல்'  என்ற மரபுத்தொடருக்குப் பொருத்தமான  விளக்கம் எது?",
          "options": [
      "சண்டையைத் தணித்து சமாதானம் ஏற்படுத்துதல்",
      "கோபத்தை அடக்குதல்",
      "தொந்தரவுகளை நீக்குதல்",
      "பிரச்சனைகளை தீர்வு காணுதல்"
    ],
    "answer": [
      "A"
    ],
    
          "additional_context": "ஆறப்போடுதல் என்பது சண்டையைத் தணித்து, சமாதானம் ஏற்படுத்துவதை குறிக்கும். இது ஒரு நல்ல மரபுத்தொடர். இது சமூகத்தில் அமைதியை ஏற்படுத்த உதவுகிறது. இது நம் அனைவருக்கும் பயனுள்ளது."
          }
        ,
          
  {
    
          "description": "“_______ தேடிய களைப்பு / மின்கம்பியில் / இளைப்பாறும் குருவி”  என்ற வரிகளில் _______  என்பது _______  க்குப் பதிலாக பயன்படுத்தப்பட்டுள்ளது.",
          "options": [
      "கூடு,  மரம்",
      "மரம்,  கூடு",
      "கம்பி,  மரம்",
      "மரம்,  கம்பி"
    ],
    "answer": [
      "D"
    ],
    
          "additional_context": "இந்த வரிகளில் மரம் என்பது மின்கம்பிக்குப் பதிலாகப் பயன்படுத்தப்பட்டுள்ளது. கவிதை எழுத்தாளர் நம்மைச் சுற்றியுள்ள பொருள்களின் அழகை நாம் உணர வைக்கிறார். குருவி மரத்தைத் தேடி களைத்து மின்கம்பியில் ஓய்வு எடுக்கும் காட்சியை நாம் கற்பனை செய்து பார்க்க முடியும்."
          }
        ,
          
  {
    
          "description": "“விற்பனையில் / காற்றுப் பொட்டலம் / _______  மூச்சு விடவும்…”  என்ற வரிகளில் காற்று  _______   என்பதை  உணர்த்துகிறது.",
          "options": [
      "அரிதான,  அருமையான",
      "தூய்மையான,  சுத்தமான",
      "இன்றியமையாத,  முக்கியமான",
      "குறைவான,  சிக்கனமான"
    ],
    "answer": [
      "C"
    ],
    
          "additional_context": "காற்று என்பது இன்றியமையாத ஒன்று என்பதை இந்த வரிகள் எடுத்துக்காட்டுகின்றன. காற்றுப் பொட்டலம் விற்பனையில் இருப்பதன் மூலம் காற்றின் அரிதான தன்மையையும், அதன் முக்கியத்துவத்தையும் நாம் புரிந்துகொள்ள முடியும்."
          }
        ,
          
  {
    
          "description": "ரோமப் பேரரசர்  _______  நிறைந்த  _______  பிரசாதமாக அளித்து  _______   செய்தார்.",
          "options": [
      "தங்கம்,  ரொட்டி,  பரிசளித்தார்",
      "வெள்ளி,  ரொட்டி,  மகிழ்வித்தார்",
      "தங்கம்,  பழம்,  சேர்த்துக்கொண்டார்",
      "வெள்ளி,  பழம்,  மகிழ்வித்தார்"
    ],
    "answer": [
      "A"
    ],
    
          "additional_context": "ரோமப் பேரரசர் தங்கம் நிறைந்த ரொட்டியை பிரசாதமாக அளித்து பரிசளித்தார் என்பது இந்தக் கதையின் ஒரு முக்கியமான பகுதி. இது ரோமப் பேரரசரின் பணக்காரத்தனத்தையும், அவரது தாராள மனப்பான்மையையும் காட்டுகிறது."
          }
        ]