
[
  {
    "description": "பாசுரத்தில் பயன்படுத்தப்பட்டுள்ள \"மாயம்\" என்னும் சொல் ______ குறிக்கிறது.",
    "options": [
      "மருத்துவம்",
      "விளையாட்டு",
      "மாயாஜாலம்",
      "காதல்"
    ],
    "answer": "B",
    "additional_context": "குலசேகராழ்வார் பாடின பெருமாள் திருமொழி பாசுரத்தில் \"மாயம்\" என்ற சொல் விளையாட்டு என்கிற பொருளைத் தருகிறது. \n மருத்துவர் உடலை அறுத்துச் சுட்டாலும் அது நன்மைக்கே என உணர்ந்து நோயாளி மருத்துவரை நேசிப்பாரே, அதுபோன்று வித்துவக்கோட்டில் எழுந்தருளியிருக்கும் அன்னை, விளையாட்டு என்ற மாயத்தால் நம்மை துன்பத்திற்கு உள்ளாக்கினாலும் கூட அவள் மீதுள்ள அன்பு தளராது இருக்கும் என்பதை குறிப்பிடுகிறது. \n அதாவது விளையாட்டு என்ற சொல் அன்பின் மாயத்தில் ஏற்படும் மகிழ்ச்சியையும், தியாகத்தையும் குறிப்பிடுகிறது"
  },
  {
    "description": "குலசேகராழ்வார் வாழ்ந்த காலம் ______ ஆகும்.",
    "options": [
      "எட்டாம் நூற்றாண்டு",
      "பத்தாம் நூற்றாண்டு",
      "பன்னிரண்டாம் நூற்றாண்டு",
      "பதினான்காம் நூற்றாண்டு"
    ],
    "answer": "A",
    "additional_context": "குலசேகராழ்வார் என்பவர் தமிழ்நாட்டுப் பக்தி இலக்கியப் புலவர். இவர் பெருமாள் திருமொழி  என்பது இவரால் பாடப்பட்ட ஒரு பிரபந்தம். இவர் எட்டாம் நூற்றாண்டைச் சேர்ந்தவர்"
  }
]
