[
          
  {
    
          "description": "“மூவேந்தர்களால் நாற்றிசையும் போற்றி வளர்க்கப்பட்ட முத்தமிழே, உலக மொழிகளில்\nஉயர்ந்ததென்ற செம்மாந்த கூற்றிற்கு, தமிழ் இலக்கியங்களில் அமைந்துள்ள இருதிணை\nஅமைப்பே காரணமாகும்.” என்ற பகுதியில் பயன்படுத்தப்பட்டுள்ள “மூவேந்தர்கள்” என்ற தொகைச் சொல்லை பிரித்து எழுதி, தமிழ் எண்ணுருவை  தருக.",
          "options": [
      "மூன்று + வேந்தர்கள், மூன்று",
      "மூன்று + வேந்தர்கள், மூன்று",
      "மூன்று + வேந்தர்கள், முன்று",
      "மூன்று + வேந்தர்கள், மூன்று"
    ],
    "answer": "A",
    
          "additional_context": "இந்தப் பகுதி, தமிழ் மொழிப் பெருமையைப் பற்றிப் பேசுகிறது. தமிழ் மொழி மூவேந்தர்களால் நாற்றிசையும் போற்றி வளர்க்கப்பட்டது. தமிழ் மொழி உலக மொழிகளில் உயர்ந்தது என்று கூறப்படுவதற்கு தமிழ் இலக்கியங்களில் இருதிணை அமைப்பே காரணமாகும் என்கிறது இந்தப் பகுதி."
          }
        ,
          
  {
    
          "description": "“ஏர்பிடிக்கும் கைகளுக்கே வாழ்த்துக் கூறுவோம்” என்ற வரிகளிலிருந்து, கவிஞர் யாருக்குப் புகழாரை பாடுகிறார்?",
          "options": [
      "வறுமையை ஏற்றுக் கொண்டவர்கள்",
      "தொழில் செய்பவர்கள்",
      "வாழ்வு உயரும் வகையில் செயல்படுபவர்கள்",
      "விவசாயம் செய்பவர்கள்"
    ],
    "answer": "D",
    
          "additional_context": "இந்தப் பகுதியில் கவிஞர் கா.மு.ஷெரீப், விவசாயிகளைப் புகழ்ந்து பாடுகிறார்.  'ஏர்பிடிக்கும் கைகளுக்கே வாழ்த்துக் கூறுவோம்'  என்ற வரிகள் விவசாயத்தின் சிறப்பையும், விவசாயிகளின் உழைப்பையும் எடுத்துக்காட்டுகின்றன."
          }
        ,
          
  {
    
          "description": "கவிஞர் கா.மு.ஷெரீப் எந்த இயற்கை வளத்தைப் போற்றிப் பாடுகிறார்?",
          "options": [
      "மழை",
      "வெயில்",
      "மண் வளம்",
      "மருத நிலம்"
    ],
    "answer": "D",
    
          "additional_context": "கவிஞர் கா.மு.ஷெரீப், தமிழகத்தின் மருத நிலத்தைப் போற்றிப் பாடுகிறார். 'ஏர்பிடிக்கும் கைகளுக்கே வாழ்த்துக் கூறுவோம்'  என்ற வரிகள், மருத நிலத்தில் செழித்து வளரும் விவசாயத்தையும், விவசாயிகளின் உழைப்பையும் காட்டுகின்றன."
          }
        ,
          
  {
    
          "description": "'இல்லாமல் இருக்கிறது' என்ற தொடர் அடங்கிய பொருத்தமான தொடர் எது?",
          "options": [
      "பூக்கள் இல்லாமல் இருக்கிறது",
      "நாளை இல்லாமல் இருக்கிறது",
      "பணம் கொஞ்சம் அதிகம் இல்லாமல் இருக்கிறது",
      "மழை இல்லாமல் இருக்கிறது"
    ],
    "answer": "D",
    
          "additional_context": "இந்தப் பகுதி சங்க காலத்தில் மருத நிலம்  விவசாயத்திற்கு ஏற்ற நிலமாக இருந்தது என்பதை விளக்குகிறது. மருத நிலத்தில் செழித்து வளரும் விவசாயம், மழை பொழிவு, மண் வளம், வெயில் ஆகிய இயற்கை வளங்களைச் சார்ந்து இருந்தது. இதில் மழை மிகவும் அவசியமானது. எனவே 'மழை இல்லாமல் இருக்கிறது' என்ற தொடர் சரியான தொடர்."
          }
        ,
          
  {
    
          "description": "சங்க இலக்கியங்களில் மருத நிலம் எதற்கு பிரசித்தி பெற்றது?",
          "options": [
      "மழைக்காடுகள்",
      "மலர்கள்",
      "விவசாயம்",
      "வணிகம்"
    ],
    "answer": "C",
    
          "additional_context": "மருத நிலம் என்பது தமிழகத்தின் ஐந்து நிலங்களில் ஒன்று. சங்க காலத்தில் மருத நிலம் விவசாயத்திற்கு ஏற்ற நிலமாக இருந்தது. இங்கு நெல் போன்ற பயிர்கள் நன்கு விளைந்தன. எனவே மருத நிலம் விவசாயத்திற்குப் பிரசித்தி பெற்றது."
          }
        ]