[
          
  {
    
          "description": "'கொண்டல்', 'கோடை', 'வாடை', 'தென்றல்' ஆகிய காற்றுகள் எந்த திசைகளில் வீசுகின்றன என்பதைக் கண்டுபிடித்து, சரியான வரிசைப்படி கொடுக்கப்பட்ட விருப்பங்களில் இருந்து தேர்ந்தெடு.",
          "options": [
      "அ) 1, 2, 3, 4",
      "ஆ) 3, 1, 4, 2",
      "இ) 4, 3, 2, 1",
      "ஈ) 3, 4, 1, 2"
    ],
    "answer": [
      "D"
    ],
    
          "additional_context": "இந்தக் கேள்வி காற்றுகள் எந்த திசையில் வீசுகிறது என்பதைப் பற்றியது. 'கொண்டல்' காற்று தெற்கிலிருந்து வீசும் காற்று. 'கோடை' காற்று மேற்கிலிருந்து வீசும் காற்று. 'வாடை' காற்று கிழக்கிலிருந்து வீசும் காற்று. 'தென்றல்' காற்று வடக்கிலிருந்து வீசும் காற்று."
          }
        ,
          
  {
    
          "description": "பின்வரும் சொற்றொடர்களில் எது தொகைநிலைத் தொடரல்ல?",
          "options": [
      "நீல வானம்",
      "வீசு தென்றல்",
      "பூக்கள் மணக்கும்",
      "சூரியன் உதித்தான்"
    ],
    "answer": [
      "C"
    ],
    
          "additional_context": "தொகைநிலைத் தொடர்கள் என்பது பெயர்ச்சொல் மற்றும் வினைச்சொல்லோடு இணைந்து,  இரு சொற்களுக்கு இடையில் உருபு மறைந்து இருக்கும்.  'நீல வானம்', 'வீசு தென்றல்', 'சூரியன் உதித்தான்' ஆகியவை தொகைநிலைத் தொடர்கள். 'பூக்கள் மணக்கும்' தொடரில் இரண்டு சொற்களுக்கு இடையில் உருபு மறைந்து இல்லை. எனவே இது தொகைநிலைத் தொடரல்ல."
          }
        ,
          
  {
    
          "description": "'முறுக்கு மீசை வந்தார்' என்னும் தொடரின் தொகைநிலைத் தொடர் வகை என்ன?",
          "options": [
      "வேற்றுமைத்தொகை",
      "வினைத்தொகை",
      "உவமைத்தொகை",
      "அன்மொழித்தொகை"
    ],
    "answer": [
      "D"
    ],
    
          "additional_context": "இந்த தொடரில் 'முறுக்கு மீசையுடன் இருந்தவர் வந்தார்' என விரிந்து பொருள் தருகிறது. 'முறுக்கு மீசை'  என்னும் சொல்  வேற்றுமைத்தொகை, வினைத்தொகை, உவமைத்தொகை ஆகியவற்றைப் போல இல்லை. எனவே இது அன்மொழித்தொகை."
          }
        ,
          
  {
    
          "description": "'இரண்டாங்காடு' என்ற சொல்லின் தொகைநிலைத் தொடர் வகை என்ன?",
          "options": [
      "வேற்றுமைத்தொகை",
      "பண்புத்தொகை",
      "உம்மைத்தொகை",
      "உருபும் பயனும் உடன்தொக்க தொகை"
    ],
    "answer": [
      "D"
    ],
    
          "additional_context": "இந்த தொடர் 'இரண்டாவது காடு' என விரிந்து பொருள் தருகிறது. இரண்டு என்பது இடத்தை குறிக்கும். காடு என்பது பொருளை குறிக்கும். இந்த தொடரில் இடத்தை குறிக்கும் 'ஆவது' என்னும் உருபு மறைந்து  நின்று பொருள் தருகிறது. 'காடு' என்பது பொருளாகும். எனவே இது 'உருபும் பயனும் உடன்தொக்க தொகை' ஆகும்."
          }
        ,
          
  {
    
          "description": "பின்வரும் தொடர்களில் எது 'உருபும் பயனும் உடன்தொக்க தொகை' யின் எடுத்துக்காட்டு?",
          "options": [
      "சங்கீதக் கலை",
      "கண்ணீர் வடித்தாள்",
      "கோயில் மணி",
      "தமிழ்த்தொண்டு"
    ],
    "answer": [
      "D"
    ],
    
          "additional_context": "இந்த தொடரில் 'தமிழுக்கு செய்யும் தொண்டு' என விரிந்து பொருள் தருகிறது. 'தமிழ்' என்பது பொருள். 'தொண்டு' என்பது பொருளை விளக்கும் பயன் ஆகும். இரண்டும் சேர்ந்து 'தமிழுக்கு' என்னும் வேற்றுமை உருபு மறைந்து  நின்று பொருள் தருகிறது. எனவே இது 'உருபும் பயனும் உடன்தொக்க தொகை' ஆகும்."
          }
        ]