[
          
  {
    
          "description": "'பிண்ணாக்கு' என்ற சொல்லை பிரித்துப் பார்க்கும்போது, எந்தப் பொருள் கிடைக்காது?",
          "options": [
      "பிண்ணாக்கு -  பினை+ அக்கு (பினை நூல் அக்கு)",
      "பிண்ணாக்கு - பிண்ணு + அக்கு  (பிண்ணிய அக்கு)",
      "பிண்ணாக்கு - பிள்ளை + அக்கு (பிள்ளைக்குத் தரும் அக்கு)",
      "பிண்ணாக்கு - பிண்ணி + அக்கு  (பிண்ணிய  அக்கு)"
    ],
    "answer": "C",
    
          "additional_context": "பிண்ணாக்கு என்ற சொல்லின் பொருள் 'பிண்ணிய அக்கு' என்பதாகும். இந்த சொல்லை 'பினை + அக்கு' அல்லது 'பிண்ணு + அக்கு'  எனப் பிரித்துப் பார்க்கலாம். ஆனால், இந்த சொல்லை 'பிள்ளை + அக்கு' எனப் பிரித்துப் பார்த்தால், எந்தப் பொருளும் கிடைக்காது. ஏனெனில், 'பிள்ளை + அக்கு' என்றால் 'பிள்ளைக்குத் தரும் அக்கு' என்று பொருள்படும். 'பிண்ணாக்கு' என்ற சொல்லுக்கு அது பொருத்தமான பொருள் கிடையாது."
          }
        ,
          
  {
    
          "description": "'மென்காற்றில் விளைசுகமே சுகத்தில்உறும் பயனே' என்ற வரிகளில் உள்ள 'பயனே' என்ற சொல் எதைக் குறிக்கிறது?",
          "options": [
      "உணவு",
      "நன்மை",
      "பணம்",
      "பூக்கள்"
    ],
    "answer": "B",
    
          "additional_context": "'மென்காற்றில் விளைசுகமே சுகத்தில்உறும் பயனே' என்ற வரிகளில், 'பயனே' என்ற சொல் 'நன்மை' என்பதைக் குறிக்கிறது. மென்காற்று மனிதனுக்கு சுகத்தை தருவது போல, நன்மை சுகத்தை தரும் என்பதை இந்த வரிகள் எடுத்துக்காட்டுகின்றன. 'உணவு', 'பணம்' மற்றும் 'பூக்கள்'  ஆகியவை நன்மையை தரும் ஒரு பொருளாகும். ஆனால், 'பயனே' என்ற சொல் நன்மையின் பொதுவான ஒரு சொல்லாகப் பயன்படுத்தப்பட்டுள்ளது. "
          }
        ,
          
  {
    
          "description": "ஔவையாரின் ஆத்திசூடி மற்றும் பாரதியாரின் ஆத்திசூடி இரண்டிலும் இடம் பெறும் ஒரு தொடர் எது?",
          "options": [
      "அகர முதல எழுத்தெல்லாம்",
      "இன்பம் பிறர் செய்யின் இனிது",
      "கற்றது கையளவு",
      "குற்றம் செய்து நீ வாழ்கிலாய்"
    ],
    "answer": "A",
    
          "additional_context": "ஔவையாரின் ஆத்திசூடி மற்றும் பாரதியாரின் ஆத்திசூடி இரண்டிலும் 'அகர முதல எழுத்தெல்லாம்' என்ற தொடர் இடம் பெறுகிறது. இது ஆத்திசூடியின் முதல் தொடராகும். இதன் மூலம் ஔவைப் புலவர் எழுத்துக்களின் முக்கியத்துவத்தை எடுத்துரைக்கிறார். பாரதியாரின் ஆத்திசூடி ஔவையாரின் ஆத்திசூடியைப் பின்பற்றி எழுதப்பட்டதாகும். எனவே, இரண்டு ஆத்திசூடிகளிலும் பொதுவாக இருக்கும் தொடர் 'அகர முதல எழுத்தெல்லாம்'  என்பதாகும்."
          }
        ,
          
  {
    
          "description": "'Renaissance' என்ற கலைச்சொல்லின் தமிழ்ப் பெயர் எது?",
          "options": [
      "மீட்டுருவாக்கம்",
      "மறுமலர்ச்சி",
      "நம்பிக்கை",
      "பழமை"
    ],
    "answer": "B",
    
          "additional_context": "'Renaissance' என்ற கலைச்சொல்லின் தமிழ்ப் பெயர் 'மறுமலர்ச்சி' என்பதாகும். மறுமலர்ச்சி என்பது ஐரோப்பாவில் 14 ஆம் நூற்றாண்டு முதல் 16 ஆம் நூற்றாண்டு வரை நிகழ்ந்த கலை, இலக்கியம், அறிவியல் மற்றும் தத்துவ ஆய்வுகளின் மறுமலர்ச்சியைக் குறிக்கிறது."
          }
        ,
          
  {
    
          "description": "'மதுரகவி' என்ற சொல்லின் பொருள் என்ன?",
          "options": [
      "இனிமையான கவிதைகள் எழுதுபவர்",
      "சோகமான கவிதைகள் எழுதுபவர்",
      "நகைச்சுவை கவிதைகள் எழுதுபவர்",
      "போர் கவிதைகள் எழுதுபவர்"
    ],
    "answer": "A",
    
          "additional_context": "'மதுரகவி' என்ற சொல்லின் பொருள் 'இனிமையான கவிதைகள் எழுதுபவர்' என்பதாகும். 'மதுரம்' என்ற சொல் இனிமை, இன்பம் ஆகியவற்றைக் குறிக்கிறது. கவிதைகள் இனிமையாக இருந்தால், அது மதுரமான கவிதை என்று கூறப்படுகிறது. இதன் பொருள் மதுரகவி என்பது இனிமையான, இன்பமான கவிதைகள் எழுதுபவரைக் குறிக்கிறது."
          }
        ]