[
          
  {
    
          "description": "'அரும்பாகி மொட்டாகிப் பூவாகி.... '  என்ற தொடரை ஒட்டி, பூக்கள் பற்றிய அரிய இலக்கியச் செய்திகள் பகுதியில் இடம் பெறும் பூக்களின் வளர்ச்சி பற்றி குறிப்பிடப்பட்டுள்ள ஒரு தொடர் எது?",
          "options": [
      "a) மலர் உண்டு. ஆனால் கண்ணிற்குக் காட்சி தராமல் காண்டற்கு அரியனவாய் இருக்கும் மலர்கள்.",
      "b) மலர் உண்டு; பெயரும் உண்டு; ஆனால் இதுதான் அது என்று உறுதியாக அறிய இயலாதுள்ள நிலையில் இருக்கும் மலர்கள்.",
      "c) அகவிதழ் முதலிய உறுப்புகள் இருந்து அவை புறத்தே காட்சிப்படாமல் உள்ளேயே பொதிந்திருக்கும் மலர்கள்.",
      "d) இலுப்பைப் பூக்கள் இனிப்பானவை. "
    ],
    "answer": "C",
    
          "additional_context": "பூக்கள் பற்றிய அரிய இலக்கியச் செய்திகள் பகுதியில்  'அரும்பாகி மொட்டாகிப் பூவாகி.... ' என்ற வரிகளைப் பின்பற்றி, அகவிதழ் முதலிய உறுப்புகள் இருந்து அவை புறத்தே காட்சிப்படாமல் உள்ளேயே பொதிந்திருக்கும் மலர்கள் என்று குறிப்பிடப்பட்டுள்ள ஒரு தொடரை 'c' விருப்பத்தில் உள்ளது.  அத்தி, ஆலம், கொழிஞ்சி, பலா போன்ற மலர்களில் அகவிதழ் முதலிய உறுப்புகள் உள்ளேயே பொதிந்து இருக்கும். "
          }
        ,
          
  {
    
          "description": "'மூங்கில் பூவில் காய் தோன்றிக் கனியாகி அதிலிருந்து ஒருவகை அரிசி தோன்றும். இது மூங்கில் அரிசி எனப்படும்.'  என்ற பகுதியிலிருந்து மூங்கில் பூவைப் பற்றி எடுத்துரைக்கப்படும் அரிய தகவல் என்ன?",
          "options": [
      "a) மூங்கில் பூக்கள் இனிப்பானவை.",
      "b) மூங்கில் பூக்கள் மரத்தின் மீதேறி கரடிகளால் பறிக்கப்படுகின்றன.",
      "c) மூங்கில் பூக்கள் குடிநீருக்குத் தன் மணத்தை ஏற்றும்.",
      "d) மூங்கில் பூக்கள் காய் தோன்றிக் கனியாகி அதிலிருந்து ஒருவகை அரிசி தோன்றும்."
    ],
    "answer": "D",
    
          "additional_context": "மூங்கில் பூக்கள் பற்றிய அரிய தகவல் பகுதியில்  'மூங்கில் பூவில் காய் தோன்றிக் கனியாகி அதிலிருந்து ஒருவகை அரிசி தோன்றும். இது மூங்கில் அரிசி எனப்படும்.' என்ற வரிகள் மூங்கில் பூக்களின் அரிய தன்மையைக் காட்டுகின்றன. மூங்கில் பூக்கள் காய் தோன்றிக் கனியாகி அதிலிருந்து ஒருவகை அரிசி தோன்றும் என்பது  'd'  விருப்பத்தில் உள்ளது. "
          }
        ,
          
  {
    
          "description": "'இலுப்பைப் பூக்கள் இனிப்பானவை. கரடிகள் மறத்தின் மீதேறி அவற்றைப் பரித்து உண்ணும்.'  என்ற தொடரில் ஏற்பட்டுள்ள மயங்கொலி பிழையைத் திருத்திய தொடர் எது?",
          "options": [
      "a) இலுப்பைப் பூக்கள் இனிப்பானவை. கரடிகள் மரத்தின் மீதேறி அவற்றைப் பரித்து உண்ணும்.",
      "b) இலுப்பைப் பூக்கள் இனிப்பானவை. கரடிகள் மரத்தின் மீதேறி அவற்றைப் பறித்து உண்ணும்.",
      "c) இலுப்பைப் பூக்கள் இனிப்பானவை. கரடிகள் மறத்தின் மீதேறி அவற்றைப் பறித்து உண்ணும்.",
      "d) இலுப்பைப் பூக்கள் இனிப்பானவை. கரடிகள் மரத்தின் மீதேறி அவற்றைப் பரித்து உண்ணும்."
    ],
    "answer": "B",
    
          "additional_context": "இலுப்பைப் பூக்களைப் பற்றிய பகுதியில் 'மறத்தின்' என்ற சொல்லில் மயங்கொலி பிழை உள்ளது. இதன் சரியான வடிவம் 'மரத்தின்' என்பது.  மயங்கொலிப் பிழை திருத்தப்பட்ட தொடர் 'b'  விருப்பத்தில் உள்ளது. "
          }
        ,
          
  {
    
          "description": "பாரதியின் வசனநடையில் சிட்டுக்குருவியின் உடல் பகுதிகளை பட்டியலிட்டு விவரிக்கும் பகுதியில் எந்த உடல் பகுதியை 'சிறியதானியம் போன்ற மூக்கு'  என்று குறிப்பிடுகிறார்?",
          "options": [
      "a) தலை",
      "b) கழுத்து",
      "c) மூக்கு",
      "d) வயிறு"
    ],
    "answer": "C",
    
          "additional_context": "பாரதியின் வசனநடையில் சிட்டுக்குருவியின் உடல் பகுதிகளை பட்டியலிடும் பகுதியில் 'சிறியதானியம் போன்ற மூக்கு' என்று குறிப்பிடப்பட்டுள்ளது.  சிட்டுக்குருவியின் மூக்கை 'சிறியதானியம் போன்ற மூக்கு' என்று குறிப்பிட்டுள்ளதால்  'c'  விருப்பம் சரியானது. "
          }
        ,
          
  {
    
          "description": "பாரதியின் வசனநடையில் விவரிக்கப்பட்ட சிட்டுக்குருவியின் உடல் நிறத்தில் ஏற்பட்டுள்ள ஒரு  வண்ண கலவையை பட்டியலிடுக.",
          "options": [
      "a) வெண்மை நிற முதுகு",
      "b) கருமை நிற சிறகுகள்",
      "c) கருமையும் வெண்மையும் கலந்த சாம்பல் நிற முதுகு",
      "d) மங்கல் வெண்மை நிற வயிறு"
    ],
    "answer": "C",
    
          "additional_context": "பாரதியின் வசனநடையில்  சிட்டுக்குருவியின் உடல் பகுதிகளை பட்டியலிடும் பகுதியில் 'கருமையும் வெண்மையும் கலந்த சாம்பல் நிற முதுகு' என்று குறிப்பிடப்பட்டுள்ளது.  சிட்டுக்குருவியின் முதுகு நிறத்தில் 'கருமையும் வெண்மையும் கலந்த சாம்பல் நிறம்' என்று குறிப்பிட்டுள்ளதால் 'c'  விருப்பம் சரியானது. "
          }
        ]