
[
  {
    "description": "கவிதை வரிகளில் “காற்று”  எதற்கு ஒப்பிடப்படவில்லை?",
    "options": [
      "பாடகர்",
      "மருத்துவர்",
      "இசைக்கலைஞர்",
      "கலைஞர்"
    ],
    "answer": "B",
    "additional_context": "காற்று நிறைய பேர் சொல்லி இருக்காங்க.  இந்தக் கவிதையில் காற்று, காற்று பாடகர், காற்று இசைக்கலைஞர், காற்று கலைஞர் என்கிற வகையில், மருத்துவர் என்கிற சொல் காற்றைப் பற்றி எங்கேயும் இல்லை.  இதனாலதான் பதில் விருப்பம் 'பி' சரியான பதில். "
  },
  {
    "description": "“பொய்கையிடம் போனால் குளிர்ந்து போகிறாய்”  என்ற வரி எதைப் பற்றிப் பேசுகிறது?",
    "options": [
      "மழை",
      "காற்று",
      "நீர்",
      "மண்"
    ],
    "answer": "B",
    "additional_context": "பொய்கை என்பது நீர்நிலை.  நீர்நிலையிலிருந்து வெளிவரும் காற்று குளிர்ச்சியானதாக இருக்கும்.  அதனால் பொய்கையிடம் போனால் குளிர்ந்து போகிறாய் என்கிற வரி, காற்று பற்றியது.  இதனாலதான் 'பி' என்பது சரியான பதில். "
  },
  {
    "description": "“வீணையிலிருந்து கவர்ந்த இசையை எங்கே கொண்டு போய் ஒளித்து வைக்கிறாய்?” என்ற கேள்வி யாரிடம் கேட்கப்படுகிறது?",
    "options": [
      "காற்று",
      "மரம்",
      "பறவை",
      "மலர்"
    ],
    "answer": "A",
    "additional_context": "காற்று வீணையிலிருந்து கவர்ந்த இசையை எங்கே கொண்டு போய் ஒளித்து வைக்கிறாய் என்கிற கேள்வி கேட்கப்படுகிறது. காற்று மட்டுமே மரம், பறவை, மலர் இதையெல்லாம் தொட்டுத்தொட்டு, எல்லாத்தையும் உள்ளடக்கி இருக்கு. அதனால், 'ஏ'  என்பது சரியான பதில். "
  },
  {
    "description": "“அழுக்காகி விடுகிறாய்” என்ற வரியில் “அழுக்கு” என்ற சொல் எதை குறிக்கிறது?",
    "options": [
      "நிறம்",
      "மணம்",
      "தூசி",
      "குளிர்"
    ],
    "answer": "C",
    "additional_context": "காற்று எங்கும் சுற்றித் திரியும் போது,  தூசிகளை உட்கொண்டு அழுக்காகி விடுகிறது.  அதனால்தான் அழுக்கு என்ற சொல் தூசியைக் குறிக்கிறது. 'சி' என்பது சரியான பதில். "
  },
  {
    "description": "காற்று _____  _____  _____   மூல ஊற்றே. (பூர்த்தி செய்ய வேண்டியவை: *பாட்டின்*, *என்னுடைய*, *நீதான்*)",
    "options": [
      "A - பாட்டின், என்னுடைய, நீதான்",
      "B - நீதான், என்னுடைய, பாட்டின்",
      "C - பாட்டின், நீதான், என்னுடைய",
      "D - என்னுடைய, நீதான், பாட்டின்"
    ],
    "answer": "C",
    "additional_context": "காற்று பாட்டின் மூல ஊற்றே என்கிற வரியில்,  'பாட்டின்', 'நீதான்', 'என்னுடைய' என்கிற வார்த்தைகளை வைத்து, 'பாட்டின்', 'நீதான்', 'என்னுடைய' என்கிற வரி வரும்.  இதனால் 'சி' என்பது சரியான பதில். "
  }
]
