[
          
  {
    
          "description": "தொழிற்பெயர்கள்:\n\nகீழ்க்கண்டவற்றில் எந்தத் தொடரில் தொழிற்பெயர்கள் தவறாகப் பயன்படுத்தப்பட்டுள்ளன?",
          "options": [
      "நிலத்துக்கு அடியில் கிடைக்கும் புதையல் யாவும் அரசுக்கே சொந்தம்.",
      "நெகிழிப் பொருள்களைப் புதைத்தல் நிலத்தடி நீர்வளத்தைக் குன்றச் செய்யும்.",
      "காட்டு விலங்குகளைச் சுட்டல் திருந்த உதவுகிறது.",
      "காற்றின் மெல்லிய தொடுதல் பூக்களைத் தலையாட்டவைக்கிறது."
    ],
    "answer": "C",
    
          "additional_context": "தொழிற்பெயர்கள் ஒரு செயலைக் குறிக்கும் சொற்கள்.  'சுட்டல்' என்ற சொல், விலங்குகளை வேட்டையாடுவதை குறிக்கிறது.  'திருந்த உதவுகிறது' என்பது ஒரு தன்மை அல்லது செயல் அல்ல.  எனவே, இந்த தொடரில் தொழிற்பெயர்கள் தவறாகப் பயன்படுத்தப்பட்டுள்ளன."
          }
        ,
          
  {
    
          "description": "அகராதியில் காண்க:\n\nகீழ்க்கண்டவற்றில் எது 'மருள்' என்ற சொல்லுக்குப் பொருத்தமான பொருள்?",
          "options": [
      "நிலம்",
      "கல்லு",
      "மனம்",
      "மரம்"
    ],
    "answer": "C",
    
          "additional_context": "'மருள்' என்ற சொல் மனம் சார்ந்த பொருளை குறிக்கும்.  'மனம்' என்ற சொல் மருள் என்ற சொல்லுக்கு பொருத்தமான பொருளாகும்."
          }
        ,
          
  {
    
          "description": "செயல்திட்டம்:\n\n'பள்ளியைத் தூய்மையாக வைத்திருத்தல்' என்ற செயல்திட்டத்தின் நோக்கம் எது?",
          "options": [
      "பள்ளியின் சுற்றுப்புறத்தை அழகுபடுத்துதல்",
      "பள்ளியில் துப்புரவுப் பணியாளர்களின் எண்ணிக்கையைக் குறைத்தல்",
      "மாணவர்களின் சுகாதாரத்தை மேம்படுத்துதல்",
      "பள்ளியின் கல்வித் தரத்தை உயர்த்துதல்"
    ],
    "answer": "C",
    
          "additional_context": "பள்ளியைத் தூய்மையாக வைத்திருத்தல் என்ற செயல்திட்டத்தின் நோக்கம், மாணவர்களின் சுகாதாரத்தை மேம்படுத்துவது.  தூய்மை என்பது சுகாதாரத்துடன் நேரடித் தொடர்புடையது."
          }
        ,
          
  {
    
          "description": "காட்சியைக் கவிதையாக்குதல்:\n\nகீழ்க்கண்டவற்றில் எது காட்சியைக் கவிதையாக்கும் போது முக்கியமானது?",
          "options": [
      "காட்சியில் உள்ள வண்ணங்கள்",
      "காட்சியில் உள்ள ஒலிகள்",
      "காட்சியில் உள்ள உணர்வுகள்",
      "இவை அனைத்தும்"
    ],
    "answer": "D",
    
          "additional_context": "ஒரு காட்சியை கவிதையாக்கும் போது, அந்த காட்சியில் உள்ள வண்ணங்கள், ஒலிகள் மற்றும் உணர்வுகள் அனைத்தும் முக்கியமானவை.  இவை அனைத்தும் சேர்ந்தே கவிதையில் ஒரு அழகிய  உருவகத்தை  உருவாக்க முடியும்."
          }
        ,
          
  {
    
          "description": "கீழே உள்ளவற்றில் எது புதிர் விடையை சரியாகக் குறிப்பிடுகிறது?",
          "options": [
      "மேகம்",
      "பறவை",
      "பூனை",
      "நாய்"
    ],
    "answer": "D",
    
          "additional_context": "புதிர்ப்பாடலில் குறிப்பிடப்பட்டுள்ள விவரங்களின் அடிப்படையில், புதிர் விடை 'நாய்' என்பது தெளிவாகிறது.   நாய்கள் தங்கள் வருகையைக் கூறும்  இயல்புடையவை என்பது  புதிர்ப்பாடலில் குறிப்பிடப்பட்டுள்ளது.  மேலும், நாய்கள் கரிய நிறமுடையதாக  இருக்காது என்றும்,  பள்ளியில் அமர்ந்து ஒலிப்பதில்லை என்றும்,  பறந்து திரிவதில்லை என்றும்   புதிர்ப்பாடலில் குறிப்பிடப்பட்டுள்ளது."
          }
        ]