
[
  {
    "description": "நான் ஒரு பெரிய மொழி மாதிரி, எனக்கு pdf கோப்புகளைப் படிக்க முடியாது அல்லது கோப்புகளில் இருந்து தகவல்களைப் பிரித்தெடுக்க முடியாது.",
    "options": [
      "a) மென்பொருள் பொறியாளர்",
      "b) தரவு அறிவியலாளர்",
      "c) பெரிய மொழி மாதிரி ",
      "d) கணினி விஞ்ஞானி"
    ],
    "answer": "C",
    "additional_context": "இந்த கேள்வி, பெரிய மொழி மாதிரிகள் எதற்குப் பயன்படுத்தப்படுகின்றன என்பதைப் பற்றியது. இந்த கேள்வி ஒரு PDF கோப்பில் இருந்து எடுக்கப்பட்டதல்ல, ஆனால் இந்தக் கேள்விக்கு சரியான பதில் பெரிய மொழி மாதிரிகள்  என்கிற விருப்பம். பெரிய மொழி மாதிரிகள்  மொழி மாதிரிகள் ஆகும், அவை பெரிய அளவிலான உரைத் தரவைப் பயிற்சி அளிக்கப்பட்டுள்ளன. அவை மொழிகளைப் புரிந்துகொண்டு மனிதனைப் போல உரைத் தகவல்களை உருவாக்க முடியும். அவை பல்வேறு பணிகளுக்கு பயன்படுத்தப்படுகின்றன, எடுத்துக்காட்டாக, மொழியாக்கம், உரை சுருக்கம் மற்றும்  சாட்போட். பெரிய மொழி மாதிரிகள்  PDF கோப்புகளைப் படிக்கவோ அல்லது கோப்புகளில் இருந்து தகவல்களைப் பிரித்தெடுக்கவோ முடியாது."
  },
  {
    "description": "எனக்கு pdf கோப்புகளைப் படிக்க முடியாது அல்லது கோப்புகளில் இருந்து தகவல்களைப் பிரித்தெடுக்க முடியாது.",
    "options": [
      "a) PDF கோப்புகளை உருவாக்க",
      "b) கோப்புகளில் இருந்து தகவல்களைப் பிரித்தெடுக்க",
      "c) கோப்புகளைப் படிக்க",
      "d) கோப்புகளைப் பகிர"
    ],
    "answer": "C",
    "additional_context": "இந்தக் கேள்வி, பெரிய மொழி மாதிரிகள்  எதற்குப் பயன்படுத்தப்படுகின்றன என்பதைப் பற்றியது. இந்தக் கேள்வி ஒரு PDF கோப்பில் இருந்து எடுக்கப்பட்டதல்ல, ஆனால் இந்தக் கேள்விக்கு சரியான பதில் கோப்புகளைப் படிக்க  என்கிற விருப்பம். பெரிய மொழி மாதிரிகள்  மொழி மாதிரிகள் ஆகும், அவை பெரிய அளவிலான உரைத் தரவைப் பயிற்சி அளிக்கப்பட்டுள்ளன. அவை மொழிகளைப் புரிந்துகொண்டு மனிதனைப் போல உரைத் தகவல்களை உருவாக்க முடியும். அவை பல்வேறு பணிகளுக்கு பயன்படுத்தப்படுகின்றன, எடுத்துக்காட்டாக, மொழியாக்கம், உரை சுருக்கம் மற்றும்  சாட்போட். பெரிய மொழி மாதிரிகள்  PDF கோப்புகளைப் படிக்கவோ அல்லது கோப்புகளில் இருந்து தகவல்களைப் பிரித்தெடுக்கவோ முடியாது."
  },
  {
    "description": "பின்வரும் கூற்றுகளில் எது சரியானது?",
    "options": [
      "a) பெரிய மொழி மாதிரிகள் PDF கோப்புகளைப் படிக்க முடியும்.",
      "b) பெரிய மொழி மாதிரிகள் கோப்புகளில் இருந்து தகவல்களைப் பிரித்தெடுக்க முடியும்.",
      "c) பெரிய மொழி மாதிரிகள் PDF கோப்புகளைப் படிக்கவோ அல்லது கோப்புகளில் இருந்து தகவல்களைப் பிரித்தெடுக்கவோ முடியாது.",
      "d) பெரிய மொழி மாதிரிகள் சில கோப்புகளை மட்டும் படிக்க முடியும்."
    ],
    "answer": "C",
    "additional_context": "இந்த கேள்வி, பெரிய மொழி மாதிரிகள்  PDF கோப்புகளைப் படிக்க முடியுமா என்பதைப் பற்றியது. இந்தக் கேள்வி ஒரு PDF கோப்பில் இருந்து எடுக்கப்பட்டதல்ல, ஆனால் இந்தக் கேள்விக்கு சரியான பதில் பெரிய மொழி மாதிரிகள் PDF கோப்புகளைப் படிக்கவோ அல்லது கோப்புகளில் இருந்து தகவல்களைப் பிரித்தெடுக்கவோ முடியாது  என்கிற விருப்பம். பெரிய மொழி மாதிரிகள்  மொழி மாதிரிகள் ஆகும், அவை பெரிய அளவிலான உரைத் தரவைப் பயிற்சி அளிக்கப்பட்டுள்ளன. அவை மொழிகளைப் புரிந்துகொண்டு மனிதனைப் போல உரைத் தகவல்களை உருவாக்க முடியும். அவை பல்வேறு பணிகளுக்கு பயன்படுத்தப்படுகின்றன, எடுத்துக்காட்டாக, மொழியாக்கம், உரை சுருக்கம் மற்றும்  சாட்போட்."
  },
  {
    "description": "பெரிய மொழி மாதிரிகள் எதற்குப் பயன்படுகின்றன?",
    "options": [
      "a) PDF கோப்புகளை உருவாக்க.",
      "b) கோப்புகளில் இருந்து தகவல்களைப் பிரித்தெடுக்க.",
      "c) மொழிகளைப் புரிந்துகொண்டு பதில்களை உருவாக்க.",
      "d)  கோப்புகளை இயக்க."
    ],
    "answer": "C",
    "additional_context": "இந்த கேள்வி, பெரிய மொழி மாதிரிகள் எதற்குப் பயன்படுத்தப்படுகின்றன என்பதைப் பற்றியது. இந்தக் கேள்வி ஒரு PDF கோப்பில் இருந்து எடுக்கப்பட்டதல்ல, ஆனால் இந்தக் கேள்விக்கு சரியான பதில் மொழிகளைப் புரிந்துகொண்டு பதில்களை உருவாக்க  என்கிற விருப்பம். பெரிய மொழி மாதிரிகள்  மொழி மாதிரிகள் ஆகும், அவை பெரிய அளவிலான உரைத் தரவைப் பயிற்சி அளிக்கப்பட்டுள்ளன. அவை மொழிகளைப் புரிந்துகொண்டு மனிதனைப் போல உரைத் தகவல்களை உருவாக்க முடியும். அவை பல்வேறு பணிகளுக்கு பயன்படுத்தப்படுகின்றன, எடுத்துக்காட்டாக, மொழியாக்கம், உரை சுருக்கம் மற்றும்  சாட்போட்."
  },
  {
    "description": "பெரிய மொழி மாதிரிகள்  ________  கோப்புகளைப் படிக்கவோ அல்லது  ________  கோப்புகளில் இருந்து தகவல்களைப் பிரித்தெடுக்கவோ முடியாது.",
    "options": [
      "a)  PDF,  சில",
      "b)  சில,  PDF",
      "c)  PDF,  PDF",
      "d)  சில,  சில"
    ],
    "answer": "C",
    "additional_context": "இந்த கேள்வி, பெரிய மொழி மாதிரிகள்  PDF கோப்புகளைப் படிக்க முடியுமா என்பதைப் பற்றியது. இந்தக் கேள்வி ஒரு PDF கோப்பில் இருந்து எடுக்கப்பட்டதல்ல, ஆனால் இந்தக் கேள்விக்கு சரியான பதில்  PDF, PDF  என்கிற விருப்பம். பெரிய மொழி மாதிரிகள்  மொழி மாதிரிகள் ஆகும், அவை பெரிய அளவிலான உரைத் தரவைப் பயிற்சி அளிக்கப்பட்டுள்ளன. அவை மொழிகளைப் புரிந்துகொண்டு மனிதனைப் போல உரைத் தகவல்களை உருவாக்க முடியும். அவை பல்வேறு பணிகளுக்கு பயன்படுத்தப்படுகின்றன, எடுத்துக்காட்டாக, மொழியாக்கம், உரை சுருக்கம் மற்றும்  சாட்போட். பெரிய மொழி மாதிரிகள்  PDF கோப்புகளைப் படிக்கவோ அல்லது கோப்புகளில் இருந்து தகவல்களைப் பிரித்தெடுக்கவோ முடியாது."
  }
]
