[
          
  {
    
          "description": "'ஐந்திணை அமைப்பே'  என்ற சொற்றொடரில்  எந்த  சொல்  வினைச்சொல்?",
          "options": [
      "ஐந்திணை",
      "அமைப்பு",
      "ஏ",
      "இல்லை"
    ],
    "answer": "B",
    
          "additional_context": "தமிழில்,  வினைச்சொல்  என்பது  செயலை  குறிக்கும்  சொல்.  'ஐந்திணை அமைப்பே'  என்ற  சொற்றொடரில்  'அமைப்பு'  என்பது  வினைச்சொல்லாகும்.  ஏனெனில்  இந்த  சொல்  ஒரு  செயலை  குறிக்கிறது.  மற்ற  சொற்கள்  வினைச்சொல்லல்ல."
          }
        ,
          
  {
    
          "description": "கடிதத்தில் நாளிதழ் ஆசிரியரிடம் என்ன வேண்டுகோள் வைக்கப்பட்டுள்ளது?",
          "options": [
      "கட்டுரையை வெளியிடுமாறு",
      "அவரது பத்திரிகையைப் பற்றி",
      "அவருடைய கருத்தை கேட்டுக்கொள்வது",
      "கட்டுரைக்கு மதிப்புரையை எழுதுமாறு"
    ],
    "answer": "A",
    
          "additional_context": "இந்த  கடிதம்  நாளிதழ்  ஆசிரியருக்கு  எழுதப்பட்ட  கடிதமாகும்.  இந்த  கடிதத்தில்,  'உழவுத் தொழிலுக்கு வந்தனை செய்வோம்'  என்ற  கட்டுரை  வெளியிட  வேண்டும்  என்று  வேண்டுகோள்  வைக்கப்பட்டுள்ளது."
          }
        ,
          
  {
    
          "description": "கவி கா.மு ஷெரீப் எழுதிய கவிதையில், எந்தெந்தத் தொழிலாளர்களுக்கு வாழ்த்து கூறப்பட்டுள்ளது?",
          "options": [
      "ஏர்பிடிக்கும் விவசாயிகள் மற்றும் தொழில் செய்பவர்கள்",
      "பாடகர்கள் மற்றும் நடிகர்கள்",
      "மருத்துவர்கள் மற்றும் ஆசிரியர்கள்",
      "வணிகர்கள் மற்றும் அரசியல்வாதிகள்"
    ],
    "answer": "A",
    
          "additional_context": "கவி கா.மு ஷெரீப் எழுதிய கவிதையில், ஏர்பிடிக்கும் விவசாயிகள் மற்றும் தொழில் செய்பவர்களுக்கு வாழ்த்து கூறப்பட்டுள்ளது. இந்த கவிதையில்,  வறுமையை  ஏகும்வரை  தொழில்  செய்து  தொலைத்து,  ஊர்  செழிக்க  தொழில்  செய்து  உழைப்பாளிகள்  வாழ்க்கை  உயர  தொழில்  செய்பவர்களுக்கு  வாழ்த்து  கூறப்பட்டுள்ளது."
          }
        ,
          
  {
    
          "description": "சங்க இலக்கியத்தில், தமிழகத்தின் ஐந்து புவியியல் பிரிவுகளில் ஒன்றான மருதநிலம் எதற்கு மிகவும் ஏற்றதாகக் கருதப்பட்டது?",
          "options": [
      "மருத்துவம்",
      "கல்வி",
      "வணிகம்",
      "விவசாயம்"
    ],
    "answer": "D",
    
          "additional_context": "சங்க இலக்கியத்தில் தமிழகத்தின் ஐந்து புவியியல் பிரிவுகளில் ஒன்றான மருதநிலம் விவசாயத்திற்கு மிகவும் ஏற்றதாக கருதப்பட்டது.  ஏனெனில்,  மருதநிலம்  மிகவும்  வளமான  நிலமாகும்.  இந்த  நிலத்தில்  நிறைய  நீர்  இருக்கும்  என்பதால்,  விவசாயம்  செய்ய  ஏற்றதாகும்."
          }
        ,
          
  {
    
          "description": "பாடலில், 'ஏகும்வரை' என்ற சொல்லுக்கு என்ன பொருள்?",
          "options": [
      "எல்லா நேரத்திலும்",
      "மிகவும்",
      "சில நேரங்களில்",
      "எந்த நேரத்திலும்"
    ],
    "answer": "A",
    
          "additional_context": "கவி கா.மு ஷெரீப் எழுதிய கவிதையில்,  'ஏகும்வரை'  என்பதன்  பொருள்  'எல்லா நேரத்திலும்'  என்பதாகும்.  இந்த  கவிதை  வறுமையை  தொலைத்து  தொழில்  செய்பவர்களை  குறிப்பிடுகிறது.  இந்த  கவிதையில்  'ஏகும்வரை'  என்பது  'வறுமை'  என்பதற்கு  ஒத்த  சொல்லாகும்.  இதன்  பொருள்  'எல்லா  நேரத்திலும்'  என்பதாகும்.  எனவே  வறுமையை  தொலைத்து  தொழில்  செய்பவர்களுக்கு  வாழ்த்து  கூறப்பட்டுள்ளது."
          }
        ]