[
          
  {
    
          "description": "'ய' வரிசையில் உள்ள எந்த எழுத்து/எழுத்துகள் மொழி முதலில் வரலாம்?",
          "options": [
      "அ) ய, யா, யு, யூ, யோ, யௌ",
      "ஆ) ய, யா, யி, யீ, யே, யோ",
      "இ) ய, யி, யே, யோ, யௌ",
      "ஈ) ய, யா, யு, யூ, யே, யோ"
    ],
    "answer": [
      "A"
    ],
    
          "additional_context": "தமிழ் மொழியில் சொல்லின் முதலில் வருவதற்கான சில விதிமுறைகள் உள்ளன. 'ய' வரிசையில் உள்ள எழுத்துகளைப் பார்ப்போம்.  'ய' வரிசையில்  'ய' ,  'யா' ,  'யு' ,  'யூ' ,  'யோ' ,  'யௌ'  என ஆறு எழுத்துகள் உள்ளன. இவற்றை எல்லாம் சொல்லின் முதலில் பயன்படுத்தலாம். உதாரணமாக:  யானை, யாத்திரை, யுத்தம், யூகம், யோகம், யௌவனம்."
          }
        ,
          
  {
    
          "description": "கீழே உள்ள எந்த எழுத்து தமிழ் மொழியில் ஒரு சொல்லின் இறுதியாக வர முடியாது?",
          "options": [
      "அ) ஞ்",
      "ஆ) ங்",
      "இ) ள்",
      "ஈ) ன்"
    ],
    "answer": [
      "B"
    ],
    
          "additional_context": "நம் தமிழ் மொழியில் சொல்லின் இறுதியில் வரும் எழுத்துகள் சில விதிமுறைகளைப் பின்பற்றுகின்றன. 'ங' வரிசையில் உள்ள 'ங' என்னும் எழுத்து சொல்லின் இறுதியில் வராது. 'ங' வரிசையில் இதர எழுத்துகள் அனைத்தும் சொல்லின் இறுதியில் வரும். உதாரணமாக:  'கேள்' , 'கொள்' , 'கூள்' ஆகிய சொற்களில்  'ள்' வரும்.  'மண்' , 'நண்பன்' , 'தென்' ஆகிய சொற்களில் 'ன்' வரும்.  'பூஞ்', 'ஞாபகம்' , 'தென்' ஆகிய சொற்களில் 'ஞ்'  வரும்."
          }
        ,
          
  {
    
          "description": "'கெ' முதல் 'னெ' முடிய எந்த உயிர்மெய் எழுத்து தமிழ் மொழியில் ஒரு சொல்லின் இறுதியாக வர முடியாது?",
          "options": [
      "அ) கே",
      "ஆ) கோ",
      "இ) கு",
      "ஈ) மேலே உள்ள அனைத்தும்"
    ],
    "answer": [
      "D"
    ],
    
          "additional_context": "தமிழ் மொழியில் சொற்களின் இறுதியில் எழுத்துகள் வரக்கூடாது என்பதற்கான சில விதிமுறைகள் உள்ளன.  'கெ' முதல் 'னெ' வரை உள்ள எந்த உயிர்மெய் எழுத்துமே சொல்லின் இறுதியில் வராது.  'கெ' , 'கோ' , 'கு' போன்ற உயிர்மெய் எழுத்துகளின் இறுதியில் எந்த உயிர்மெய் எழுத்துமே  சொல்லின் இறுதியில் வராது.  சொற்களின் இறுதியில் 'கெ' , 'கோ' , 'கு'  என வராது.  'கை' , 'கோடு' , 'குழி'  போன்ற சொற்களில் இறுதியில் 'கை' , 'கோடு' , 'குழி'  என வரவில்லை. 'க' எழுத்து மட்டும் இறுதியில் வரும். "
          }
        ,
          
  {
    
          "description": "கீழே உள்ள சொற்களில் எது/எவை  இலக்கணப்படி தவறானவை?",
          "options": [
      "அ)  விந்தை",
      "ஆ)  சூரியன்",
      "இ)  கூர",
      "ஈ)  நிலா"
    ],
    "answer": [
      "C"
    ],
    
          "additional_context": "இலக்கணப்படி சரியான தமிழ் சொற்களைப் பயன்படுத்துவது முக்கியம். 'கூர'  என்பது தவறான சொல்.  சரியான சொல்  'கூரை'. 'கூரை' என்ற சொல்  'கூர'  என்ற சொல்லின் இறுதி  'ை'   என்பதற்கான சேர்க்கையை குறிக்கிறது."
          }
        ,
          
  {
    
          "description": "கீழே உள்ள எந்த எழுத்து தமிழ் மொழியில் ஒரு சொல்லின் இடைப் பகுதியில் மட்டுமே வர முடியும்?",
          "options": [
      "அ) ஆய்த எழுத்து",
      "ஆ) ஞ",
      "இ) ற்",
      "ஈ) ண்"
    ],
    "answer": [
      "A"
    ],
    
          "additional_context": "தமிழ் மொழியில் ஆய்த எழுத்து  'ஃ'  என்பது ஒரு சொல்லின் இடைப்பகுதியில் மட்டுமே வரும்.  ஆய்த எழுத்து ஒரு சொல்லின் இறுதியில் அல்லது முதலில் வராது.  ஆய்த எழுத்து  'ஃ'  என்பது  'அ'  என்பதைக் குறிக்கிறது.  உதாரணமாக:  'கோழி', 'கொடு'  போன்ற சொற்களில் இடையில்  'ஃ'  என்பது  'அ'  என்பதைக் குறிக்கிறது."
          }
        ]