
[
  {
    "description": "சொல்லின் முதலில் வராத எழுத்துகளைத் தேர்ந்தெடுக்கவும்:",
    "options": [
      "அ. ஞா",
      "ஆ. ங",
      "இ. ட்",
      "ஈ. யு"
    ],
    "answer": "C",
    "additional_context": "ஒரு சொல்லின் துவக்கத்தில் வரக்கூடிய எழுத்துகளை மொழி முதல் எழுத்துகள் என்கிறோம்.  தமிழ் மொழியில்  'ட்' என்ற எழுத்து மொழி முதலில் வராது.  மற்ற எழுத்துகள் மொழி முதலில் வரக்கூடியவை.  எடுத்துக்காட்டு:  ஞானம், ஙனம், யானை."
  },
  {
    "description": "'ஞ' எழுத்து வரிசையில் மொழி முதலில் வரக்கூடிய எழுத்துகளின் எண்ணிக்கை என்ன?",
    "options": [
      "அ. 2",
      "ஆ. 4",
      "இ. 6",
      "ஈ. 8"
    ],
    "answer": "B",
    "additional_context": "ஒரு சொல்லின் துவக்கத்தில் வரக்கூடிய எழுத்துகளை மொழி முதல் எழுத்துகள் என்கிறோம்.  'ஞ' வரிசையில் ஞ, ஞா, ஞெ, ஞொ ஆகிய நான்கு எழுத்துகள் மட்டுமே மொழி முதலில் வரும்.  எடுத்துக்காட்டு: ஞானம், ஞாபகம், ஞெகிழி, ஞொட்டு."
  },
  {
    "description": "கீழ்க்கண்ட எழுத்துகளில் எது மொழி இறுதியாக வர முடியாது?",
    "options": [
      "அ. ண்",
      "ஆ. ல்",
      "இ. ற்",
      "ஈ. ய்"
    ],
    "answer": "C",
    "additional_context": "ஒரு சொல்லின் இறுதியில் வரக்கூடிய எழுத்துகளை மொழி இறுதி எழுத்துகள் என்கிறோம்.  'ற்'  என்ற எழுத்து  மொழி இறுதியில் வராது.  மற்ற எழுத்துகள் மொழி இறுதியில் வரக்கூடியவை.  எடுத்துக்காட்டு:  பண்,  கால்,  மெய்,  பாய்."
  },
  {
    "description": "'னன்றி' என்ற சொல்லில் உள்ள பிழை என்ன?",
    "options": [
      "அ. 'ன' என்ற எழுத்து மொழி முதலில் வராது.",
      "ஆ. 'ன்' என்ற எழுத்து மொழி இறுதியில் வராது.",
      "இ. 'ந்' என்ற எழுத்து மொழி இறுதியில் வராது.",
      "ஈ. 'ந' என்ற எழுத்து மொழி இறுதியில் வராது."
    ],
    "answer": "A",
    "additional_context": "தமிழ் மொழியில் 'ன' என்ற எழுத்து மொழி முதலில் வராது.  சரியான எழுத்துப்பிழை 'நன்றி'  என்பதாகும்.  எனவே, 'னன்றி' என்ற சொல்லில் உள்ள பிழை 'ன' என்ற எழுத்து மொழி முதலில் வராது என்பதாகும்."
  },
  {
    "description": "கீழ்க்கண்ட சொற்களில் எது மொழி முதலில் 'ஞ' எழுத்து வரிசையில் உள்ள எழுத்துடன் தொடங்குகிறது?",
    "options": [
      "அ. ஞானம்",
      "ஆ. யானை",
      "இ. நெஞ்சம்",
      "ஈ. வீடு"
    ],
    "answer": "A",
    "additional_context": "ஒரு சொல்லின் துவக்கத்தில் வரக்கூடிய எழுத்துகளை மொழி முதல் எழுத்துகள் என்கிறோம். 'ஞ' வரிசையில் ஞ, ஞா, ஞெ, ஞொ ஆகிய நான்கு எழுத்துகள் மட்டுமே மொழி முதலில் வரும். மேலே கொடுக்கப்பட்ட சொற்களில் 'ஞானம்'  என்பது  'ஞ' வரிசையில் உள்ள எழுத்தான 'ஞ'  எழுத்திடன் தொடங்குகிறது.  எடுத்துக்காட்டு:  ஞானம், ஞாபகம், ஞெகிழி, ஞொட்டு."
  }
]
