
[
  {
    "description": "செல்வன் தனது மாமாவை எப்படி அழைக்கிறான்?",
    "options": [
      "மாமா",
      "தாத்தா",
      "அப்பா",
      "சார்"
    ],
    "answer": "A",
    "additional_context": "செல்வன் தனது மாமாவைச் சந்தித்து, அவரை வாழ்த்தி பேசுகிறான்.  செல்வன் தனது மாமாவை 'மாமா' என்று அழைப்பதாக உரையாடலில் தெரிகிறது. அதனால் செல்வன் தனது மாமாவை 'மாமா' என்று அழைக்கிறான் என்பதை நாம் புரிந்துகொள்ள முடியும். "
  },
  {
    "description": "கவிதை எழுதுவதற்கு செல்வன் எந்த தலைப்பைத் தேர்ந்தெடுத்தான்?",
    "options": [
      "விடுதலை நாள்",
      "பள்ளி",
      "நட்பு",
      "பொங்கல்"
    ],
    "answer": "C",
    "additional_context": "செல்வன் தனது மாமாவின் பள்ளியில் நடத்தப்படவிருக்கும் போட்டியில் கலந்து கொள்ளப் போவதாகவும், அவர் நட்பு என்னும் தலைப்பில் கவிதை எழுதுவதாகவும் கூறுகிறான். அதனால் செல்வன் கவிதை எழுதுவதற்கு 'நட்பு' என்னும் தலைப்பைத் தேர்ந்தெடுத்தான் என்பதை நாம் புரிந்துகொள்ள முடியும். "
  },
  {
    "description": "\"Chips\" என்ற ஆங்கிலச் சொல்லுக்கு என்ன தமிழ்ப் பெயர்?",
    "options": [
      "வறுவல்",
      "சில்லுகள்",
      "அரிசி",
      "மிட்டாய்"
    ],
    "answer": "B",
    "additional_context": "கலைச்சொல் அறிவோம் பகுதியில் 'Chips' என்ற ஆங்கிலச் சொல்லுக்கு தமிழ்ப் பெயர் 'சில்லுகள்' என்று குறிப்பிடப்பட்டுள்ளது. அதனால் 'Chips' என்ற ஆங்கிலச் சொல்லுக்கு 'சில்லுகள்' என்று தமிழ்ப் பெயர் என்று நாம் அறிந்துகொள்ள முடியும். "
  },
  {
    "description": "\"Welcome\" என்ற ஆங்கிலச் சொல்லின் தமிழ்ப் பெயரைக் கீழே உள்ளவற்றில் இருந்து தேர்ந்தெடுக்கவும்.",
    "options": [
      "வணக்கம்",
      "நல்வரவு",
      "வாழ்த்து",
      "நன்றி"
    ],
    "answer": "B",
    "additional_context": "கலைச்சொல் அறிவோம் பகுதியில் 'Welcome' என்ற ஆங்கிலச் சொல்லுக்கு தமிழ்ப் பெயர் 'நல்வரவு' என்று குறிப்பிடப்பட்டுள்ளது. அதனால் 'Welcome' என்ற ஆங்கிலச் சொல்லின் தமிழ்ப் பெயர் 'நல்வரவு' என்று நாம் அறிந்துகொள்ள முடியும். "
  },
  {
    "description": "\"Readymade Dress\" என்ற ஆங்கிலச் சொல்லின் தமிழ்ப் பெயரைக் கீழே உள்ளவற்றில் இருந்து தேர்ந்தெடுக்கவும்.",
    "options": [
      "ஆடை",
      "ஆயத்த ஆடை",
      "புதிய ஆடை",
      "நல்ல ஆடை"
    ],
    "answer": "B",
    "additional_context": "கலைச்சொல் அறிவோம் பகுதியில் 'Readymade Dress' என்ற ஆங்கிலச் சொல்லுக்கு தமிழ்ப் பெயர் 'ஆயத்த ஆடை' என்று குறிப்பிடப்பட்டுள்ளது. அதனால் 'Readymade Dress' என்ற ஆங்கிலச் சொல்லின் தமிழ்ப் பெயர் 'ஆயத்த ஆடை' என்று நாம் அறிந்துகொள்ள முடியும். "
  }
]
