
[
  {
    "description": "“அகர முதல எழுத்தெல்லாம் ஆதி” என்ற  குறட்பா  என்ன சொல்கிறது?",
    "options": [
      "எழுத்துகள் அனைத்தும்  சிறந்தவை.",
      "எழுத்துகளின் ஆதி  பகவன்.",
      "பகவன்   எழுத்துகளால்  உருவாக்கப்பட்டார்.",
      "எழுத்துகள்  பகவனுக்கு  சமம்."
    ],
    "answer": "B",
    "additional_context": "திருக்குறள்  நூலின்  முதல்  குறள்   இது.  இந்த  குறள்   கடவுள்   வாழ்த்து  என்ற  அதிகாரத்தில்   இருக்கிறது.  இந்த  குறள்  எல்லா   எழுத்துகளுக்கும்  ஆதி  பகவன்   என்பதை  குறிப்பிடுகிறது."
  },
  {
    "description": "“கற்றதனால் ஆய பயன்என்கொல் வாலறிவன்”  என்ற குறட்பா   எதை   சுட்டிக் காட்டுகிறது?",
    "options": [
      "கற்றல்  மிகவும்  முக்கியம்.",
      "பயனற்ற  கற்றல்  மதிப்பு  இல்லாதது.",
      "வாலறிவன்  கற்றலின்  பயனை  அறிந்தவன்.",
      "கற்றலின்   பயன்    எல்லோருக்கும்  ஒரே மாதிரி இல்லை."
    ],
    "answer": "D",
    "additional_context": "இந்த  குறள்  கடவுள்   வாழ்த்து  என்ற   அதிகாரத்தில்  இருக்கிறது.  இந்த   குறள்  கற்றலின்   பயன்   எல்லோருக்கும்   ஒரே   மாதிரி  இருக்காது   என்பதை  குறிப்பிடுகிறது."
  },
  {
    "description": "“துப்பார்க்குத் துப்பாய துப்பாக்கித் துப்பார்க்குத் துப்பாய தூஉம் மழை” என்ற குறட்பா  பற்றி   எந்த  கருத்து  சரியானது?",
    "options": [
      "மழை  எல்லோருக்கும்  சமமாக  பெய்யும்.",
      "மழை   நன்மை  செய்பவர்களுக்கு  மட்டுமே  பெய்யும்.",
      "மழை  எல்லோருக்கும்  சமமாக  பெய்யாது.",
      "மழை   தீமை   செய்பவர்களுக்கு  மட்டும்  பெய்யும்."
    ],
    "answer": "C",
    "additional_context": "இந்த   குறள்    வான்சிறப்பு   என்ற    அதிகாரத்தில்   இருக்கிறது.  இந்த   குறள்   மழை    எல்லோருக்கும்    சமமாக   பெய்யாது   என்பதை   குறிப்பிடுகிறது."
  },
  {
    "description": "“அறத்தின்ஊங்கு ஆக்கமும் இல்லை அதனை மறத்தலின் ஊங்குஇல்லை கேடு”  என்ற  குறட்பா  பற்றி    எந்த  கருத்து   சரியானது?",
    "options": [
      "அறம்  செய்தால்  ஆக்கம்  இருக்கும்.",
      "அறம்  செய்தாலும்   கேடு  வரும்.",
      "அறத்தை   மறந்தால்   மட்டும்   கேடு   வரும்.",
      "அறத்தை   மறந்தால்   ஆக்கமும்   கேடும்   வரும்."
    ],
    "answer": "C",
    "additional_context": "இந்த   குறள்   அறன்   வலியுறுத்தல்   என்ற   அதிகாரத்தில்  இருக்கிறது.  இந்த   குறள்   அறத்தை   மறந்தால்    மட்டும்   கேடு   வரும்   என்பதை    குறிப்பிடுகிறது."
  },
  {
    "description": "“தந்தை மகற்குஆற்றும் நன்றி அவையத்து முந்தி இருப்பச் செயல்”   என்ற   குறட்பா  எதை   குறிப்பிடுகிறது?",
    "options": [
      "தந்தையின்   கடமை   மகனுக்கு   நன்றி  செய்வது.",
      "மகன்   தந்தைக்கு   நன்றி  செய்ய வேண்டும்.",
      "தந்தை   மகனுக்கு   நன்றி   செய்ய   வேண்டும்.",
      "மக்கள்   தம்   தந்தைக்கு   நன்றி   செய்ய  வேண்டும்."
    ],
    "answer": "C",
    "additional_context": "இந்த   குறள்   மக்கட்   பேறு   என்ற   அதிகாரத்தில்  இருக்கிறது.  இந்த   குறள்  தந்தை   மகனுக்கு   நன்றி   செய்ய   வேண்டும்  என்பதை    குறிப்பிடுகிறது."
  }
]
