[
          
  {
    
          "description": "செல்வன் எழுதிய கவிதையில் பயன்படுத்தப்பட்ட இரண்டு சொற்கள் யாவை?",
          "options": [
      "இன்பம், அளிப்பது",
      "விடுதலை, தமிழ்",
      "மண்ணுண்டு, மண்வண்டு",
      "நாகரிகம், பண்பாடு"
    ],
    "answer": "A",
    
          "additional_context": "செல்வன் தனது மாமாவுடன் பேசும்போது 'நட்பு' என்ற தலைப்பில் கவிதை எழுதுகிறேன் என்கிறான். அந்த கவிதையில் 'இன்பம்' மற்றும் 'அளிப்பது' என்ற இரண்டு சொற்கள் பயன்படுத்தப்பட்டுள்ளன என்பதை அறிந்து கொள்ளலாம்."
          }
        ,
          
  {
    
          "description": " 'நமது நாட்டின் பாரம்பரியச் சின்னங்களைப் பாதுகாப்பேன்' என்ற வாக்கியம் என்ன சொல்ல விரும்புகிறது?",
          "options": [
      "நாட்டுப்புறக் கலைகளைப் போற்றுவேன்.",
      "நற்பண்புகளுடன் அனைவரும் போற்றும்படி வாழ்வேன்.",
      "தமிழர் நாகரிகத்தையும் பண்பாட்டையும் உணர்ந்து அதன்வழி நடப்பேன்.",
      "நமது நாட்டின் பாரம்பரியத்தை மதித்து பாதுகாப்பேன்."
    ],
    "answer": "D",
    
          "additional_context": "நாம் நமது நாட்டின் பாரம்பரியச் சின்னங்களை மதித்து பாதுகாப்பது அவசியம். அதை நாம்  இழக்கக் கூடாது. அந்த  சின்னங்கள்  நமது  கலாச்சாரத்தையும்  வரலாற்றையும்  குறிக்கும்.   தமிழர்களின்  மரபை  நாம்  என்றும்  மறக்கக்கூடாது."
          }
        ,
          
  {
    
          "description": "செல்வன் எழுதிய கவிதையில் 'நட்பு' என்ற சொல் எத்தனை முறை பயன்படுத்தப்பட்டுள்ளது?",
          "options": [
      "1",
      "2",
      "3",
      "4"
    ],
    "answer": "C",
    
          "additional_context": "செல்வன் எழுதிய 'நட்பு' என்ற தலைப்பிலான கவிதையில் 'நட்பு' என்ற சொல் மூன்று முறை பயன்படுத்தப்பட்டுள்ளது."
          }
        ,
          
  {
    
          "description": "செல்வன் எந்த போட்டியில் கலந்து கொள்ளவிருக்கிறார்?",
          "options": [
      "கதைப் போட்டி",
      "கவிதைப் போட்டி",
      "ஓவியப் போட்டி",
      "பாடல் போட்டி"
    ],
    "answer": "B",
    
          "additional_context": "செல்வன்  'நட்பு' என்ற  தலைப்பில்  கவிதை  எழுதி  விடுதலை  நாள்  விழாவில்  நடத்தப்படும்  போட்டியில்  கலந்து  கொள்ள  விரும்புவதாக  மாமாவிடம்  சொல்கிறான்."
          }
        ,
          
  {
    
          "description": "“நட்பு” என்ற தலைப்பில் எழுதப்பட்ட கவிதையில், “நட்பு” என்னும் சொல் எத்தனை முறை வருகிறது?",
          "options": [
      "ஒருமுறை",
      "இரண்டு முறை",
      "மூன்று முறை",
      "நான்கு முறை"
    ],
    "answer": "C",
    
          "additional_context": "கவிதை  'நட்பு'  என்ற  தலைப்பில்  எழுதப்பட்டிருப்பதால்  அந்த  சொல்  பல  முறை  பயன்படுத்தப்பட்டிருக்க  வாய்ப்புள்ளது.  ஆனால்  கொடுக்கப்பட்ட  பாடத்தில்  அந்த  சொல்  மூன்று  முறை  பயன்படுத்தப்பட்டிருப்பது  தெளிவாகிறது."
          }
        ]