
[
  {
    "description": "இன்சுவையின் கடிதம் மொத்தமாக எதைக் குறிக்கிறது?",
    "options": [
      "தமிழில் படித்து அறிவியல் துறையில் சாதிக்க முடியும் என்பதை.",
      "தமிழ் இலக்கியங்களில் அறிவியல் கருத்துகள் இருப்பதை.",
      "அறிவியல் ஆய்வாளராக மாறுவது எவ்வளவு கடினம் என்பதை.",
      "தமிழில் படித்தால் அறிவியல் அறிஞராக மாற முடியாது என்பதை."
    ],
    "answer": "A",
    "additional_context": "இன்சுவை எழுதிய கடிதத்தில், தமிழில் படித்து அறிவியல் துறையில் சாதிக்க முடியுமா என்பது குறித்த அவள் மனதில் இருந்த சந்தேகத்தையும், அவளது தாயின் ஆதரவையும் காணலாம். இன்சுவையின் கனவு பலித்தது என்பது இந்த கடிதத்தின் முக்கியமான கரு. அறிவியல் துறையில் சாதிக்க தமிழ் மொழி தடையல்ல என்பதை இன்சுவையின் அனுபவம் தெளிவாக்குகிறது."
  },
  {
    "description": "'கனவு பலித்தது' என்ற தலைப்பு இக்கடிதத்திற்கு எவ்வாறு பொருந்துகிறது என்பதனை விளக்கு.",
    "options": [
      "இன்சுவையின் அறிவியல் துறையில் வேலைக்குச் சேர்ந்தது அவரது நீண்ட காலக் கனவு.",
      "அவரது தாய்மொழியில் படித்தும் அறிவியல் துறையில் சாதிக்க முடியும் என்று நிரூபித்தார்.",
      "தமிழ் இலக்கியங்களில் அறிவியல் கருத்துகள் இருப்பதை அவர் கண்டறிந்தார்.",
      "இன்சுவை ஒரு அறிவியல் ஆய்வு நிறுவனத்தில் வேலைக்குச் சேர்ந்தது அவரது அத்தையின் கனவு."
    ],
    "answer": "A",
    "additional_context": "இன்சுவை ஆறாம் வகுப்பு படிக்கும்போது  இளம் அறிவியல் ஆய்வாளர் ஆக வேண்டும் என்ற கனவைத் தனது அத்தையிடம் பகிர்ந்து கொண்டாள். இப்போது அவள் அந்தக் கனவை நனவாக்கி, விண்வெளி ஆய்வு நிறுவனத்தில் பணிக்குச் சேர்ந்துள்ளாள். இதனால் 'கனவு பலித்தது' என்ற தலைப்பு இக்கடிதத்திற்கு பொருத்தமாக இருக்கிறது."
  },
  {
    "description": "இன்சுவையின் கடிதம் மொத்தமாக எதைக் குறிக்கிறது?",
    "options": [
      "தமிழில் படித்து அறிவியல் துறையில் சாதிக்க முடியும் என்பதை.",
      "தமிழ் இலக்கியங்களில் அறிவியல் கருத்துகள் இருப்பதை.",
      "அறிவியல் ஆய்வாளராக மாறுவது எவ்வளவு கடினம் என்பதை.",
      "தமிழில் படித்தால் அறிவியல் அறிஞராக மாற முடியாது என்பதை."
    ],
    "answer": "A",
    "additional_context": "இன்சுவை எழுதிய கடிதத்தில், தமிழில் படித்து அறிவியல் துறையில் சாதிக்க முடியுமா என்பது குறித்த அவள் மனதில் இருந்த சந்தேகத்தையும், அவளது தாயின் ஆதரவையும் காணலாம். இன்சுவையின் கனவு பலித்தது என்பது இந்த கடிதத்தின் முக்கியமான கரு. அறிவியல் துறையில் சாதிக்க தமிழ் மொழி தடையல்ல என்பதை இன்சுவையின் அனுபவம் தெளிவாக்குகிறது."
  },
  {
    "description": "இன்சுவை எழுதிய முதல் கடிதத்தில், தமிழ் மொழியில் படித்து அறிவியல் அறிஞர் ஆக முடியுமா என்பதில் அவள் மனதில் எந்த சந்தேகம் இருந்தது?",
    "options": [
      "தமிழ் மொழி அறிவியல் படிப்பிற்கு ஏற்ற மொழி இல்லையா?",
      "தமிழ் மொழியில் அறிவியல் கருத்துகளைப் பற்றிப் படிக்க முடியுமா?",
      "தமிழ் வழியில் படித்து அறிவியல் அறிஞராகும் வாய்ப்பு இல்லையா?",
      "தமிழ் மொழி அறிவியல் கண்டுபிடிப்புகளுக்கு உதவியாக இருக்குமா?"
    ],
    "answer": "C",
    "additional_context": "இன்சுவை தனது அத்தையிடம் எழுதிய கடிதத்தில், 'தமிழ் வழியில் படித்து அறிவியல் அறிஞராகும் வாய்ப்பு இல்லையா?' என்று கேள்வி எழுப்புகிறாள். ஏனென்றால் அறிவியல் துறையில் சாதிக்கத் தமிழில் படிக்க முடியாது என்று பலரும் கூறுவதாக அவள் குறிப்பிடுகிறாள்."
  },
  {
    "description": "அத்தையின் கடிதத்தில், பழந்தமிழ் இலக்கியங்களில் எந்த அறிவியல் கருத்து குறிப்பிடப்பட்டுள்ளது?",
    "options": [
      "மனித உடல் எவ்வாறு செயல்படுகிறது என்பது பற்றியது.",
      "கடல் நீர் ஆவியாகி மழையாகும் செயல்முறை பற்றியது.",
      "வானில் நட்சத்திரங்கள் எவ்வாறு நகர்கின்றன என்பது பற்றியது.",
      "புவியின் வடிவம் பற்றியது."
    ],
    "answer": "B",
    "additional_context": "இன்சுவையின் அத்தையின் கடிதத்தில், பழந்தமிழ் இலக்கியங்களில் கடல் நீர் ஆவியாகி மேகமாகும் செயல்முறை பற்றிய அறிவியல் கருத்து குறிப்பிடப்பட்டுள்ளது. 'கடல் நீர் ஆவியாகி மேகமாகும். பின்னர் மேகம் குளிர்ந்து மழையாகப் பொழியும்.'  என்று அவள் எழுதுகிறாள். மேலும், முல்லைப்பாட்டு, பரிபாடல், திருக்குறள், கார்நாற்பது திருப்பாவை முதலிய நூல்களில் இந்த அறிவியல் செய்தி குறிப்பிடப்பட்டுள்ளதாக அவள் குறிப்பிடுகிறாள்."
  },
  {
    "description": "இன்சுவையின் கனவு நிறைவேறக் காரணங்களாக நீங்கள் எவற்றைக் கருதுகிறீர்கள்?",
    "options": [
      "அவரது கடின உழைப்பு மற்றும் விடாமுயற்சி",
      "அவரது அத்தையின் ஊக்கம் மற்றும் ஆலோசனை",
      "அவரது அறிவியல் துறையில் உள்ள ஆர்வம்",
      "அவரது தாய்மொழியான தமிழில் பயின்றது"
    ],
    "answer": "ABCD",
    "additional_context": "இன்சுவை அறிவியல் துறையில் சாதிக்க கடுமையாக உழைத்தாள். தன் கனவை நனவாக்க அவள் விடாமுயற்சி எடுத்தாள். அவள் தாய் அவளுக்கு ஊக்கமும் ஆலோசனையும் அளித்தார். இன்சுவையின் அறிவியல் துறையில் இருந்த ஆர்வமும் அவள் சாதிக்க முக்கிய காரணம். மேலும் தமிழில் படித்தது அவளுக்கு உத்வேகத்தையும் நம்பிக்கையையும் கொடுத்தது என்பதையும் மறந்துவிடக் கூடாது.  அந்த நம்பிக்கையே இன்சுவையின் கனவை நனவாக்கியது."
  }
]
