
[
  {
    "description": "இன்சுவையின் கனவு நிறைவேற அத்தையின் கடிதம் எவ்வாறு உதவியது?",
    "options": [
      "நிறுவனத்திற்கான விண்ணப்பத்தை எழுத உதவியது",
      "அறிவியல் ஆய்வாளராகப் பணியாற்ற என்னென்ன தகுதிகள் தேவை என்பதை விளக்கியது",
      "தமிழில் படித்து அறிவியல் அறிஞர் ஆக முடியும் என்பதை நிரூபித்தது",
      "அறிவியல் ஆய்வாளராகப் பணியாற்றுவதற்கான பயிற்சி அளித்தது"
    ],
    "answer": "C",
    "additional_context": "இன்சுவை ஒரு அரசுப் பள்ளியில் தமிழ் வழியில் படித்து வருகிறான். தமிழில் படித்தால் அறிவியல் அறிஞர் ஆக முடியாது என்று பலரும் கூறுகிறார்கள். இதனால் இன்சுவை மனம் வருந்தி தன் கனவு நிறைவேறுமா என்று தன் அத்தையிடம் கடிதம் எழுதி கேட்கிறான். அதற்கு பதிலளித்த அத்தையின் கடிதத்தில் தமிழில் படித்து அறிவியல் அறிஞர் ஆக முடியும் என்பதை நிரூபிக்கும் வகையில் அத்தையின் கடிதம் எழுதப்பட்டுள்ளது. "
  },
  {
    "description": "இன்சுவை எந்த மாதிரியான நபராக இருப்பார் என்பதை நீங்கள் எதன் மூலம் அறிகிறீர்கள்?",
    "options": [
      "அவர் பள்ளியில் சிறந்த மாணவர் என்பதை கடிதத்தில் குறிப்பிட்டுள்ளார்.",
      "அவர் அத்தையிடம் கடிதம் எழுதி தனது கனவைப் பகிர்ந்து கொண்டார்.",
      "அவர் சமுதாயத்திற்கு நன்மை செய்ய வேண்டும் என்று ஆசைப்பட்டார்.",
      "அவர் நூல்களைப் படித்து தனது அறிவை விரிவுபடுத்திக் கொண்டார்."
    ],
    "answer": "C",
    "additional_context": "இன்சுவை சமுதாயத்திற்கு நன்மை செய்ய வேண்டும் என்ற ஆசை கொண்டுதான் இளம் அறிவியல் ஆய்வாளர் பணியில் சேர ஆர்வம் காட்டுகிறான். அது அவன் அத்தையிடம் எழுதிய கடிதத்தில் தெளிவாகிறது. "
  },
  {
    "description": "\"கனவு பலித்தது\" என்ற தலைப்பு இக்கடிதத்திற்கு எவ்வாறு பொருந்துகிறது?",
    "options": [
      "இன்சுவையின் கனவு தன்னைத் தானே நிறைவேறியது.",
      "இன்சுவையின் கனவு அவரது அத்தையின் உதவியால் நிறைவேறியது.",
      "இன்சுவையின் கனவு நூல்களைப் படித்ததன் மூலம் நிறைவேறியது.",
      "இன்சுவையின் கனவு அவரது கடின உழைப்பால் நிறைவேறியது."
    ],
    "answer": "B",
    "additional_context": "இன்சுவைக்கு அறிவியல் அறிஞர் ஆக வேண்டும் என்ற கனவு இருந்தது. அது அத்தையின் கடிதங்களின் மூலம் உருவானது. அத்தையின் கடிதங்கள் இன்சுவைக்கு ஊக்கமளித்தன. அவன் கனவு நனவாகவும் செய்தன. இதனால் கடிதத்திற்கு \"கனவு பலித்தது\" என்ற தலைப்பு பொருந்தும். "
  },
  {
    "description": "அத்தையின் கடிதக் கருத்துகளைச் சுருக்கமாக எழுதுக.",
    "options": [
      "தமிழில் படித்தாலும் அறிவியல் அறிஞர் ஆக முடியும்.",
      "தமிழ் இலக்கியங்களில் பல அறிவியல் கருத்துகள் உள்ளன.",
      "தொடர்ந்து முயற்சி செய்தால் எதையும் சாதிக்க முடியும்.",
      "மேற்கண்ட மூன்றும் சரியானது."
    ],
    "answer": "D",
    "additional_context": "இன்சுவை அத்தையிடம் எழுதிய கடிதத்திற்கு பதிலளித்த அத்தையின் கடிதத்தில் மூன்று முக்கியமான கருத்துகள் குறிப்பிடப்பட்டுள்ளன. அவை, தமிழில் படித்தாலும் அறிவியல் அறிஞர் ஆக முடியும், தமிழ் இலக்கியங்களில் பல அறிவியல் கருத்துகள் உள்ளன, தொடர்ந்து முயற்சி செய்தால் எதையும் சாதிக்க முடியும். "
  }
]
