[
          
  {
    
          "description": "பின்வரும் சொற்களில் எது இரண்டு மாத்திரை அளவு கொண்டது?",
          "options": [
      "a) கல்",
      "b) தீ",
      "c) மலை",
      "d) மரம்"
    ],
    "answer": "A",
    
          "additional_context": "மொழியை எவ்வாறு பேசவும் எழுதவும் வேண்டும் என்பதை வரையறை செய்தான். அந்த வரையறைகளே இலக்கணம் எனப்படும்.\nதமிழ் மொழியின் இலக்கண வகைகள் ஐந்து.\n• எழுத்து இலக்கணம்\n• சொல் இலக்கணம்\n• பொருள் இலக்கணம்\n• யாப்பு இலக்கணம்\n• அணி இலக்கணம்\nஎழுத்து\nஒலி வடிவமாக எழுப்பப்படுவதும் வரிவடிவமாக எழுதப்படுவதும் எழுத்து எனப்படுகிறது.\nஉயிர் எழுத்துகள்\nஉயிருக்கு முதன்மையானது காற்று. இயல்பாகக் காற்று வெளிப்படும்போது உயிர் எழுத்துகள் பிறக்கின்றன. வாயைத் திறத்தல், உதடுகளை விரித்தல், உதடுகளைக் குவித்தல் ஆகிய எளிய செயல்பாடுகளால் 'அ' முதல் 'ஔ' வரையுள்ள பன்னிரண்டு உயிர் எழுத்துகளும் பிறக்கின்றன.\nஅ ஆ இ ஈ உ ஊ எ ஏ ஐ ஒ ஓ ஒள\nஒலித்துப் பார்த்து உணர்வோம்!\nஅ, இ, உ, எ, ஒ ஆகிய ஐந்தும் குறுகி ஒலிக்கின்றன.\nஆ, ஈ, ஊ, ஏ, ஐ, ஓ, ஔ – ஆகிய ஏழும் நீண்டு ஒலிக்கின்றன.\n• குறுகி ஒலிக்கும் ஆகிய ஐந்தும் குறில் எழுத்துகள்.\n• நீண்டு ஒலிக்கும் ஆகிய ஏழும் நெடில் எழுத்துகள்.\nஒவ்வோர் எழுத்தையும் உச்சரிப்பதற்குக் கால அளவு உண்டு. எழுத்தை உச்சரிக்க எடுத்துக்கொள்ளும் கால அளவைக் கொண்டே குறில், நெடில் என வகைப்படுத்துகிறோம்."
          }
        ,
          
  {
    
          "description": "'உயிருக்கு முதன்மையானது காற்று' என்கிற வாக்கியத்தில் உள்ள 'காற்று' என்ற சொல்லில் எத்தனை மாத்திரைகள் உள்ளன?",
          "options": [
      "a) 3½",
      "b) 4",
      "c) 4½",
      "d) 5"
    ],
    "answer": "C",
    
          "additional_context": "மொழியை எவ்வாறு பேசவும் எழுதவும் வேண்டும் என்பதை வரையறை செய்தான். அந்த வரையறைகளே இலக்கணம் எனப்படும்.\nதமிழ் மொழியின் இலக்கண வகைகள் ஐந்து.\n• எழுத்து இலக்கணம்\n• சொல் இலக்கணம்\n• பொருள் இலக்கணம்\n• யாப்பு இலக்கணம்\n• அணி இலக்கணம்\nஎழுத்து\nஒலி வடிவமாக எழுப்பப்படுவதும் வரிவடிவமாக எழுதப்படுவதும் எழுத்து எனப்படுகிறது.\nஉயிர் எழுத்துகள்\nஉயிருக்கு முதன்மையானது காற்று. இயல்பாகக் காற்று வெளிப்படும்போது உயிர் எழுத்துகள் பிறக்கின்றன. வாயைத் திறத்தல், உதடுகளை விரித்தல், உதடுகளைக் குவித்தல் ஆகிய எளிய செயல்பாடுகளால் 'அ' முதல் 'ஔ' வரையுள்ள பன்னிரண்டு உயிர் எழுத்துகளும் பிறக்கின்றன.\nஅ ஆ இ ஈ உ ஊ எ ஏ ஐ ஒ ஓ ஒள\nஒலித்துப் பார்த்து உணர்வோம்!\nஅ, இ, உ, எ, ஒ ஆகிய ஐந்தும் குறுகி ஒலிக்கின்றன.\nஆ, ஈ, ஊ, ஏ, ஐ, ஓ, ஔ – ஆகிய ஏழும் நீண்டு ஒலிக்கின்றன.\n• குறுகி ஒலிக்கும் ஆகிய ஐந்தும் குறில் எழுத்துகள்.\n• நீண்டு ஒலிக்கும் ஆகிய ஏழும் நெடில் எழுத்துகள்.\nஒவ்வோர் எழுத்தையும் உச்சரிப்பதற்குக் கால அளவு உண்டு. எழுத்தை உச்சரிக்க எடுத்துக்கொள்ளும் கால அளவைக் கொண்டே குறில், நெடில் என வகைப்படுத்துகிறோம்."
          }
        ,
          
  {
    
          "description": "  'மெய் எழுத்துகளை ஒலிக்க உடல் இயக்கத்தின் பங்கு இன்றியமையாதது' என்ற வாக்கியத்தில் 'உடல்' என்ற சொல்லில் உள்ள 'ல்' என்ன வகை மெய் எழுத்து?",
          "options": [
      "a) வல்லினம்",
      "b) மெல்லினம்",
      "c) இடையினம்",
      "d) ஆய்த எழுத்து"
    ],
    "answer": "C",
    
          "additional_context": "மொழியை எவ்வாறு பேசவும் எழுதவும் வேண்டும் என்பதை வரையறை செய்தான். அந்த வரையறைகளே இலக்கணம் எனப்படும்.\nதமிழ் மொழியின் இலக்கண வகைகள் ஐந்து.\n• எழுத்து இலக்கணம்\n• சொல் இலக்கணம்\n• பொருள் இலக்கணம்\n• யாப்பு இலக்கணம்\n• அணி இலக்கணம்\nஎழுத்து\nஒலி வடிவமாக எழுப்பப்படுவதும் வரிவடிவமாக எழுதப்படுவதும் எழுத்து எனப்படுகிறது.\nஉயிர் எழுத்துகள்\nஉயிருக்கு முதன்மையானது காற்று. இயல்பாகக் காற்று வெளிப்படும்போது உயிர் எழுத்துகள் பிறக்கின்றன. வாயைத் திறத்தல், உதடுகளை விரித்தல், உதடுகளைக் குவித்தல் ஆகிய எளிய செயல்பாடுகளால் 'அ' முதல் 'ஔ' வரையுள்ள பன்னிரண்டு உயிர் எழுத்துகளும் பிறக்கின்றன.\nஅ ஆ இ ஈ உ ஊ எ ஏ ஐ ஒ ஓ ஒள\nஒலித்துப் பார்த்து உணர்வோம்!\nஅ, இ, உ, எ, ஒ ஆகிய ஐந்தும் குறுகி ஒலிக்கின்றன.\nஆ, ஈ, ஊ, ஏ, ஐ, ஓ, ஔ – ஆகிய ஏழும் நீண்டு ஒலிக்கின்றன.\n• குறுகி ஒலிக்கும் ஆகிய ஐந்தும் குறில் எழுத்துகள்.\n• நீண்டு ஒலிக்கும் ஆகிய ஏழும் நெடில் எழுத்துகள்.\nஒவ்வோர் எழுத்தையும் உச்சரிப்பதற்குக் கால அளவு உண்டு. எழுத்தை உச்சரிக்க எடுத்துக்கொள்ளும் கால அளவைக் கொண்டே குறில், நெடில் என வகைப்படுத்துகிறோம்.\nமாத்திரை\nமாத்திரை என்பது இங்குக் கால அளவைக் குறிக்கிறது. ஒரு மாத்திரை என்பது ஒருமுறை கண் இமைக்கவோ ஒருமுறை கைநொடிக்கவோ ஆகும் கால அளவாகும்.\n• குறில் எழுத்தை ஒலிக்கும் காலஅளவு - 1 மாத்திரை\n• நெடில் எழுத்தை ஒலிக்கும் காலஅளவு - 2 மாத்திரை\nமெய்யெழுத்துகள்\nமெய் என்பது உடம்பு எனப் பொருள்படும். மெய் எழுத்துகளை ஒலிக்க உடல் இயக்கத்தின் பங்கு இன்றியமையாதது. க், ங், ச், ஞ், ட், ண், த், ந், ப், ம், ய், ர், ல், வ், ழ், ள், ற், ன் ஆகிய பதினெட்டும் மெய்யெழுத்துகள் ஆகும்.\nவல்லினம்\nக், ச், ட், த், ப், ற்\nமெல்லினம்\nங், ஞ், ண், ந், ம், ன்\nஇடையினம்\nய், ர், ல், வ், ழ், ள்\nஒலித்துப் பார்த்து உணர்வோம்!\n• க், ச், ட், த், ப், ற் ஆகிய ஆறும் வன்மையாக ஒலிக்கின்றன.\n• ங், ஞ், ண், ந், ம், ன் ஆகிய ஆறும் மென்மையாக ஒலிக்கின்றன.\n• ய், ர், ல், வ், ழ், ள் -ஆகிய ஆறும் வன்மையாகவும் இல்லாமல், மென்மையாகவும் இல்லாமல் இரண்டிற்கும் இடைப்பட்டு ஒலிக்கின்றன."
          }
        ,
          
  {
    
          "description": "'நெடில் எழுத்துகள் எழுத்தை உச்சரிக்க எடுத்துக்கொள்ளும் கால அளவைக் கொண்டே குறில், நெடில் என வகைப்படுத்துகிறோம்' என்ற வாக்கியத்தில் 'கொண்டே' என்ற சொல்லின் மாத்திரை அளவு எவ்வளவு?",
          "options": [
      "a) 2½",
      "b) 3",
      "c) 3½",
      "d) 4"
    ],
    "answer": "B",
    
          "additional_context": "மொழியை எவ்வாறு பேசவும் எழுதவும் வேண்டும் என்பதை வரையறை செய்தான். அந்த வரையறைகளே இலக்கணம் எனப்படும்.\nதமிழ் மொழியின் இலக்கண வகைகள் ஐந்து.\n• எழுத்து இலக்கணம்\n• சொல் இலக்கணம்\n• பொருள் இலக்கணம்\n• யாப்பு இலக்கணம்\n• அணி இலக்கணம்\nஎழுத்து\nஒலி வடிவமாக எழுப்பப்படுவதும் வரிவடிவமாக எழுதப்படுவதும் எழுத்து எனப்படுகிறது.\nஉயிர் எழுத்துகள்\nஉயிருக்கு முதன்மையானது காற்று. இயல்பாகக் காற்று வெளிப்படும்போது உயிர் எழுத்துகள் பிறக்கின்றன. வாயைத் திறத்தல், உதடுகளை விரித்தல், உதடுகளைக் குவித்தல் ஆகிய எளிய செயல்பாடுகளால் 'அ' முதல் 'ஔ' வரையுள்ள பன்னிரண்டு உயிர் எழுத்துகளும் பிறக்கின்றன.\nஅ ஆ இ ஈ உ ஊ எ ஏ ஐ ஒ ஓ ஒள\nஒலித்துப் பார்த்து உணர்வோம்!\nஅ, இ, உ, எ, ஒ ஆகிய ஐந்தும் குறுகி ஒலிக்கின்றன.\nஆ, ஈ, ஊ, ஏ, ஐ, ஓ, ஔ – ஆகிய ஏழும் நீண்டு ஒலிக்கின்றன.\n• குறுகி ஒலிக்கும் ஆகிய ஐந்தும் குறில் எழுத்துகள்.\n• நீண்டு ஒலிக்கும் ஆகிய ஏழும் நெடில் எழுத்துகள்.\nஒவ்வோர் எழுத்தையும் உச்சரிப்பதற்குக் கால அளவு உண்டு. எழுத்தை உச்சரிக்க எடுத்துக்கொள்ளும் கால அளவைக் கொண்டே குறில், நெடில் என வகைப்படுத்துகிறோம்."
          }
        ,
          
  {
    
          "description": "  'ஆய்த எழுத்தை ஒலிக்க ஆகும் காலஅளவு அரை மாத்திரை' என்பதிலிருந்து எந்தத் தகவலை நாம் அறிய முடிகிறது?",
          "options": [
      "a) ஆய்த எழுத்து தனி எழுத்து",
      "b) ஆய்த எழுத்து குறில் எழுத்து",
      "c) ஆய்த எழுத்து மெய் எழுத்து",
      "d) ஆய்த எழுத்து நெடில் எழுத்து"
    ],
    "answer": "A",
    
          "additional_context": "மொழியை எவ்வாறு பேசவும் எழுதவும் வேண்டும் என்பதை வரையறை செய்தான். அந்த வரையறைகளே இலக்கணம் எனப்படும்.\nதமிழ் மொழியின் இலக்கண வகைகள் ஐந்து.\n• எழுத்து இலக்கணம்\n• சொல் இலக்கணம்\n• பொருள் இலக்கணம்\n• யாப்பு இலக்கணம்\n• அணி இலக்கணம்\nஎழுத்து\nஒலி வடிவமாக எழுப்பப்படுவதும் வரிவடிவமாக எழுதப்படுவதும் எழுத்து எனப்படுகிறது.\nஉயிர் எழுத்துகள்\nஉயிருக்கு முதன்மையானது காற்று. இயல்பாகக் காற்று வெளிப்படும்போது உயிர் எழுத்துகள் பிறக்கின்றன. வாயைத் திறத்தல், உதடுகளை விரித்தல், உதடுகளைக் குவித்தல் ஆகிய எளிய செயல்பாடுகளால் 'அ' முதல் 'ஔ' வரையுள்ள பன்னிரண்டு உயிர் எழுத்துகளும் பிறக்கின்றன.\nஅ ஆ இ ஈ உ ஊ எ ஏ ஐ ஒ ஓ ஒள\nஒலித்துப் பார்த்து உணர்வோம்!\nஅ, இ, உ, எ, ஒ ஆகிய ஐந்தும் குறுகி ஒலிக்கின்றன.\nஆ, ஈ, ஊ, ஏ, ஐ, ஓ, ஔ – ஆகிய ஏழும் நீண்டு ஒலிக்கின்றன.\n• குறுகி ஒலிக்கும் ஆகிய ஐந்தும் குறில் எழுத்துகள்.\n• நீண்டு ஒலிக்கும் ஆகிய ஏழும் நெடில் எழுத்துகள்.\nஒவ்வோர் எழுத்தையும் உச்சரிப்பதற்குக் கால அளவு உண்டு. எழுத்தை உச்சரிக்க எடுத்துக்கொள்ளும் கால அளவைக் கொண்டே குறில், நெடில் என வகைப்படுத்துகிறோம்.\nமாத்திரை\nமாத்திரை என்பது இங்குக் கால அளவைக் குறிக்கிறது. ஒரு மாத்திரை என்பது ஒருமுறை கண் இமைக்கவோ ஒருமுறை கைநொடிக்கவோ ஆகும் கால அளவாகும்.\n• குறில் எழுத்தை ஒலிக்கும் காலஅளவு - 1 மாத்திரை\n• நெடில் எழுத்தை ஒலிக்கும் காலஅளவு - 2 மாத்திரை\nமெய்யெழுத்துகள்\nமெய் என்பது உடம்பு எனப் பொருள்படும். மெய் எழுத்துகளை ஒலிக்க உடல் இயக்கத்தின் பங்கு இன்றியமையாதது. க், ங், ச், ஞ், ட், ண், த், ந், ப், ம், ய், ர், ல், வ், ழ், ள், ற், ன் ஆகிய பதினெட்டும் மெய்யெழுத்துகள் ஆகும்.\nவல்லினம்\nக், ச், ட், த், ப், ற்\nமெல்லினம்\nங், ஞ், ண், ந், ம், ன்\nஇடையினம்\nய், ர், ல், வ், ழ், ள்\nஒலித்துப் பார்த்து உணர்வோம்!\n• க், ச், ட், த், ப், ற் ஆகிய ஆறும் வன்மையாக ஒலிக்கின்றன.\n• ங், ஞ், ண், ந், ம், ன் ஆகிய ஆறும் மென்மையாக ஒலிக்கின்றன.\n• ய், ர், ல், வ், ழ், ள் -ஆகிய ஆறும் வன்மையாகவும் இல்லாமல், மென்மையாகவும் இல்லாமல் இரண்டிற்கும் இடைப்பட்டு ஒலிக்கின்றன.\nஉயிர்மெய்\nமெய் எழுத்துகள் பதினெட்டுடன் உயிர் எழுத்துகள் பன்னிரண்டும் சேர்வதால் தோன்றும் 216 எழுத்துகளும் உயிர்மெய் எழுத்துகள் ஆகும்.\nமெய்யுடன் உயிர்க்குறில் சேர்ந்தால் உயிர்மெய்க் குறில் தோன்றுகிறது. மெய்யுடன் உயிர் நெடில் சேர்ந்தால் உயிர்மெய் நெடில் தோன்றுகிறது. ஆகவே உயிர்மெய் எழுத்துகளையும் உயிர்மெய்க் குறில், உயிர்மெய் நெடில் என இருவகைப்படுத்தலாம்.\nஆய்த எழுத்து\nதமிழ்மொழியில் உயிர்,மெய்,உயிர்மெய் எழுத்துகள் தவிர தனி எழுத்து ஒன்றும் உள்ளது. அது ஃ என்னும் ஆய்த எழுத்தாகும்."
          }
        ]