
[
  {
    "description": "“தெவிட்டா இன்பம் தந்ததே!” என்ற வரியில் இடம்பெறும் இன எழுத்து எது?",
    "options": [
      "இ",
      "த்",
      "ம்",
      "தே"
    ],
    "answer": "B",
    "additional_context": "இந்த வரியில் \"தந்ததே\" என்ற சொல்லில் இன எழுத்து \"த்\" வந்துள்ளது. \"த\" என்பது மெல்லினம்; அதற்கு இன எழுத்து \"த்\" ஆகும். இன எழுத்து என்பது ஒரு மெய்யெழுத்திற்குப் பின் வரும் அதன் ஒலிப்புப் போன்ற வல்லின மெய்யெழுத்தாகும்."
  },
  {
    "description": "“தூஉம்” என்ற சொல்லில் இன எழுத்துக்கள் எவை?",
    "options": [
      "த், உ",
      "உ, உ",
      "ூ, ம்",
      "உ, ம்"
    ],
    "answer": "B",
    "additional_context": "இந்த சொல்லில் இரண்டு \"உ\"  எழுத்துகள் வந்துள்ளன.  முதல் \"உ\" என்பது நெடிலும், இரண்டாவது \"உ\" என்பது குறிலும் ஆகும்.  நெடிலும் குறிலும் இன எழுத்துகள். அதனால் இன எழுத்துக்கள் \"உ, உ\" ஆகும்."
  },
  {
    "description": "“அம்பு” என்ற சொல்லில் உள்ள இன எழுத்து எது?",
    "options": [
      "ம்",
      "அ",
      "ப்",
      "இன எழுத்து எதுவும் இல்லை."
    ],
    "answer": "C",
    "additional_context": "இந்த சொல்லில் \"ப்\" என்ற எழுத்து இன எழுத்தாகும்.  \"ப்\" என்பது \"ப\" என்ற மெல்லினத்தின் இன எழுத்து."
  },
  {
    "description": "“சொல்லில் உயிர் எழுத்துகள் சேர்ந்து வருவது இல்லை. அளபெடையில் மட்டும் நெடிலைத் தொடர்ந்து அதன் இனமாகிய குறில் எழுத்து சேர்ந்து வரும்.” என்ற கூற்றை எந்த வரியில் காணலாம்?",
    "options": [
      "“தூஉம்” என்ற சொல்லில் இன எழுத்துக்கள் எவை?",
      "“தங்கப் பாப்பா வந்தாளே!” என்ற வரியில் உள்ள இன எழுத்துக்கள் எவை?",
      "“அம்பு” என்ற சொல்லில் உள்ள இன எழுத்து எது?",
      "“மெய்யெழுத்துகளைப் போலவே உயிர் எழுத்துகளிலும் இன எழுத்துகள் உண்டு.”"
    ],
    "answer": "A",
    "additional_context": "இந்தக் கூற்று மெய்யெழுத்துகள், உயிர் எழுத்துகள் இரண்டிற்கும் பொருந்தும்.   சொல்லில் உயிர் எழுத்துகள் சேர்ந்து வருவது இல்லை.  அளபெடையில் மட்டும் நெடிலைத் தொடர்ந்து அதன் இனமாகிய குறில் எழுத்து சேர்ந்து வரும்.   \"தூஉம்\"  என்ற சொல்லில் \"உ\"  என்பது நெடிலும்,   அடுத்து வரும் \"உ\"  என்பது குறிலும்.   இது அளபெடை வடிவம்."
  }
]
