[
          
  {
    
          "description": "'மண்' என்ற சொல்லைப் பயன்படுத்தி, 'உண்டு' என்ற சொல்லைச் சேர்த்து உருவாக்கக்கூடிய புதிய சொல் எது?",
          "options": [
      "மண்ணுண்டு",
      "மண்ணில்லை",
      "மண்வண்டு",
      "மண்ணுலகம்"
    ],
    "answer": "A",
    
          "additional_context": "இந்தக் கேள்வி மொழியோடு விளையாடு பகுதியில் உள்ளது. 'மண்' என்ற சொல்லைப் பயன்படுத்தி, 'உண்டு' என்ற சொல்லைச் சேர்த்து உருவாக்கக்கூடிய புதிய சொல் எது? என்பது கேள்வி.  இதற்கான சரியான விடை 'மண்ணுண்டு' ஆகும். 'மண்ணுண்டு' என்ற சொல் மண் + உண்டு என இணைந்து உருவான ஒரு புதிய சொல். 'மண்' என்ற சொல்லுக்கு பூமி என்ற பொருள். 'உண்டு' என்ற சொல்லுக்கு சாப்பிடுகிறான் என்ற பொருள். எனவே 'மண்ணுண்டு'  சாப்பிடுகிறான்  என்ற பொருளைத் தரும்."
          }
        ,
          
  {
    
          "description": "கட்டங்களில் மறைந்துள்ள சுற்றுலாத் தலம் எது?",
          "options": [
      "தஞ்சாவூர்",
      "மதுரை",
      "காஞ்சிபுரம்",
      "திருச்செந்தூர்"
    ],
    "answer": "A",
    
          "additional_context": "இந்தக் கேள்வி கட்டங்களில் மறைந்துள்ள சுற்றுலாத் தலங்களைக் கண்டுபிடித்து எழுதுக. என்ற பகுதியில் உள்ளது. படத்தில் காட்டப்பட்டிருக்கும் கட்டங்களை வைத்து நாம் கண்டுபிடிக்க வேண்டும். நாம்  தஞ்சாவூர், மதுரை, காஞ்சிபுரம், திருச்செந்தூர்  என்ற நான்கு சுற்றுலாத் தலங்களை கண்டுபிடிக்க வேண்டும். இதில் தஞ்சாவூர் மட்டும் கட்டத்தில் மறைக்கப்பட்டுள்ளது.  எனவே இதற்கான சரியான விடை 'தஞ்சாவூர்' ஆகும்."
          }
        ,
          
  {
    
          "description": "செல்வன் எழுதுவதற்குத் தேர்ந்தெடுக்கப்பட்ட கவிதையின் தலைப்பு என்ன?",
          "options": [
      "பொங்கல்",
      "நட்பு",
      "விடுதலை",
      "தமிழ்"
    ],
    "answer": "B",
    
          "additional_context": "இந்தக் கேள்வி உரையாடலை நிரப்புக. என்ற பகுதியில் உள்ளது.  செல்வன் தனது மாமாவிடம்  நான் போட்டியில் கலந்து கொள்கிறேன். என்று கூறுகிறான். மாமா செல்வனை   'நட்பு என்னும் தலைப்பில் கவிதை எழுதுக. ' என்று கூறுகிறார். எனவே இதற்கான சரியான விடை  'நட்பு' ஆகும்."
          }
        ,
          
  {
    
          "description": "இணையத்தில் தேடும் போது எந்த வகையான இடங்களைப் பற்றித் தகவல் தேட வேண்டும் என்று கூறப்பட்டுள்ளது?",
          "options": [
      "புகழ்மிக்க பண்பாட்டுச் சிறப்பு மிக்க இடங்கள்",
      "புகழ்மிக்க மலைகள்",
      "புகழ்மிக்க கோவில்கள்",
      "புகழ்மிக்க கடற்கரைகள்"
    ],
    "answer": "A",
    
          "additional_context": "இந்தக் கேள்வி இணையத்தில் காண்க என்ற பகுதியில் உள்ளது. இந்த பகுதியில் 'தமிழ்நாட்டில் உள்ள புகழ்மிக்க பண்பாட்டுச் சிறப்பு மிக்க இடங்களை இணையத்தில் காண்க.' என்று எழுதப்பட்டுள்ளது. எனவே இதற்கான சரியான விடை  'புகழ்மிக்க பண்பாட்டுச் சிறப்பு மிக்க இடங்கள்'  ஆகும்."
          }
        ,
          
  {
    
          "description": "'ஆயத்த ஆடை' என்ற சொல் எந்த ஆங்கிலச் சொல்லுக்கு இணையானது?",
          "options": [
      "Welcome",
      "Chips",
      "Readymade Dress",
      "Makeup"
    ],
    "answer": "C",
    
          "additional_context": "இந்தக் கேள்வி கலைச்சொல் அறிவோம் என்ற பகுதியில் உள்ளது. கலைச்சொல் அறிவோம் பகுதியில் 'ஆயத்த ஆடை'  என்பது 'Readymade Dress'  என்று ஆங்கிலத்தில் எழுதப்பட்டுள்ளது. எனவே இதற்கான சரியான விடை  'Readymade Dress' ஆகும்."
          }
        ]