
[
  {
    "description": "“தமிழ் மொழி போல் இனிதாவது எங்கும் காணோம்”  என்ற வரிகள் எந்தக் கவிஞரின் பாடல் வரிகளாகும்?",
    "options": [
      "கண்ணதாசன்",
      "பாரதியார்",
      "பாரதிதாசன்",
      "வாணிதாசன்"
    ],
    "answer": "B",
    "additional_context": "பல மொழிகள் கற்ற கவிஞர் பாரதியார்,\nயாமறிந்த மொழிகளிலே தமிழ்மொழி போல்\nஇனிதாவது எங்கும் காணோம்\nஎன்று தமிழ்மொழியின் இனிமையை வியந்து பாடுகிறார்."
  },
  {
    "description": "பூவின் ஏழு நிலைகளுக்கும் தனித்தனிப் பெயர்கள் தமிழில் உள்ளன என்பது தமிழ் மொழியின் எந்தச் சிறப்பைக் குறிக்கிறது?",
    "options": [
      "மூத்த மொழி",
      "எளிய மொழி",
      "வளமை மிக்க மொழி",
      "புதுமை மிக்க மொழி"
    ],
    "answer": "C",
    "additional_context": "தமிழ் மொழி சொல்வளம் மிக்கது. ஒரு\nபொருளின் பல நிலைகளுக்கும் வெவ்வேறு\nபெயர் சூட்டுவது தமிழ் மொழியின் சிறப்பாகும்.\nசான்றாக, பூவின் ஏழுநிலைகளுக்கும்\nதோன்றுவது முதல் உதிர்வது வரை\nதனித்தனிப் பெயர்கள்தமிழில் உண்டு."
  },
  {
    "description": "“இயல்தமிழ்”  என்பது தமிழின் எந்தப் பிரிவைச் சுட்டுகிறது?",
    "options": [
      "இசைத்தமிழ்",
      "நாடகத்தமிழ்",
      "எண்ணத்தை வெளிப்படுத்தும் தமிழ்",
      "உணர்வை வெளிப்படுத்தும் தமிழ்"
    ],
    "answer": "C",
    "additional_context": "தமிழுக்கு முத்தமிழ் என்னும்\nசிறப்புப் பெயரும் உண்டு. இயல்தமிழ்\nஎண்ணத்தை\nவெளிப்படுத்தும்; இசைத்தமிழ் உள்ளத்தை மகிழ்விக்கும்; நாடகத்தமிழ் உணர்வில் கலந்து வாழ்வின் நிறைகுறைகளைச் சுட்டிக்காட்டும்."
  },
  {
    "description": "'அஃறிணை' என்ற சொல்லின் பொருளைத் தெளிவாகக் காட்டும் கூற்று எது?",
    "options": [
      "உயர்திணையின் எதிர்ச்சொல்",
      "தாழ்த்தப்பட்ட திணை",
      "மனிதர்களைச் சுட்டும் திணை",
      "உயர்வு அல்லாத திணை"
    ],
    "answer": "D",
    "additional_context": "சீர்மை என்பது ஒழுங்கு முறையைக் குறிக்கும் சொல். தமிழ் மொழியின் பலவகைச்\nசீர்மைகளுள் அதன் சொற்சிறப்பு குறிப்பிடத்தக்கது.\nஉயர்திணை, அஃறிணை என இருவகைத் திணைகளை அறிவோம். உயர்திணையின்\nஎதிர்ச்சொல் தாழ்திணை என அமையவேண்டும். ஆனால் தாழ்திணை என்று கூறாமல்\nஅஃறிணை (அல் + திணை = உயர்வு அல்லாத திணை) என்று பெயர் இட்டனர் நம் முன்னோர்."
  },
  {
    "description": "'பாகற்காய்'  என்ற சொல்லின் பெயரிடுதல் முறை தமிழ் மொழியின் எந்தச் சிறப்பைக் காட்டுகிறது?",
    "options": [
      "எளிய மொழி",
      "வளமை மிக்க மொழி",
      "சீர்மை மிக்க மொழி",
      "புதுமை மிக்க மொழி"
    ],
    "answer": "C",
    "additional_context": "பாகற்காய் கசப்புச்சுவை உடையது. அதனைக் கசப்புக்காய் என்று கூறாமல், இனிப்பு\nஅல்லாத காய் பாகற்காய் (பாகு + அல் + காய்) என வழங்கினர். இவ்வாறு பெயரிடுவதிலும்\nசீர்மை மிக்கது தமிழ் மொழி."
  }
]
