
[
  {
    "description": "“சிறைச் சாலைக்குச் சென்று உணவிட்டாள்” என்ற வாக்கியத்தில், மணிமேகலை உணவிட்டதற்கான காரணம் என்ன?",
    "options": [
      "தன் பசியைத் தணிக்க",
      "சிறைக் கோட்டத்தை அறக்கோட்டமாக மாற்றுவதற்காக ",
      "மன்னனிடம் வேண்டிக்கொள்ள",
      "அவளுக்கு உணவளிக்கச் சொன்னார்கள்"
    ],
    "answer": "B",
    "additional_context": "மணிமேகலை ஒரு சிறைக் கோட்டத்தை அறக்கோட்டமாக மாற்ற விரும்பினாள். அந்தக் கோட்டத்தை அறக்கோட்டமாக மாற்றுமாறு மன்னனிடம் வேண்டி, சிறைச் சாலைக்குச் சென்று உணவிட்டாள். "
  },
  {
    "description": "“அரம்” என்ற சொல்லுக்கு என்ன பொருள்?",
    "options": [
      "தலை",
      "தவறு",
      "சரி",
      "அறம்"
    ],
    "answer": "D",
    "additional_context": "நீதி, நேர்மை, ஒழுக்கம் போன்றவற்றை குறிக்கும் சொல் ‘அறம்’ ஆகும். “அரம்” என்பதும் ‘அறம்’  என்பதும் ஒலி வேறுபாடுடைய சொற்கள்."
  },
  {
    "description": "“நகை” என்ற சொல்லுக்கு எந்தப் பொருள் இல்லை?",
    "options": [
      "அலங்காரப் பொருள்",
      "சிரிப்பு",
      "துன்பம்",
      "விலைமதிப்பற்ற பொருள்"
    ],
    "answer": "C",
    "additional_context": "‘நகை’ என்பது இருபொருள் கொண்ட சொல். அலங்காரப் பொருள், சிரிப்பு மற்றும் விலைமதிப்பற்ற பொருள் போன்ற பொருள்களை குறிக்கும்.  துன்பம் என்பது இதன் பொருள் அல்ல."
  },
  {
    "description": "“வாசனை” என்ற சொல்லின் மூன்றாவது எழுத்து எந்த வல்லின மெய்யெழுத்து?",
    "options": [
      "ச",
      "ந",
      "க",
      "ன"
    ],
    "answer": "B",
    "additional_context": "‘வாசனை’ என்ற சொல்லின் மூன்றாவது எழுத்து ‘ந’.  இது வல்லின மெய்யெழுத்து."
  },
  {
    "description": "“சமூகப் பணியாளர்” என்பதற்கான ஆங்கிலச் சொல் எது?",
    "options": [
      "Social Worker",
      "Volunteer",
      "Trust",
      "Junior Red Cross"
    ],
    "answer": "A",
    "additional_context": "சமூகப் பணியாளர் என்பவர்கள்,  சமூகத்தில் ஏழை, எளிய மக்களுக்கு உதவும் நபர்கள். அவர்களுக்கு ஆங்கிலத்தில் ‘Social worker’ என்று சொல்லுவோம்."
  }
]
