[
          
  {
    
          "description": "'காவியாவுக்கு நடனம் ஆடுதல் பிடிக்கும்.' - இந்தப் பகுதியில் பயன்படுத்தப்பட்டுள்ள பெயர்ச்சொல் வகை எது?",
          "options": [
      "பொருட்பெயர்",
      "இடப்பெயர்",
      "காலப்பெயர்",
      "தொழிற்பெயர்"
    ],
    "answer": "D",
    
          "additional_context": "ஒரு செயலைக் குறிக்கும் சொல் தொழிற்பெயர் எனப்படும்.  இந்தப் பகுதியில் 'நடனம் ஆடுதல்' என்ற சொல்  செயலைக் குறிப்பதால் இது தொழிற்பெயர் ஆகும்."
          }
        ,
          
  {
    
          "description": "'சினைப்பெயர்'  என்ற வார்த்தையின் அர்த்தம் என்ன?",
          "options": [
      "பொருளின் உறுப்பைக் குறிக்கும் பெயர்",
      "பொருளின் பண்பைக் குறிக்கும் பெயர்",
      "பொருளின் இயல்பைக் குறிக்கும் பெயர்",
      "பொருளின் தொழிலைக் குறிக்கும் பெயர்"
    ],
    "answer": "A",
    
          "additional_context": "ஒரு பொருளின் உறுப்பைக் குறிக்கும் பெயர் சினைப்பெயர் எனப்படும்.  எடுத்துக்காட்டாக, மரத்தின் உறுப்பான 'கிளை', மனிதனின் உறுப்பான 'கை' ஆகியவை சினைப்பெயர்களாகும்."
          }
        ,
          
  {
    
          "description": "'நீர் வற்றிப்போன குளத்தில் செந்தாமரை, ஆம்பல், கொட்டி, நெய்தல் முதலான கொடிகளும் வாடியிருந்தன.' - இந்தப் பகுதியில் உள்ள பெயர்ச்சொற்கள் எத்தனை வகைப்படும்?",
          "options": [
      "மூன்று வகை",
      "நான்கு வகை",
      "ஐந்து வகை",
      "ஆறு வகை"
    ],
    "answer": "C",
    
          "additional_context": "இந்தப் பகுதியில் 'குளம்', 'செந்தாமரை', 'ஆம்பல்', 'கொட்டி', 'நெய்தல்', 'கொடிகள்', 'நீர்' ஆகிய பொருட்பெயர்களும், 'வற்றிப்போன' என்ற பண்புப்பெயரும், 'குளத்தில்' என்ற இடப்பெயரும்  'முதலான' என்ற இடுகுறிப்பெயரும்  'வாடியிருந்தன' என்ற தொழிற்பெயரும்  'முதலான'  என்ற இடுகுறிப்பெயரும் பயன்படுத்தப்பட்டுள்ளன. எனவே இந்தப் பகுதியில் ஐந்து வகை பெயர்ச்சொற்கள் உள்ளன."
          }
        ,
          
  {
    
          "description": "கீழ்க்கண்டவற்றில் எது காரணப் பொதுப்பெயர்?",
          "options": [
      "மரம்",
      "வயல்",
      "மரங்கொத்தி",
      "வளையல்"
    ],
    "answer": "B",
    
          "additional_context": "காரணப்பெயர்கள் என்பது பொருள்களுக்குக் காரணம் கருதி வழங்கப்படும் பெயர்கள் ஆகும். 'வயல்' என்பது விவசாயம் செய்வதற்காக ஒதுக்கப்பட்ட இடத்தை குறிக்கும்  எனவே 'வயல்' என்பது காரணப் பொதுப்பெயராகும்.  மரம், மரங்கொத்தி, வளையல் ஆகியவை இடுகுறிப்பெயர்களாகும்."
          }
        ,
          
  {
    
          "description": "'இடுகுறிப் பொதுப்பெயர்' என்ற வார்த்தையின் அர்த்தம் என்ன?",
          "options": [
      "ஓர் இடுகுறிப்பெயர் அத்தன்மை உடைய எல்லாப் பொருள்களையும் சிறப்பாகக் குறிப்பது",
      "ஓர் இடுகுறிப்பெயர் அத்தன்மை உடைய எல்லாப் பொருள்களையும் பொதுவாகக் குறிப்பது",
      "ஓர் இடுகுறிப்பெயர் ஒரு பொருளை மட்டும் குறிப்பது",
      "ஓர் இடுகுறிப்பெயர் பல பொருள்களை சிறப்பாகக் குறிப்பது"
    ],
    "answer": "B",
    
          "additional_context": "இடுகுறிப்பெயர்கள் என்பது ஒரு பொருளை மட்டும் குறிப்பதற்காக அல்லாமல் பொருளின் குணாதிசயத்தை குறிக்கிறது.  இடுகுறிப் பொதுப்பெயர்  என்பது ஒரு வகையான பொருளை பொதுவாக குறிக்கிறது. எடுத்துக்காட்டாக, மரம்  என்பது  எல்லா மரங்களையும் குறிக்கிறது."
          }
        ]