[
          
  {
    
          "description": "“குறுந்தகடு” என்ற சொல்லின் ஆங்கிலப் பெயர் என்ன?",
          "options": [
      "a) Compact Disk (CD)",
      "b) Digital Video Disk (DVD)",
      "c) Blu-ray Disc",
      "d) Memory Stick"
    ],
    "answer": "a",
    
          "additional_context": "'கல்விக்கண் திறந்த காமராசர்' என்ற தொடரில் உள்ள எழுத்துக்களை மட்டும் பயன்படுத்திப் புதிய சொற்களை உருவாக்குங்கள். (எ.கா.) கண்"
          }
        ,
          
  {
    
          "description": "கீழே கொடுக்கப்பட்டுள்ள சொற்களில் எது 'கல்விக்கண் திறந்த காமராசர்' என்ற தொடரில் உள்ள எழுத்துக்களை மட்டும் பயன்படுத்தி உருவாக்கப்பட்ட சொல்லல்ல?",
          "options": [
      "கண்",
      "காசு",
      "மரம்",
      "வீடு"
    ],
    "answer": "c",
    
          "additional_context": "'கல்விக்கண் திறந்த காமராசர்' என்ற தொடரில் உள்ள எழுத்துக்களை மட்டும் பயன்படுத்திப் புதிய சொற்களை உருவாக்குங்கள். (எ.கா.) கண்"
          }
        ,
          
  {
    
          "description": "'முளையிலே விளையும் பயிர்' என்ற சொற்றொடரில் உள்ள சொல் எது 'கல்விக்கண் திறந்த காமராசர்' என்ற தொடரில் உள்ள எழுத்துக்களை மட்டும் பயன்படுத்தி உருவாக்கப்பட்ட சொல்லல்ல?",
          "options": [
      "முளை",
      "விளையும்",
      "பயிர்",
      "ஏதுவும் இல்லை"
    ],
    "answer": "b",
    
          "additional_context": "முறை மாறியுள்ள சொற்களைச் சரியான இடத்தில் பொருத்திச் சொற்றொடரை நிறைவு செய்யவும்.\n1. முளையிலே விளையும் தெரியும் பயிர்\n2. ஆக்குவோம் இல்லாமை கல்லாமையை"
          }
        ,
          
  {
    
          "description": "'ஆக்குவோம் இல்லாமை கல்லாமையை' என்ற சொற்றொடரில் 'இல்லாமை' என்ற சொல்லுக்குப் பதிலாக என்ன சொல் பொருத்தமாக இருக்கும்?",
          "options": [
      "அறிவின்மை",
      "மயக்கம்",
      "குறைகள்",
      "துன்பம்"
    ],
    "answer": "a",
    
          "additional_context": "முறை மாறியுள்ள சொற்களைச் சரியான இடத்தில் பொருத்திச் சொற்றொடரை நிறைவு செய்யவும்.\n1. முளையிலே விளையும் தெரியும் பயிர்\n2. ஆக்குவோம் இல்லாமை கல்லாமையை"
          }
        ,
          
  {
    
          "description": "கீழே கொடுக்கப்பட்டுள்ள இன எழுத்துச் சொற்களில் எது 'கல்விக்கண் திறந்த காமராசர்' என்ற தொடரில் உள்ள எழுத்துக்களை மட்டும் பயன்படுத்தி உருவாக்கப்பட்ட சொல்லல்ல?",
          "options": [
      "ள்",
      "ங்",
      "ஞ்",
      "ம்"
    ],
    "answer": "c",
    
          "additional_context": "கீழ்க்காணும் கட்டங்களில் உள்ள இன எழுத்துச் சொற்களை வட்டமிட்டுத் தனியாக எடுத்து எழுதுக."
          }
        ]