
[
  {
    "description": "“கப்பலின் மேல்தளத்தில் நின்று கடல் அலைகளைப் பார்த்துக் கொண்டிருந்தார்” என்ற வாக்கியத்தில் “மேல்தளம்” என்பதற்கு சமமான தமிழ் சொல் எது?",
    "options": [
      "மேற்கூரை",
      "அடித்தளம்",
      "பாலம்",
      "தளம்"
    ],
    "answer": "D",
    "additional_context": "1921 ஆம் ஆண்டு மத்திய தரைக் கடலில், ஒரு கப்பல் இங்கிலாந்தை நோக்கிச் சென்று கொண்டிருந்தது. தமிழர் ஒருவர் கப்பலின் மேல்தளத்தில் நின்று கடல் அலைகளைப் பார்த்துக் கொண்டிருந்தார். திடீரென அவரது உள்ளத்தில் கடல்நீர் ஏன் நீலநிறமாகக் காட்சியளிக்கிறது என்ற வினா எழுந்தது. அவ்வினா அவரை உறங்க விடவில்லை. இங்கிலாந்து பயணம் முடிந்து இந்தியா திரும்பினார். பிறகு பாதரச ஆவி விளக்கு, பென்சீன் மற்றும் நிறமாலைக் காட்டி ஆகியவற்றின் உதவியுடன் தமது ஆய்வைத் தொடங்கினார்."
  },
  {
    "description": "“அறிவியலுக்கான முதல் நோபல் பரிசைப் பெற்றுத் தந்தது”  என்ற வாக்கியத்தில்  “பெற்றுத் தந்தது” என்ற சொல்லுக்கு  பொருத்தமான  மற்றொரு சொல் எது?",
    "options": [
      "கொடுத்தது",
      "சேர்த்தது",
      "கைப்பற்றியது",
      "நிறுவியது"
    ],
    "answer": "A",
    "additional_context": "ஆய்வின் முடிவில் 1928 பிப்ரவரி 28 ஆம் நாள் \"இராமன் விளைவு\" என்னும் தமது கண்டுபிடிப்பை வெளியிட்டார். இக்கண்டுபிடிப்பு இந்தியாவிற்கு அறிவியலுக்கான முதல் நோபல் பரிசைப் பெற்றுத் தந்தது. அவர் தமது கண்டுபிடிப்பை வெளியிட்ட பிப்ரவரி 28 ஆம் நாளை நாம் ஆண்டு தோறும் \" தேசிய அறிவியல் நாள்\" எனக் கொண்டாடி மகிழ்கிறோம்."
  },
  {
    "description": "“கண்டுபிடிப்பை வெளியிட்டார்”  என்ற வாக்கியத்தில்  “வெளியிட்டார்”  என்ற சொல்லுக்கு  சமமான  தமிழ் சொல்  எது?",
    "options": [
      "கொடுத்தார்",
      "அறிவித்தார்",
      "பகிர்ந்துகொண்டார்",
      "காட்டினார்"
    ],
    "answer": "B",
    "additional_context": "ஆய்வின் முடிவில் 1928 பிப்ரவரி 28 ஆம் நாள் \"இராமன் விளைவு\" என்னும் தமது கண்டுபிடிப்பை வெளியிட்டார். இக்கண்டுபிடிப்பு இந்தியாவிற்கு அறிவியலுக்கான முதல் நோபல் பரிசைப் பெற்றுத் தந்தது. அவர் தமது கண்டுபிடிப்பை வெளியிட்ட பிப்ரவரி 28 ஆம் நாளை நாம் ஆண்டு தோறும் \" தேசிய அறிவியல் நாள்\" எனக் கொண்டாடி மகிழ்கிறோம்."
  },
  {
    "description": "“ரோபோக்கள் கண்டுபிடிப்பினால் ஏற்படும் விளைவுகள் பற்றி விவாதிக்க”  என்ற வாக்கியத்தில்  “விளைவுகள்”  என்ற சொல்லுக்கு  பொருத்தமான  மற்றொரு  சொல்  எது?",
    "options": [
      "பலன்கள்",
      "நன்மைகள்",
      "தாக்கங்கள்",
      "மாற்றங்கள்"
    ],
    "answer": "C",
    "additional_context": "ரோபோக்கள் கண்டுபிடிப்பினால் ஏற்படும் விளைவுகள் பற்றி விவாதிக்க."
  },
  {
    "description": "“இராமன் விளைவு” என்ற  சொல்லுக்கு  பொருத்தமான  மற்றொரு  சொல்  எது?",
    "options": [
      "இராமன்  தத்துவம்",
      "இராமன்  கொள்கை",
      "இராமன்  நிகழ்வு",
      "இராமன்  முறை"
    ],
    "answer": "C",
    "additional_context": "ஆய்வின் முடிவில் 1928 பிப்ரவரி 28 ஆம் நாள் \"இராமன் விளைவு\" என்னும் தமது கண்டுபிடிப்பை வெளியிட்டார். இக்கண்டுபிடிப்பு இந்தியாவிற்கு அறிவியலுக்கான முதல் நோபல் பரிசைப் பெற்றுத் தந்தது. அவர் தமது கண்டுபிடிப்பை வெளியிட்ட பிப்ரவரி 28 ஆம் நாளை நாம் ஆண்டு தோறும் \" தேசிய அறிவியல் நாள்\" எனக் கொண்டாடி மகிழ்கிறோம்."
  }
]
