
[
  {
    "description": "“ஒர் எழுத்தே ஒரு சொல்லாகிப் பொருள்தருவதும் உண்டு”  என்ற  வரியிலிருந்து, தமிழ் மொழி  எதைக் குறிக்கிறது?",
    "options": [
      "தமிழ் மொழி  சிறந்த சொல்  வளர்ச்சியைக்  கொண்டுள்ளது.",
      "தமிழ் மொழி  இலக்கண விதிகள்  கொண்டது.",
      "தமிழ் மொழி  இலக்கியம்  கொண்டது.",
      "தமிழ் மொழி  மிகவும் எளிமையானது."
    ],
    "answer": "A",
    "additional_context": "தமிழ் மொழி சொல்வளம் மிக்கது. ஒரு பொருளின் பல நிலைகளுக்கும் வெவ்வேறு பெயர் சூட்டுவது தமிழ் மொழியின் சிறப்பாகும். சான்றாக, பூவின் ஏழுநிலைகளுக்கும் தோன்றுவது முதல் உதிர்வது வரை தனித்தனிப் பெயர்கள்தமிழில் உண்டு. ஓர் எழுத்தே ஒரு சொல்லாகிப் பொருள்தருவதும் உண்டு. ஒரு சொல் பல பொருளைக் குறித்து வருவதும் உண்டு. சான்றாக 'மா' - என்னும் ஒரு சொல் மரம், விலங்கு, பெரிய, திருமகள், அழகு, அறிவு, அளவு, அழைத்தல், துகள், மேன்மை, வயல், வண்டு போன்ற பல பொருள்களைத் தருகிறது."
  },
  {
    "description": "“தமிழுக்கு முத்தமிழ் என்னும் சிறப்புப் பெயரும் உண்டு” என்ற வரியிலிருந்து, தமிழ் மொழி எதைக் குறிக்கிறது?",
    "options": [
      "தமிழ் மொழி  மூன்று  வகைகளாக  பிரிக்கப்பட்டுள்ளது.",
      "தமிழ் மொழி  இலக்கண விதிகள்  கொண்டது.",
      "தமிழ் மொழி  இலக்கியம்  கொண்டது.",
      "தமிழ் மொழி  மிகவும் எளிமையானது."
    ],
    "answer": "A",
    "additional_context": "தமிழுக்கு முத்தமிழ் என்னும் சிறப்புப் பெயரும் உண்டு. இயல்தமிழ் எண்ணத்தை வெளிப்படுத்தும்; இசைத்தமிழ் உள்ளத்தை மகிழ்விக்கும்; நாடகத்தமிழ் உணர்வில் கலந்து வாழ்வின் நிறைகுறைகளைச் சுட்டிக்காட்டும்."
  }
]
