
[
  {
    "description": "“நன்மாடங்கள்” என்ற சொல்லின் பொருள் என்ன?",
    "options": [
      "அழகான கூரைகள்",
      "அழகான அடுக்குகள்",
      "அழகான ஜன்னல்கள்",
      "அழகான வாயில்கள்"
    ],
    "answer": [
      "B"
    ],
    "additional_context": "பாரதியார் தன் கனவு இல்லத்தைப் பற்றிப் பாடும் போது, அந்த இல்லத்தில் அழகான தூண்களும், நல்ல நிறத்திலான  ‘நன்மாடங்கள்’ எனப்படும் அடுக்குகளும் இருக்க வேண்டுமென விரும்புகிறார். காணி நிலம் பாடலில் இதுபோல் அழகான அடுக்குகள் இருந்தால் அது அழகாக இருக்கும் என்பதையே ‘நன்மாடங்கள்’ என்ற சொல் குறிப்பிடுகிறது.  "
  },
  {
    "description": "“கீற்றும் இளநீரும்”  என்ற சொற்றொடர் எதைக் குறிக்கிறது?",
    "options": [
      "மாங்காய் மற்றும் வாழைப்பழம்",
      "பழம் மற்றும் காய்கறி",
      "தென்னை மரத்தின் பாகங்கள்",
      "காய்கறி மற்றும் பூக்கள்"
    ],
    "answer": [
      "C"
    ],
    "additional_context": "பாரதியார் தன் கனவு இல்லத்தில் தென்னை மரம் இருக்க வேண்டுமென்கிறார். அந்த தென்னை மரத்தில் ‘கீற்றும் இளநீரும்’ இருக்க வேண்டுமென்கிறார். தென்னை மரத்தின் பாகங்களான ‘கீற்று’ மற்றும் ‘இளநீர்’ இரண்டையும் குறிப்பிடும் சொற்றொடரே ‘கீற்றும் இளநீரும்’ ஆகும். "
  },
  {
    "description": "“கத்துங் குயிலோசை” என்ற சொற்றொடரில் எந்த ஒலி அழகு பயன்படுத்தப்பட்டுள்ளது?",
    "options": [
      "எதுகை",
      "மோனை",
      "இயைபு",
      "ஓசை நயம்"
    ],
    "answer": [
      "B"
    ],
    "additional_context": "‘கத்துங் குயிலோசை’ என்ற சொற்றொடரில் ‘கு’ என்ற ஒலி இருமுறை வருகிறது. இது மோனை எனப்படுகிறது. மோனை என்பது ஒரே மாதிரியான ஒலி மீண்டும் மீண்டும் வருவது ஆகும். "
  },
  {
    "description": "“முத்துச் சுடர் போலே” என்ற சொற்றொடர் என்ன பொருள் தருகிறது?",
    "options": [
      "நட்சத்திரம் போன்ற வெளிச்சம்",
      "எரியும் தீ போன்ற வெளிச்சம்",
      "பிரகாசமான வெள்ளை வெளிச்சம்",
      "மங்கலான மஞ்சள் வெளிச்சம்"
    ],
    "answer": [
      "C"
    ],
    "additional_context": "பாரதியார் தன் கனவு இல்லத்தில் முத்துச் சுடர் போல பிரகாசமாக நிலவொளி வீச வேண்டுமென விரும்புகிறார். முத்துச் சுடர் என்பது பிரகாசமான வெள்ளை வெளிச்சத்தை குறிப்பதாகும். "
  },
  {
    "description": "“தென்றல் வரவேணும்” என்ற சொற்றொடர் எதைக் குறிக்கிறது?",
    "options": [
      "மழை வரவேண்டும்",
      "காற்று வரவேண்டும்",
      "வெயில் வரவேண்டும்",
      "பனி வரவேண்டும்"
    ],
    "answer": [
      "B"
    ],
    "additional_context": "பாரதியார் தன் கனவு இல்லத்தில் இளந்தென்றல் வீச வேண்டுமென்கிறார். இதன் மூலம் அவர் குளிர்ந்த காற்று வீச வேண்டுமென்று விரும்புவதைக் காட்டுகிறது. "
  }
]
