
[
  {
    "description": "“நந்தவனம்” என்ற சொல்லுக்குப் பொருத்தமான சொல் எது?",
    "options": [
      "மலை",
      "காடு",
      "பூஞ்சோலை",
      "கடல்"
    ],
    "answer": "C",
    "additional_context": "இந்தப் பாடலில்  “நந்தவனம் கண் திறந்து”  என்று  குறிப்பிடப்பட்டுள்ளது.   நந்தவனம் என்றால் பூஞ்சோலை என்பதை நாம் அறிவோம்.  இந்தப் பாடல் ஒரு குழந்தையை தாலாட்டுவதற்கான பாடல் என்பதால் “நந்தவனம்” என்ற சொல்லுக்குப் பதிலாக “பூஞ்சோலை” என்ற சொல் மிகவும் பொருத்தமாக இருக்கும்"
  },
  {
    "description": "“தங்கத்திலே பூ இழைத்துச் செல்லமாய் வந்து உதித்த” என்ற வரிகள் குறிப்பிடுவது யாரை?",
    "options": [
      "ஒரு குழந்தையை",
      "ஒரு பறவையை",
      "ஒரு மலரை",
      "ஒரு விலங்கை"
    ],
    "answer": "A",
    "additional_context": "இந்தப் பாடல் ஒரு குழந்தையைத் தாலாட்டுவதற்கான பாடல். அந்தப் பாடலில்  “தங்கத்திலே பூ இழைத்துச் செல்லமாய் வந்து உதித்த”  என்று  குறிப்பிடப்பட்டுள்ளது.  குழந்தைகள் அனைவரும் செல்லமாகவே இருப்பார்கள்.  அவர்களைத் தங்கம் போலப் பாதுகாப்போம்.  எனவே  “தங்கத்திலே பூ இழைத்துச் செல்லமாய் வந்து உதித்த”  என்ற வரிகள்  குழந்தையைப் பற்றிக் குறிப்பிடுவது என்பது தெளிவாகத் தெரிகிறது."
  },
  {
    "description": "“வாழை இலை பரப்பி வந்தாரைக் கை அமர்த்திச் சுவையான விருந்து வைக்கும்” என்ற வரிகள் குறிப்பிடுவது எந்த நாட்டு மக்களின் பண்பாட்டை?",
    "options": [
      "சோழ நாட்டு மக்கள்",
      "பாண்டி நாட்டு மக்கள்",
      "சேர நாட்டு மக்கள்",
      "பல்லவ நாட்டு மக்கள்"
    ],
    "answer": "A",
    "additional_context": "இந்தப் பாடலில்  “வாழை இலை பரப்பி வந்தாரைக் கை அமர்த்திச் சுவையான விருந்து வைக்கும்”  என்று  குறிப்பிடப்பட்டுள்ளது.   சோழ நாட்டு மக்கள்  நம்மைப் பற்றி இப்படிச் சொல்வதாகவும் அந்தப் பாடல்  குறிப்பிடுகிறது.  வாழை இலையைப் பரப்பி விருந்து வைக்கும் பழக்கம்  சோழ நாட்டில் மிகவும் பரவலாக இருந்தது."
  },
  {
    "description": "“கண்ணே கண்மணியே”  என்பது குறிப்பிடுவது யாரை?",
    "options": [
      "கணவரை",
      "தாயை",
      "தந்தையை",
      "குழந்தையை"
    ],
    "answer": "D",
    "additional_context": "இந்தப் பாடல் ஒரு குழந்தையை தாலாட்டுவதற்கான பாடல். அந்தப் பாடலில் “கண்ணே கண்மணியே”  என்று   குறிப்பிடப்பட்டுள்ளது.   இந்தப் பாடலில் குழந்தையை தாலாட்டுவதற்கான  வார்த்தைகள் பயன்படுத்தப்பட்டிருப்பதால்  இந்த  “கண்ணே கண்மணியே”  என்ற வார்த்தைகள் குழந்தையைப் பற்றிக் குறிப்பிடுவது என்பது தெளிவாகத் தெரிகிறது."
  },
  {
    "description": "“தொட்டில் கட்டி” என்ற சொல் எந்த இடத்தில் பயன்படுத்தப்பட்டுள்ளது?",
    "options": [
      "பாண்டி நாட்டு மக்கள்",
      "சேர நாட்டு மக்கள்",
      "சோழ நாட்டு மக்கள்",
      "பல்லவ நாட்டு மக்கள்"
    ],
    "answer": "B",
    "additional_context": "இந்தப் பாடலில்  “தொட்டில் கட்டித் தங்கத்திலே பூ இழைத்துச்”  என்று  குறிப்பிடப்பட்டுள்ளது.   இந்தப் பாடல் சேர நாட்டு மக்களைப் பற்றிப் பேசுவதாக அந்தப் பாடலில்  குறிப்பிடப்பட்டுள்ளது.  சேர நாட்டு மக்கள் தங்களுடைய குழந்தைகளை   தங்கத்தால் ஆன தொட்டிலில்   கட்டி வைத்திருந்தார்கள் என்று  அந்தப் பாடல்  குறிப்பிடுகிறது."
  }
]
