
[
  {
    "description": "“உலகச் செம்மொழிகளுள் ஒன்றாக விளங்கும் தமிழ்மொழியின் சிறப்புகளை அறியலாம் வாருங்கள்” என்ற வரியிலிருந்து, தமிழ் மொழி எதைக் குறிக்கிறது?",
    "options": [
      "தமிழ் மொழி உலகில் மிகச்சிறந்த மொழியாகும்.",
      "தமிழ் மொழி உலக மொழிகளில் ஒன்றாகும்.",
      "தமிழ் மொழி உலக மொழிகளில் சிறந்த ஒன்றாகும்.",
      "தமிழ் மொழி உலகச் செம்மொழிகளில் ஒன்றாகும்."
    ],
    "answer": "D",
    "additional_context": "இந்த வரியில், தமிழ் மொழியின் சிறப்புகள் பற்றி பேசப்படுகிறது. அது “உலகச் செம்மொழிகளுள் ஒன்றாக விளங்கும்”  என்று சொல்லப்படுகிறது. இதன் மூலம், தமிழ் மொழி, உலகின் சிறந்த மற்றும் பழமையான மொழிகளில் ஒன்றாகும் என்பதை உணர்த்துகிறது. "
  },
  {
    "description": "“மனித இனப் பரிணாம வளர்ச்சியின் சிறப்புகளுள் ஒன்று மொழி” என்ற வரியிலிருந்து, மனித இனத்தின் பரிணாம வளர்ச்சிக்கு மொழி எப்படி  உதவியது?",
    "options": [
      "மனிதர்களை பிற உயிரினங்களிடம் இருந்து பிரித்து காட்டியது.",
      "மனிதர்களை  மேம்படுத்தியது.",
      "மனிதர்களை சிந்திக்க உதவியது.",
      "மேற்கண்ட அனைத்தும்."
    ],
    "answer": "D",
    "additional_context": "மனிதன் உயிர் வாழும் வகையில், பரிணாம வளர்ச்சியடைந்துள்ளான். அந்த வளர்ச்சியில் மொழி முக்கிய பங்கு வகிக்கிறது. பிற உயிரினங்கள் போலல்லாமல், மனிதனுக்கு மொழி உண்டு என்பது  மனிதனை வேறுபடுத்துகிறது. மொழி மூலம், மனிதர்கள் தங்கள் எண்ணங்களை வெளிப்படுத்தவும், பிறரிடம் இருந்து கற்றுக் கொள்ளவும், தங்கள் வாழ்வை மேம்படுத்தவும்  சாத்தியமாகிறது.  சிந்திக்கும் திறன் மனிதனுக்கு மொழி மூலம் வளர்ந்து வந்தது. மேலும், மொழி என்பது ஒரு பரிணாம வளர்ச்சியாகும், இது மனித குலத்தை மேம்படுத்தியுள்ளது. "
  },
  {
    "description": "“உலகில் ஆறாயிரத்திற்கும் மேற்பட்ட மொழிகள் உள்ளன”  என்ற வரியிலிருந்து, தமிழ் மொழி  எதைக் குறிக்கிறது?",
    "options": [
      "உலகில் உள்ள மொழிகளின் எண்ணிக்கை மிக அதிகம்.",
      "தமிழ் மொழி உலகில் மிகப் பழமையான மொழி.",
      "உலகில் மிகக் குறைவான மொழிகளே பேச்சு மற்றும் எழுத்து வடிவத்தில் உள்ளன.",
      "தமிழ் மொழி பேச்சு மற்றும் எழுத்து வடிவத்தில் உள்ள ஒரு மொழி."
    ],
    "answer": "A",
    "additional_context": "இந்த வரியில், உலகில் ஆறாயிரத்திற்கும் மேற்பட்ட மொழிகள் இருப்பதாக குறிப்பிடப்பட்டுள்ளது.  தமிழ் மொழி உட்பட பல மொழிகள், பேச்சு மற்றும் எழுத்து வடிவத்தில் உள்ளன.  உலகில் மொழிகளின் எண்ணிக்கை மிக அதிகம் என்பது இந்த வரி மூலம் தெளிவாகிறது. "
  },
  {
    "description": "“தமிழ் இலக்கியங்கள் இனிமையானவை” என்ற வரியிலிருந்து, தமிழ் இலக்கியங்கள்  எதைக் குறிக்கின்றன?",
    "options": [
      "ஓசை, சொல் மற்றும் பொருள்  இனிமை கொண்டவை.",
      "கவிஞர் பாரதியார் தமிழ் இலக்கியங்களின் இனிமையைப் புகழ்ந்தார்.",
      "தமிழ் இலக்கியங்கள் மிகவும் பழமையானவை.",
      "தமிழ் இலக்கியங்கள் உலகில் மிகச்சிறந்தவை."
    ],
    "answer": "A",
    "additional_context": "இந்த வரியில், தமிழ் இலக்கியங்களின்  இனிமை பற்றி பேசப்படுகிறது.  தமிழ் இலக்கியங்கள்  ஓசை, சொல் மற்றும் பொருள்  இனிமை  மிகுந்தவை என்பதை இந்த வரி உணர்த்துகிறது.  "
  },
  {
    "description": "“என்று பிறந்தவள் என்று உணராத இயல்பினளாம் எங்கள் தாய்!” என்ற வரிகளிலிருந்து, தமிழ் மொழியின்  எந்தப் பண்பை  சுட்டிக்காட்டுகிறார்கள்?",
    "options": [
      "தமிழ் மொழி மிகவும் பழமையானது.",
      "தமிழ் மொழி எளிமையானது.",
      "தமிழ் மொழி இனிமையானது.",
      "தமிழ் மொழி உலகில் மிகச்சிறந்தது."
    ],
    "answer": "A",
    "additional_context": "இந்த வரிகளில், தமிழ் மொழி மிகவும் பழமையானது என்பது உணர்த்தப்படுகிறது.  அந்த வரிகளில், தமிழை  “எங்கள் தாய்”  என்று குறிப்பிட்டுள்ளது. தாய் என்பது பழமையானது என்ற எண்ணத்தை மனதில் நிறுத்தி, தமிழ் மொழியின் பழமை குறித்து இந்த வரிகள் எடுத்துரைக்கின்றன. "
  }
]
