
[
  {
    "description": "“மொழியோடு விளையாடு” என்ற பகுதியில் உள்ள “பல்” என்ற சொல் எந்தவொரு சொல்லையும் இணைத்து புதிய சொல்லை உருவாக்கவில்லை. ஏன்?",
    "options": [
      "“பல்” என்ற சொல்லுக்கு இணைத்து புதிய சொற்கள் இல்லை",
      "“பல்” என்ற சொல்லுடன்  “இல்லை”  சொல்லை இணைக்க முடியாது",
      "“பல்” என்ற சொல்லுடன்  “உண்டு”  சொல்லை இணைக்க முடியாது",
      "“பல்” என்ற சொல்லுடன் எதுவும் இணைக்க முடியாது"
    ],
    "answer": "C",
    "additional_context": "“மொழியோடு விளையாடு” என்ற பகுதி, தமிழ் மொழியின் அழகை உணர்த்தும் விளையாட்டைப் போன்று அமைந்திருக்கிறது. இந்தப் பகுதியில்,  “பல்” என்ற சொல்லை “உண்டு” அல்லது “இல்லை” என்ற சொற்களுடன் இணைத்து புதிய சொற்கள் உருவாக்கப்படுகின்றன. ஆனால், “பல்” என்ற சொல்லை “உண்டு” என்ற சொல்லுடன் இணைத்து புதிய சொல் உருவாக்கப்படவில்லை. ஏனெனில், “பல் உண்டு” என்ற சொல் தனித்துவமான ஒரு பொருள் கொண்ட சொல்லாகும். அதை இணைத்து வேறொரு சொல் உருவாக்க முடியாது."
  },
  {
    "description": "இரவு நேர வானத்துக் காட்சியை வரைவதற்கு, எந்த கருவி பயனுள்ளதாக இருக்கும்?",
    "options": [
      "வண்ணப் பென்சில்கள்",
      "கிராஃபைட் பென்சில்",
      "நீர் வண்ணப்பெயிண்ட்",
      "அனைத்தும்"
    ],
    "answer": "D",
    "additional_context": "இரவு நேர வானத்துக் காட்சியை வரைவதற்கு பல்வேறு கருவிகள் பயன்படுத்தப்படலாம். வண்ணப் பென்சில்களால் வண்ணங்களைப் பிரதிபலிக்கலாம். கிராஃபைட் பென்சில் மூலம் வானத்தின் நிழல்களை  மற்றும் நட்சத்திரங்களை வரையலாம். நீர் வண்ணப்பெயிண்ட் மூலம் வானத்தின் இயற்கையான அழகையும் வண்ணங்களையும் பிரதிபலிக்கலாம். எனவே,  இரவு நேர வானத்துக் காட்சியை வரைவதற்கு  வண்ணப் பென்சில்கள், கிராஃபைட் பென்சில், நீர் வண்ணப்பெயிண்ட் என அனைத்தும் பயனுள்ளதாக இருக்கும்."
  },
  {
    "description": "தமிழ்நாட்டில் உள்ள புகழ்மிக்க பண்பாட்டுச் சிறப்பு மிக்க இடங்களை இணையத்தில் காணும்போது, எந்த வகையான தகவல் மிகவும் பயனுள்ளதாக இருக்கும்?",
    "options": [
      "நிறுவனத்தின் மின்னஞ்சல் முகவரி",
      "இடத்தின் வரலாற்றுப் பின்னணி",
      "இடத்தின் தொலைபேசி எண்",
      "இடத்திற்குச் செல்லும் வழிமுறை"
    ],
    "answer": "B",
    "additional_context": "தமிழ்நாட்டில் உள்ள புகழ்மிக்க பண்பாட்டுச் சிறப்பு மிக்க இடங்களைப் பற்றி தெரிந்துகொள்ள, அதன் வரலாற்றுப் பின்னணி மிகவும் முக்கியமானது. அந்த இடம் ஏன்  புகழ் பெற்றது, எப்படி உருவானது, அதன் கலாச்சாரம், பாரம்பரியம்  போன்றவற்றை அறிந்துகொள்வது, அந்த இடத்தின்  மகத்துவத்தையும் முக்கியத்துவத்தையும் உணர்த்தும்.  நிறுவனத்தின் மின்னஞ்சல் முகவரி, தொலைபேசி எண், இடத்திற்குச் செல்லும் வழிமுறை  என்பன அவசியமானவையாக இருந்தாலும்,  இடத்தின் வரலாற்றுப் பின்னணியை அறிந்துகொள்வது மிகவும்  பயனுள்ளதாக இருக்கும்."
  }
]
