
[
  {
    "description": "பாரதியார் காணி நிலம் பாடலில் குறிப்பிட்டுள்ள 'மாளிகை' எப்படி இருக்க வேண்டும் என்பதை 2 வரிகளில் சுருக்கமாக எழுது.",
    "options": [],
    "answer": [],
    "additional_context": "பாரதியார் காணி நிலம் பாடலில் ஒரு மாளிகையை பற்றி சொல்கிறார். அந்த மாளிகை தூண்களையும் தூய நிறமுடைய மாடங்களையும் கொண்டிருக்க வேண்டும் என்கிறார். அதாவது, அந்த மாளிகை அழகான தூண்கள் மற்றும் மாடங்களைக் கொண்டிருக்க வேண்டும் என்று சொல்லப்படுகிறது."
  },
  {
    "description": "பாடலில் காணப்படும் 'நிலா' மற்றும் 'தென்றல்' போன்ற இயற்கை கூறுகள் எதைப் பிரதிபலிக்கின்றன?",
    "options": [
      "இயற்கையின் சக்தி",
      "இயற்கையின்  அழகு",
      "இயற்கையின்  தூய்மை",
      "இயற்கையின்  நிம்மதி"
    ],
    "answer": [
      "D"
    ],
    "additional_context": "பாடலில் நிலா மற்றும் தென்றல் போன்ற இயற்கை கூறுகள் இயற்கையின் நிம்மதியை பிரதிபலிக்கின்றன. இந்த இயற்கை கூறுகள் நமக்கு மகிழ்ச்சியையும் நிம்மதியையும் தருகின்றன என்பதை பாரதியார் இந்த பாடலில் வலியுறுத்துகிறார்."
  },
  {
    "description": "பாரதியார் பாடலில் 'கேணி அருகினிலே - தென்னைமரம்' என்ற வரியில் கேணி என்பது என்ன?",
    "options": [
      "ஏரி",
      "குளம்",
      "நதி",
      "கிணறு"
    ],
    "answer": [
      "D"
    ],
    "additional_context": "பாடலில் 'கேணி' என்பது கிணற்றைக் குறிக்கிறது. காணி நிலம் பாடலில் பாரதியார் கேணி அருகிலே தென்னை மரம் இருக்க வேண்டும் என்கிறார். அதாவது, கிணறு அருகில் தென்னை மரம் இருக்க வேண்டும் என்று சொல்லப்படுகிறது."
  },
  {
    "description": "பாடலில் 'காணி நிலம்' என்பது என்னைக் குறிக்கிறது?",
    "options": [
      "இயற்கை ",
      "வீடு",
      "நிலம்",
      "நில அளவு"
    ],
    "answer": [
      "D"
    ],
    "additional_context": "பாடலில் 'காணி நிலம்' என்பது நில அளவைக் குறிக்கிறது. பாரதியார் தனது கனவு இல்லத்திற்குத் தேவையான நில அளவைக் குறிப்பிட்டு அது பற்றிப் பாடுகிறார். அந்த இடம் இயற்கை அழகான இடமாக இருக்க வேண்டும் என்று விரும்புகிறார்."
  }
]
