
[
  {
    "description": "பாடலில் குறிப்பிடப்பட்டுள்ள மிதிக்கும் மாடுகளின் பெயர் என்ன?",
    "options": [
      "காளை மாடுகள்",
      "பசு மாடுகள்",
      "கிழக்கத்தி மாடுகள்",
      "பூனை மாடுகள்"
    ],
    "answer": [
      "C"
    ],
    "additional_context": "நாட்டுப்புறப் பாடலில், நெல்மணிகளை பிரித்தெடுக்க, மிதிக்க பயன்படுத்தப்படும் மாடுகள்  'கிழக்கத்தி மாடுகள்' எனக் குறிப்பிடப்பட்டுள்ளது. இப்பாடலில் 'கிழக்கத்தி மாடெல்லாம்' எனக் குறிப்பிடப்பட்டுள்ளது. இந்த வரிகள், அறுவடைக்குப் பின்னர், நெல்மணிகளைப் பிரித்தெடுக்க  கிழக்கத்தி மாடுகள் பயன்படுத்தப்பட்டன என்பதைப் புலப்படுத்துகிறது."
  },
  {
    "description": "பாடலில் \"சும்மாடு\" என்ற சொல்லின் பொருள் என்ன?",
    "options": [
      "தலையில் சுமந்து செல்லும் ஒரு வகைத் துணிச்சுருள்",
      "மண்குடம்",
      "வயலில் பயிரிடும் ஒரு வகைப் பயிர்",
      "நீர்ப்பாசனம் செய்யப் பயன்படும் கருவி"
    ],
    "answer": [
      "A"
    ],
    "additional_context": "உழவர்கள் களத்திற்கு நெல் தாள்களைத் தூக்கிச் செல்லும்போது, அவற்றை தலையில் சுமந்து செல்லும் ஒரு வகை துணிச்சுருளை 'சும்மாடு' என்கின்றனர். பாடலில், 'சும்மாடும் தேர்ந்தெடுத்து சுறுசுறுப்பாய்க் கொண்டு போனார்' எனக் குறிப்பிடப்பட்டுள்ளது. இதன் மூலம்,  'சும்மாடு' என்பது தலையில் சுமந்து செல்லும் துணிச்சுருள் என்பது தெளிவாகிறது."
  },
  {
    "description": "'கழலுதல்' என்ற சொல் எதை குறிக்கிறது?",
    "options": [
      "நெற்கதிர்கள் கீழே விழும் செயல்",
      "கதிர் அறுக்கும் செயல்",
      "நாற்று நடவு செய்யும் செயல்",
      "நீர்ப் பாசனம் செய்யும் செயல்"
    ],
    "answer": [
      "A"
    ],
    "additional_context": "பாடலில், 'கால்படவும் கதிருபூரா கழலுதையா மணிமணியா' எனக் குறிப்பிடப்பட்டுள்ளது. 'கழலுதல்' என்பது நெற்கதிர்கள் கீழே விழும் செயலைக் குறிக்கிறது. மாடுகள் மிதித்ததால், நெல்மணிகள் கதிர்களில் இருந்து மணிமணியாய் கீழே விழுந்தன என்பதை இந்த வரிகள் தெளிவுபடுத்துகின்றன."
  },
  {
    "description": "பாடலில் எதுகை மற்றும் மோனை இல்லாத வரிகள் எவை?",
    "options": [
      "சீலையெல்லாம் வரிஞ்சுக்கட்டி, சேத்துக்குள்ளே இறங்குறாங்க",
      "ஒண்ணரைக்குழி நிலமும் பார்த்து, சீலையெல்லாம் வரிஞ்சுக்கட்டி",
      "ஒருசாணுக்கு ஒரு நாற்றுத்தான், ஓடியோடி நட்டோமையா",
      "சாலுசாலாத் தாளுவிட்டு, நாலுநாலா வளருதம்மா"
    ],
    "answer": [
      "A"
    ],
    "additional_context": "நாட்டுப்புறப் பாடல்களில், எதுகை மற்றும் மோனை நிறைந்திருக்கும். இந்தப் பாடலில் 'சீலையெல்லாம் வரிஞ்சுக்கட்டி, சேத்துக்குள்ளே இறங்குறாங்க' என்ற வரிகளில் எதுகை மற்றும் மோனை இல்லை. ஏனெனில், இவ்வரிகளில் எதுகை மற்றும் மோனைக்கான சொற்கள் இல்லை."
  },
  {
    "description": "பாடல்  எந்த வகையான இலக்கியத்தைச் சேர்ந்தது?",
    "options": [
      "கவிதை",
      "நாடகம்",
      "புராணம்",
      "நாட்டுப்புறப் பாடல்"
    ],
    "answer": [
      "D"
    ],
    "additional_context": "இந்தப் பாடல், நாட்டுப்புற மக்கள் உழவுத்தொழிலின் போது பாடும் ஒரு வகைப் பாடலாகும். இது நாட்டுப்புற மக்களின் வாழ்வியல், உழவுத்தொழிலில் அவர்கள் கையாளும் முறைகள், நெல் பயிரிடுதல் மற்றும் அறுவடை  செய்யும் முறைகள் ஆகியவற்றை  குறிப்பிடுவதால், இது ஒரு நாட்டுப்புறப் பாடல் எனலாம்."
  }
]
