
[
  {
    "description": "'முட்டப்போய் மாறத் திரும்புகையால்' என்ற வரிகளில் 'முட்டப்போய்' என்ற சொல் எந்தப் பொருளில் பயன்படுத்தப்பட்டுள்ளது?",
    "options": [
      "அ) குதிரை முழுப் பாதைக்கும் சென்று மீண்டும் திரும்புவது",
      "ஆ) கீரைப்பாத்தியின் கடைசி வரை நீர் சென்று திரும்புவது",
      "இ) குதிரையின் கால் மண் மீது முட்டப்படுவது",
      "ஈ) பாத்தியில் மண் முழுவதும் மட்டும் சென்று திரும்புவது"
    ],
    "answer": [
      "A"
    ],
    "additional_context": "இந்தப் பாடல் 'கீரைப்பாத்தியும் குதிரையும்' என்ற தலைப்பில் ஒரு பாடல். இப்பாடலில்  'முட்டப்போய்' என்ற சொல் கீரைப்பாத்தியில் நீர் சென்று மீண்டும் திரும்புவதை குறிக்கிறது.  'முட்டப்போய் மாறத் திரும்புகையால்' என்ற வரிகளில், 'முட்டப்போய்' என்பது கீரைப்பாத்தியில் நீர் சென்று முழுவதும் மட்டும் சென்று திரும்புவதை குறிக்கிறது. கீரைப்பாத்தியில் உள்ள வாய்க்காலில் நீர் மண் முழுவதும் சென்று மீண்டும் திரும்பும், இதையே 'முட்டப்போய் மாறத் திரும்புகையால்' என்று சொல்லப்பட்டுள்ளது."
  },
  {
    "description": "'வண்கீரை' என்ற சொல்லின் பொருளைப் பார்க்கும்போது, இதன் பொருள் என்ன?",
    "options": [
      "அ) நிறமற்ற கீரை",
      "ஆ) மணமற்ற கீரை",
      "இ) மணம் வீசும் கீரை",
      "ஈ) வளமான கீரை"
    ],
    "answer": [
      "D"
    ],
    "additional_context": "'வண்கீரை' என்பது வளமான கீரை. இது 'கீரைப்பாத்தியும் குதிரையும்' என்ற பாடலில் பயன்படுத்தப்பட்டுள்ளது. இப்பாடலில், 'வண்கீரைப் பாத்தியுடன்' என்று குறிப்பிடப்பட்டுள்ளது.  கீரைப் பாத்திக்கு வளமான மண் தேவை, அதனால் 'வண்கீரை' என்பது வளமான கீரை என்று பொருள்."
  },
  {
    "description": "கீரைப்பாத்தி மற்றும் குதிரைக்கு இடையேயான ஒற்றுமையை விளக்கும்  'ஏறப் பரியாகுமே' என்ற தொடரில் 'பரி' என்பதன் பொருள் என்ன?",
    "options": [
      "அ) யானை",
      "ஆ) குதிரை",
      "இ) மான்",
      "ஈ) மாடு"
    ],
    "answer": [
      "B"
    ],
    "additional_context": "இந்தப் பாடலில் 'பரி' என்பது குதிரையை குறிக்கிறது.  'ஏறப் பரியாகுமே' என்ற தொடரில் 'பரி' என்பது குதிரையைக் குறிக்கிறது.  கீரைப்பாத்திக்கும் குதிரைக்கும் இடையேயான ஒற்றுமையை விளக்க, இந்த வரியில் குதிரை 'பரி' என்ற சொல்லால் குறிப்பிடப்பட்டுள்ளது."
  },
  {
    "description": "'கால்மாறிப் பாய்கையால்' என்ற வரிகளில் 'கால்மாறிப் பாய்கையால்' என்ற சொல்  எதை குறிக்கிறது?",
    "options": [
      "அ) குதிரை விரைவாக ஓடுவது",
      "ஆ) கீரைப்பாத்தியில் நீர் விரைவாக பாய்ச்சப்படுவது",
      "இ) குதிரையின் கால் மாறிமாறி பாய்ந்து செல்வது",
      "ஈ) மேற்கண்ட அனைத்தும்"
    ],
    "answer": [
      "D"
    ],
    "additional_context": " 'கால்மாறிப் பாய்கையால்' என்ற சொல் கீரைப்பாத்தியில் நீர் பாய்ச்சப்படுவதையும், குதிரையின் கால் மாறிமாறி பாய்ந்து செல்வதையும், குதிரை விரைவாக ஓடுவதையும் குறிக்கிறது. இந்தப் பாடல் இரண்டு பொருள் தரும் இரட்டுற மொழிதலாக அமைந்துள்ளது. 'கால்மாறிப் பாய்கையால்' என்ற வரியில்  இரண்டு விதமான பொருள் உணர்த்தப்படுகிறது. முதலாவது பொருள், கீரைப்பாத்தியில் நீர் வாய்க்காலில் மாறிமாறி பாய்ச்சப்படுவது.  இரண்டாவது பொருள், குதிரை விரைவாக ஓடுவது.  இந்தப் பாடல் இரண்டு பொருள் தரும் இரட்டுற மொழிதலாக அமைந்துள்ளது."
  },
  {
    "description": "'கட்டி அடிக்கையால்' என்ற வரிகளில், 'கட்டி' என்பதன் பொருள் என்ன?",
    "options": [
      "அ) கட்டித் தூக்குவது",
      "ஆ) கட்டி வைப்பது",
      "இ) கட்டி ஓட்டுவது",
      "ஈ) கட்டி அணைப்பது"
    ],
    "answer": [
      "B"
    ],
    "additional_context": "'கட்டி அடிக்கையால்' என்ற வரிகளில், 'கட்டி' என்பது 'கட்டி வைப்பது' என்று பொருள்.  இந்தப் பாடல் இரண்டு பொருள் தரும் இரட்டுற மொழிதலாக அமைந்துள்ளது.  'கட்டி அடிக்கையால்' என்ற வரியில்  இரண்டு விதமான பொருள் உணர்த்தப்படுகிறது.  முதலாவது பொருள், கீரைப்பாத்தியில் மண் கட்டிகளை அடித்துத் தூளாக்குவது. இரண்டாவது பொருள், குதிரையை வண்டிகளில் கட்டி ஓட்டுவது.  இந்தப் பாடல் இரண்டு பொருள் தரும் இரட்டுற மொழிதலாக அமைந்துள்ளது."
  }
]
