[
          
  {
    
          "description": "என் __________ ஒரு பாடப்புத்தகங்கள் மட்டுமன்றிப் பிற புத்தகங்களையும் படிப்பேன்.",
          "options": [
      "a)  சீருடை",
      "b)  பொறுப்பு",
      "c)  பட்டம்",
      "d)  வழிகாட்டுதல்"
    ],
    "answer": "B",
    
          "additional_context": "நூலகம் பற்றிய  பாடத்தில்  'என் பொறுப்புகள்...' என்ற தலைப்பில்  நாம்  நல்ல  மாணவர்களாக  இருக்க   என்ன  செய்ய  வேண்டும்  என்பதைப் பற்றி  எழுதப்பட்டுள்ளது. இதில்   'என்  __________ ஒரு பாடப்புத்தகங்கள் மட்டுமன்றிப் பிற புத்தகங்களையும் படிப்பேன்.' என்ற  வார்த்தை  இடம்  பெற்றுள்ளது."
          }
        ,
          
  {
    
          "description": "__________ என்ற சொல் எழுத்துகளைக் கொண்டு எழுதப்படுகிறது.",
          "options": [
      "a)  கல்",
      "b)  மழை",
      "c)  நிலா",
      "d)  சூரியன்"
    ],
    "answer": "A",
    
          "additional_context": "இந்தப் பாடத்தில்  'நிற்க அதற்குத் தக...' என்ற  தலைப்பில்  'கல்' என்ற சொல்லுக்கு  இரு  பொருள்  எப்படி   என்பதை  விளக்க  கொடுக்கப்பட்டுள்ளது.   இதில்  '__________ என்ற சொல் எழுத்துகளைக் கொண்டு எழுதப்படுகிறது.'  என்ற கேள்வி கேட்கப்பட்டுள்ளது."
          }
        ,
          
  {
    
          "description": "'__________  சொல்'  என்ற தொடர் இரண்டு பொருள் தரும்.",
          "options": [
      "a)  சீர்",
      "b)  மாலை",
      "c)  நிலம்",
      "d)  கல்"
    ],
    "answer": "B",
    
          "additional_context": "இந்தப் பாடத்தில்  'நிற்க அதற்குத் தக...' என்ற  தலைப்பில்  இரண்டு  பொருள்  தரும்  சொற்களை  குறிப்பிட்டு  அந்தச்  சொற்களை  பயன்படுத்தி  வாக்கியங்கள்  அமைக்க  கொடுக்கப்பட்டுள்ளது.   இதில்  '__________  சொல்'  என்ற தொடர் இரண்டு பொருள் தரும்.'  என்ற கேள்வி கேட்கப்பட்டுள்ளது."
          }
        ,
          
  {
    
          "description": "'நூலக ஆணையருக்குக் கடிதம் எழுது' என்ற வாக்கியத்தில், எந்த நோக்கத்திற்காகக் கடிதம் எழுத வேண்டும்?",
          "options": [
      "a) நூலகத்தைப் பற்றிய புகாரைத் தெரிவிக்க.",
      "b) நூலகத்தில் புதிய புத்தகங்களை வாங்கித் தருமாறு கேட்டு.",
      "c) நூலகத்தின் நேரத்தை மாற்றி அமைக்குமாறு கேட்டு.",
      "d) நூலகத்தில் புதிய நூலகம் அமைத்துத்தர வேண்டி."
    ],
    "answer": "D",
    
          "additional_context": "இந்தப் பாடத்தில்   'கடிதம் எழுதுக' என்ற  தலைப்பில்   நூலகம்   ஒன்றை   அமைத்து   தருமாறு   நூலக   ஆணையருக்கு  கடிதம்  எழுதும்  முறை  கொடுக்கப்பட்டுள்ளது.  இதில்  'நூலக ஆணையருக்குக் கடிதம் எழுது' என்ற வாக்கியத்தில், எந்த நோக்கத்திற்காகக் கடிதம் எழுத வேண்டும்?'  என்ற கேள்வி கேட்கப்பட்டுள்ளது."
          }
        ,
          
  {
    
          "description": "'கலைச்சொல் அறிவோம்' என்ற பகுதியில், 'Uniform' என்ற ஆங்கிலச் சொல்லுக்குத் தமிழில் என்ன பொருள்?",
          "options": [
      "a) பட்டம்",
      "b) சீருடை",
      "c) நீதி",
      "d) கல்வியறிவு"
    ],
    "answer": "B",
    
          "additional_context": "இந்தப் பாடத்தில்   'கலைச்சொல் அறிவோம்' என்ற  தலைப்பில்   சில  ஆங்கிலச்  சொற்களுக்கு  தமிழில்  என்ன  பொருள்  என்பது  கொடுக்கப்பட்டுள்ளது.   இதில்  'Uniform' என்ற ஆங்கிலச் சொல்லுக்குத் தமிழில் என்ன பொருள்?'  என்ற கேள்வி கேட்கப்பட்டுள்ளது."
          }
        ]