[
          
  {
    
          "description": "'குற்றியலுகரம்' என்ற சொல்லின் பொருள் என்ன?",
          "options": [
      "அ)  குறுமை + இயல் + கரம்",
      "ஆ)  குறைவு + இயல் + உகரம்",
      "இ) குறுமை + இயல் + உகரம்",
      "ஈ) குறைவு + இயல் + கரம்"
    ],
    "answer": "C",
    
          "additional_context": "தமிழ் மொழியில் வல்லின உகரம் (கு, சு, டு, து, பு, று)  சொல்லின் இறுதியில் வரும்போது ஒரு மாத்திரைக்குப் பதிலாக அரை மாத்திரை அளவே ஒலிக்கும். இவ்வாறு தனக்குரிய ஓசையில் குறைந்து ஒலிக்கும் உகரம் குற்றியலுகரம் ஆகும். குறுமை + இயல் + உகரம் = குற்றியலுகரம்."
          }
        ,
          
  {
    
          "description": "'குற்றியலுகரம்' என்ற சொல் எந்த எழுத்தை குறிக்கிறது?",
          "options": [
      "அ)  இ",
      "ஆ)  உ",
      "இ)  அ",
      "ஈ)  க"
    ],
    "answer": "B",
    
          "additional_context": "தமிழ் மொழியில் வல்லின உகரம் (கு, சு, டு, து, பு, று)  சொல்லின் இறுதியில் வரும்போது ஒரு மாத்திரைக்குப் பதிலாக அரை மாத்திரை அளவே ஒலிக்கும். இவ்வாறு தனக்குரிய ஓசையில் குறைந்து ஒலிக்கும் உகரம் குற்றியலுகரம் ஆகும். குறுமை + இயல் + உகரம் = குற்றியலுகரம்."
          }
        ,
          
  {
    
          "description": "தமிழில் எழுத்துகளை எந்தெந்த வகைகளில் பிரிப்பர்?",
          "options": [
      "அ) முதலெழுத்து, இடையெழுத்து, இறுதி எழுத்து",
      "ஆ) முதலெழுத்து, இறுதி எழுத்து",
      "இ) முதலெழுத்து, சார்பெழுத்து",
      "ஈ) முதலெழுத்து, உயிர் எழுத்து, மெய் எழுத்து"
    ],
    "answer": "C",
    
          "additional_context": "தமிழ் எழுத்துகளை முதலெழுத்து, சார்பெழுத்து என இரு வகையாகப் பிரிப்பர். உயிர் பன்னிரண்டு, மெய் பதினெட்டு ஆகிய முப்பது எழுத்துகளும் முதலெழுத்துகள் எனப்படும். சார்பெழுத்து பத்து வகைப்படும். அவை உயிர்மெய், ஆய்தம், உயிரளபெடை, ஒற்றளபெடை, குற்றியலுகரம், குற்றியலிகரம், ஐகாரக்குறுக்கம், ஔகாரக்குறுக்கம், மகரக்குறுக்கம், ஆய்தக்குறுக்கம் என்பனவாகும். சார்பெழுத்துகளில் ஒன்றான குற்றியலுகரம் பற்றி இனிக் காண்போம்."
          }
        ,
          
  {
    
          "description": "'அஃது' என்ற சொல்லில் உள்ள 'குற்றியலுகரம்' எந்த வகையைச் சேர்ந்தது?",
          "options": [
      "அ) நெடில்தொடர்க் குற்றியலுகரம்",
      "ஆ) ஆய்தத்தொடர்க் குற்றியலுகரம்",
      "இ) உயிர்த்தொடர்க் குற்றியலுகரம்",
      "ஈ) வன்தொடர்க் குற்றியலுகரம்"
    ],
    "answer": "B",
    
          "additional_context": "ஆய்த எழுத்தைத் தொடர்ந்து வரும் குற்றியலுகரம் 'ஆய்தத் தொடர்க் குற்றியலுகரம்' எனப்படும்."
          }
        ,
          
  {
    
          "description": "'வரகு + யாது = வரகியாது' என்ற சொற்றொடரில் உள்ள 'குற்றியலிகரம்' எந்த எழுத்து?",
          "options": [
      "அ) உ",
      "ஆ) இ",
      "இ) ய",
      "ஈ) ா"
    ],
    "answer": "B",
    
          "additional_context": "வரகு+யாது - இந்த இரு சொற்களையும் சேர்த்து விரைவாக ஒலித்துப் பாருங்கள். வரகியாது என ஒலிப்பதை அறியலாம். முதல் சொல்லின் இறுதியில் உள்ள 'கு' என்னும் எழுத்து 'கி' என்று ஒலிக்கிறது. அதுவும் முழுமையாக ஒரு மாத்திரை அளவில் ஒலிக்காமல் அரை மாத்திரை அளவாகக் குறைந்து ஒலிக்கிறது. இவ்வாறு தன் ஒரு மாத்திரை அளவில் குறுகி ஒலிக்கும் இகரம் 'குற்றியலிகரம்' எனப்படும். குறுமை + இயல் + இகரம் = குற்றியலிகரம்."
          }
        ]