[
          
  {
    
          "description": "பாஞ்சாலங்குறிச்சியின் வீரத்துக்குச் சான்றாகும் நிகழ்வு எது?",
          "options": [
      "அ) யானைக் கூடமும் குதிரைக் கொட்டிலும் ஒன்றாக இருந்தது.",
      "ஆ)  சோலையில் மாங்குயில் கூப்பிடுமாம்.",
      "இ) முயலும் நாயை விரட்டிடுமாம்.",
      "ஈ) பசுவும் புலியும் ஒரு துறையில் பால்குடிக்குத் தண்ணீர் குடிக்கும்."
    ],
    "answer": "C",
    
          "additional_context": "பாஞ்சாலங்குறிச்சி மிகவும் வீரமிக்க இடம். அங்கு வசித்த மக்கள் வீரம் மிக்கவர்கள். முயல் நாயை விரட்டிடுவது என்பது வீரத்தின் சான்றாகும். "
          }
        ,
          
  {
    
          "description": "பாஞ்சாலங்குறிச்சி எந்த வகையான வளம் மிகுந்த நாடு?",
          "options": [
      "அ)  மணல் நிறைந்த வளமான நாடு",
      "ஆ)  காடுகள் நிறைந்த வளமான நாடு",
      "இ)  நெல் வயல்கள் நிறைந்த வளமான நாடு",
      "ஈ)  கனிம வளம் நிறைந்த நாடு"
    ],
    "answer": "C",
    
          "additional_context": "பாஞ்சாலங்குறிச்சி நெல் வயல்கள் நிறைந்த வளமான நாடு. அங்கு வளமான காடுகளும் ஆறுகளும் பூஞ்சோலைகளும் உள்ளன. "
          }
        ,
          
  {
    
          "description": "'சக்க தேவி' என்ற சொல் எதைப் குறிக்கிறது?",
          "options": [
      "அ)  கட்டபொம்மனின் தாயார்",
      "ஆ)  கட்டபொம்மனின் மனைவி",
      "இ)  பாஞ்சாலங்குறிச்சி மக்கள் வழிபடும் தெய்வம்",
      "ஈ)  கட்டபொம்மன் ஆட்சி செய்யும் நாட்டின் தெய்வம்"
    ],
    "answer": "D",
    
          "additional_context": "சக்க தேவி என்பது கட்டபொம்மன் ஆட்சி செய்த பாஞ்சாலங்குறிச்சியின் மக்கள் வழிபடும் தெய்வம். இந்த தேவி கட்டபொம்மனுக்கு அருள் புரிந்ததாகவும் கூறப்படுகிறது."
          }
        ,
          
  {
    
          "description": "கட்டபொம்மனின் அரண்மனை எப்படி இருந்தது?",
          "options": [
      "அ)  சாதாரணமான  ஒரு சிறிய வீடு",
      "ஆ)  மிகவும்  சிறிய  வீடு",
      "இ)  மிகவும்  அழகான   வீடு",
      "ஈ)  கோட்டையை  போன்ற   வீடு"
    ],
    "answer": "C",
    
          "additional_context": "கட்டபொம்மனின் அரண்மனை மிகவும் அழகாக இருந்தது. அது ராசாதி ராசனின் அரண்மனையாக இருந்தது. அதில் பல அழகான அலங்காரங்கள் இருந்தன."
          }
        ,
          
  {
    
          "description": "பாஞ்சாலங்குறிச்சியின் கோட்டை  எப்படி இருந்தது?",
          "options": [
      "அ)  சிறு  கோட்டை",
      "ஆ)  வலிமையான  கோட்டை",
      "இ)  மதில்களால்  சூழப்பட்ட  கோட்டை",
      "ஈ)  மரத்தால்  கட்டப்பட்ட  கோட்டை"
    ],
    "answer": "B",
    
          "additional_context": "பாஞ்சாலங்குறிச்சி மிகவும் வலிமையான கோட்டையைக் கொண்டிருந்தது. அது பல மதில்களால் சூழப்பட்டிருந்தது. "
          }
        ]