
[
  {
    "description": "கடல் பயணத்தில் திறமை வாய்ந்த ஃபராகட் எதில் தலைவராக இருந்தார்?",
    "options": [
      "ஒரு போர்க்கப்பல்",
      "ஒரு மீன்பிடி படகு",
      "ஒரு நீர்மூழ்கிக் கப்பல்",
      "ஒரு கப்பல் உற்பத்தி நிறுவனம்"
    ],
    "answer": "A",
    "additional_context": "அந்த விந்தை விலங்கைக் கண்டுபிடித்து அழிப்பதற்காக அமெரிக்காவின் நியூயார்க் நகரிலிருந்து ஒரு போர்க்கப்பல் புறப்பட்டது. கடல் பயணத்தில் திறமை வாய்ந்த ஃபராகட் என்பவர் அக்கப்பலின் தலைவராக இருந்தார்."
  },
  {
    "description": "கடல் மாலுமிகளிடையே பரவிய அதிர்ச்சியான தகவல் எது?",
    "options": [
      "கடல் விலங்குகளால் கப்பல்கள் தாக்கப்படுகின்றன.",
      "கடலில் ஒரு விந்தையான விலங்கு கப்பல்களைத் தாக்குகிறது.",
      "கடலில் புதிய வகை மீன்கள் கண்டுபிடிக்கப்பட்டுள்ளன.",
      "கடலின் அடியில் மனிதர்கள் வாழ்கிறார்கள்."
    ],
    "answer": "B",
    "additional_context": "1886 ஆம் ஆண்டு கப்பல் மாலுமிகளிடையே ஓர் அதிர்ச்சியான தகவல் பரவியது. கடலில் செல்லும் பெரிய கப்பல்களை உலோகத்தால் ஆன உடலைக் கொண்ட ஒரு விந்தையான விலங்கு தாக்குகிறது என்பதுதான் அந்தச் செய்தி."
  },
  {
    "description": "நெட் எதில் வல்லவர்?",
    "options": [
      "கடல்வாழ் உயிரினங்களைப் பற்றி ஆராய்வதில்",
      "கப்பல்களை இயக்குவதில்",
      "ஈட்டி எறிந்து திமிங்கிலங்களை வேட்டையாடுவதில்",
      "மொழிபெயர்ப்பாளராக"
    ],
    "answer": "C",
    "additional_context": "வேட்டையாடுவதில் வல்லவரான நெட் என்ற வீரரும் அக்கப்பலில் இருந்தார்."
  },
  {
    "description": "நெமோ என்ன சொல்லி நம்ப வைத்துள்ளார்?",
    "options": [
      "அவர் ஒரு விலங்கியல் பேராசிரியர்",
      "அவர் ஒரு கப்பல் தலைவர்",
      "நாட்டிலஸ் என்ற நீர்மூழ்கிக் கப்பல் ஒரு விந்தையான விலங்கு",
      "அவர் கடலில் பிறந்தவர்"
    ],
    "answer": "C",
    "additional_context": "நாங்கள் அந்த நீர்மூழ்கிக் கப்பலின் மீது வேகமாகத் தட்டி உள்ளே இருப்பவர்களை உதவிக்கு அழைத்தோம். நீண்ட நேரத்திற்குப் பிறகு மேல்பக்கத்தில் இருந்த மூடி திறக்கப்பட்டது. உள்ளே இருந்து வந்தவர்கள் எங்கள் மூவரையும் சிறைப்பிடித்து ஓர் அறைக்குள் வைத்துப் பூட்டினர். மறுநாள் காலை கப்பல் தலைவர் எங்கள் அறைக்குள் வந்தார். தமது பெயர் நெமோ என்று அவர் தம்மை அறிமுகப்படுத்திக்கொண்டார். \"நாட்டிலஸ் என்னும் இந்த நீர்மூழ்கிக் கப்பலை ஒரு விந்தையான விலங்கு என்று நான் எல்லோரையும் நம்பவைத்திருக்கிறேன்."
  },
  {
    "description": "நாட்டிலஸில் எதைப் பயன்படுத்தி மின்சாரம் தயாரிக்கப்படுகிறது?",
    "options": [
      "சூரிய ஒளி",
      "காற்று ஆற்றல்",
      "கடல் அலைகள்",
      "கப்பலில் உள்ள கருவிகள்"
    ],
    "answer": "D",
    "additional_context": "இந்தக் கப்பல் செல்வதற்கும் இங்குள்ள விளக்குகள் எரிவதற்கும் தேவையான மின்சாரத்தைத் தயாரிக்கும் கருவிகள் இங்கேயே உள்ளன"
  }
]
