[
          
  {
    
          "description": "'குழந்தை வெளியே போய்விட்டது' என்ற தொடரில் பயன்படுத்தப்படும் தகுதி வழக்கு எது?",
          "options": [
      "இடக்கரடக்கல்",
      "மங்கலம்",
      "குழூஉக்குறி",
      "போலி"
    ],
    "answer": [
      "B"
    ],
    
          "additional_context": "மரணம் போன்ற மங்கலமில்லாத சொற்களை மங்கலமான வேறு சொற்களால் குறிப்பிடுவது **மங்கலம்** எனப்படும். குழந்தை வெளியே போய்விட்டது என்ற தொடரில் `செத்தார்` என்பதற்குப் பதிலாக வேறு ஒரு சொல் பயன்படுத்தப்பட்டுள்ளது. இதில் `செத்தார்` என்பது மங்கலமில்லாத சொல். எனவே இதற்குப் பதிலாக `வெளியே போய்விட்டது` என்ற மங்கலமான சொல் பயன்படுத்தப்பட்டுள்ளது."
          }
        ,
          
  {
    
          "description": "'பொன்னைப் பறி எனல்' என்பது எந்த வகை தகுதி வழக்கைச் சேர்ந்தது?",
          "options": [
      "இடக்கரடக்கல்",
      "மங்கலம்",
      "குழூஉக்குறி",
      "போலி"
    ],
    "answer": [
      "C"
    ],
    
          "additional_context": "பலர் கூடியிருக்கும் இடத்தில் சிலர் மட்டும் தமக்குள் சில செய்திகளைப் பகிர்ந்துகொள்ள விரும்பினால் மற்றவர்கள் புரிந்துகொள்ள இயலாத வகையில் சொற்களைப் பயன்படுத்துவர். இவ்வாறு ஒரு குழுவினர் ஒரு பொருள் அல்லது செயலைக் குறிக்கத் தமக்குள் பயன்படுத்திக்கொள்ளும் சொற்கள் **குழூஉக்குறி** எனப்படும். `பொன்னைப் பறி எனல்`  என்ற சொல் பொற்கொல்லர்கள் தமக்குள் மட்டும் பயன்படுத்தும் குறியீட்டுச் சொல்லாகும்."
          }
        ,
          
  {
    
          "description": "'புறநகர்', 'கால்வாய்', 'தசை', 'கடைக்கண்' ஆகிய சொற்கள் ______ வகையைச் சேர்ந்தவை.",
          "options": [
      "இலக்கணமுடையது",
      "இலக்கணப்போலி",
      "மரூஉ",
      "தகுதி வழக்கு"
    ],
    "answer": [
      "B"
    ],
    
          "additional_context": "இல்லத்தின் முன் பகுதியை இல்முன் எனக் குறிக்க வேண்டும். ஆனால் அதனை நம் முன்னோர் முன்றில் என மாற்றி வழங்கினர். கிளையின் நுனியைக் கிளைநுனி எனக் கூறாமல் நுனிக்கிளை எனக் குறிப்பிடுகிறோம். இவ்வாறு இலக்கண முறைப்படி அமையாவிடினும், இலக்கணமுடையவை போலவே ஏற்றுக் கொள்ளப்படும் சொற்கள் **இலக்கணப்போலி** எனப்படும். `புறநகர்`, `கால்வாய்`, `தசை`, `கடைக்கண்` ஆகிய சொற்கள் இலக்கணப்போலி எனப்படும்."
          }
        ,
          
  {
    
          "description": "'முகம்' என்ற சொல்லின் ______ வடிவம் 'முகன்' ஆகும்.",
          "options": [
      "முதற்போலி",
      "இடைப்போலி",
      "கடைப்போலி",
      "முற்றுப்போலி"
    ],
    "answer": [
      "C"
    ],
    
          "additional_context": "இவ்வாறு சொல்லின் இறுதியில் இருக்க வேண்டிய எழுத்திற்குப் பதிலாக வேறு ஓர் எழுத்து அமைந்து அதே பொருள் தருவது **கடைப்போலி** ஆகும். `முகம்` என்ற சொல்லின் இறுதியில் உள்ள `ம்` னகரமாக மாறியதால் இது கடைப்போலி ஆகும்."
          }
        ,
          
  {
    
          "description": "'நான் கவிதையைப் படித்தேன்' என்ற தொடரில் ______ 'கவிதை' ஆகும்.",
          "options": [
      "எழுவாய்",
      "பயனிலை",
      "செயப்படுபொருள்",
      "இடைச்சொல்"
    ],
    "answer": [
      "C"
    ],
    
          "additional_context": "யாரை, எதை, எவற்றை என்னும் வினாக்களுக்கு விடையாக வருவது **செயப்படுபொருள்**. `நான் கவிதையைப் படித்தேன்` என்ற தொடரில் `யாரை படித்தேன்` என்ற கேள்விக்கு `கவிதையை` என பதில் கிடைக்கும். எனவே கவிதை என்பது செயப்படுபொருள்."
          }
        ]