
[
  {
    "description": "கீழ்க்கண்டவற்றில் எது \"மாலை\" என்ற சொல்லுக்கு ஏற்ற அங்கிலப் பெயர்?",
    "options": [
      "Morning",
      "Evening",
      "Night",
      "Day"
    ],
    "answer": "B",
    "additional_context": "நாள் முழுவதும் சூரியன் உதித்து மறையும் நேரத்தை நாம் அறிவோம். அதில் காலை, பகல், மாலை, இரவு என நான்கு பகுதிகள் உள்ளன. அதில் 'மாலை' எனும் சொல் சூரியன் மறையும் நேரத்தைக் குறிக்கும்.  'மாலை' என்ற சொல்லுக்கு ஏற்ற அங்கிலப் பெயர் 'Evening' ஆகும்."
  },
  {
    "description": "\"மாநகர்\" என்ற சொல்லுக்கு ஒத்ததான அங்கிலப் பெயர் எது?",
    "options": [
      "Village",
      "Town",
      "Metropolis",
      "City"
    ],
    "answer": "D",
    "additional_context": "ஒரு நாட்டில் பல நகரங்கள் இருக்கும். அவற்றில் மக்கள் தொகை அதிகமாகவும், வளர்ச்சி மிகுந்தும் இருக்கும் ஒரு நகரத்தைக் 'மாநகர்' என்பர். 'மாநகர்' என்பதற்கு ஏற்ற அங்கிலச் சொல் 'City' ஆகும்."
  },
  {
    "description": "\"மாத்திரை\" என்ற சொல் எதைக் குறிக்கிறது?",
    "options": [
      "The time it takes to read a word",
      "The time it takes to pronounce a letter",
      "The length of a poem",
      "The amount of space a word takes up"
    ],
    "answer": "B",
    "additional_context": "நாம் பேசும் போது, ஒவ்வொரு எழுத்தையும் சொல்ல ஒரு குறிப்பிட்ட நேரம் எடுக்கும். அந்த நேரத்தைக் 'மாத்திரை' என அழைப்பர். 'மாத்திரை' என்ற சொல்லுக்கு ஏற்ற அங்கிலச் சொல் 'The time it takes to pronounce a letter' ஆகும்."
  },
  {
    "description": "\"மாம்பழம்\" என்ற சொல் எந்த அங்கிலப் பெயரைப் பயன்படுத்தி குறிப்பிடப்படுகிறது?",
    "options": [
      "Mango",
      "Apple",
      "Banana",
      "Orange"
    ],
    "answer": "A",
    "additional_context": "பழங்கள் பல வகைப்படும். அவற்றில் மிகவும் சுவையான பழங்களில் ஒன்று மாம்பழம். இதன் அங்கிலப் பெயர் 'Mango' ஆகும்."
  },
  {
    "description": "\"மாநாடு\" என்ற சொல்லுக்கு சரியான அங்கிலப் பெயர் எது?",
    "options": [
      "Conference",
      "Meeting",
      "Gathering",
      "Party"
    ],
    "answer": "A",
    "additional_context": "ஒரு குறிப்பிட்ட விஷயத்தைப் பற்றி விவாதிக்க பலர் ஒரே இடத்தில் கூடி ஒரு நிகழ்வை நடத்துகிறார்கள். அதை 'மாநாடு' என்பர்.  'மாநாடு' என்ற சொல்லுக்கு ஏற்ற அங்கிலப் பெயர் 'Conference' ஆகும்."
  }
]
