
[
  {
    "description": "“மாட ஒள்ளெரி”  என்பது  எதை  குறிக்கிறது?",
    "options": [
      "கப்பலின்  நிழல்",
      "கலங்கரை  விளக்கம்",
      "கடலின்  நீர்",
      "நிலவின்  ஒளி"
    ],
    "answer": [
      "B"
    ],
    "additional_context": "சங்க காலத்தில் மக்கள் கடல் பயணம் செய்வது வழக்கம். கடல் பயணம் செய்யும் போது வழி தெரியாமல் திசை மாறி  சென்று விடக்கூடாது. இதற்காக கடற்கரையோரத்தில் கலங்கரை விளக்கம் எரித்து வைப்பார்கள். அது கடலில் செல்லும் கப்பல்களுக்கு வழிகாட்டும்.  நிலவின் ஒளி சற்று மங்கலான ஒளி. இது கப்பல்களுக்கு வழிகாட்டாது. கப்பலின் நிழல் காற்றில் காணப்படாது. நீர் கப்பலுக்கு வழி காட்டாது. சங்க இலக்கியத்தில் “மாட ஒள்ளெரி” என்பது கலங்கரை விளக்கத்தை குறிக்கும். இது கடலோரப் பகுதியில் மாடம்போல்  உயர்ந்து நின்று கடலில் பயணிக்கும் கப்பல்களுக்கு  ஒளி வழங்கி வழிகாட்டும்."
  },
  {
    "description": "“நீகான்”  என்பது  என்ன  பொருள்  தருகிறது?",
    "options": [
      "பகல்",
      "இரவு",
      "காற்று",
      "மழை"
    ],
    "answer": [
      "A"
    ],
    "additional_context": "சங்க காலத்தில் கடல் பயணம் செய்வது வழக்கம். இரவும் பகலும் இல்லாமல் பயணம் செய்ய வேண்டியிருக்கும். இரவு நேரத்தில் கடல் பயணம்  செய்வது  மிகவும்  அபாயமானது.  பகலில் கடலில்  செல்லும்  கப்பலை  வழி  நடத்த   கலங்கரை  விளக்கம்  மிகவும்  உதவியாக இருக்கும்.  பாடலில்  “நீகான்”  என்பது  பகல்  என்பதைக் குறிக்கிறது."
  },
  {
    "description": "இந்தப்  பாடலில்  கப்பல்  எப்படி  இயக்கப்படுகிறது?",
    "options": [
      "நாவாய்காரர்களின்  வலிமையால்",
      "கடலின்  அலைகளால்",
      "காற்றின்  சக்தியால்",
      "கலங்கரை  விளக்கத்தால்"
    ],
    "answer": [
      "C"
    ],
    "additional_context": "சங்க காலத்தில் மக்கள் கடல் பயணம் செய்வது வழக்கம். கப்பல்கள்  நிறுத்தி  வைக்கப்பட்டிருந்த  நிலையில்  காற்றின்  சக்தியால்  இயங்கும்  வகையில்  வடிவமைக்கப்பட்டிருந்தன. கப்பலை நகர்த்த காற்றின் சக்தி மிகவும் முக்கியமானது.  காற்று  இல்லாத போது  கப்பல்கள்  நிறுத்தப்பட்டன.  இந்த  பாடலில்  “விரைசெலல் இயற்கை வங்கூழ் ஆட்ட”  என்று  குறிப்பிட்டுள்ள  நிலையில்  கப்பல்கள்  காற்றின்  சக்தியால்  இயக்கப்படுவதைக்  காணலாம்."
  },
  {
    "description": "“மருதன் இளநாகனார்”  என்பவர்  என்ன  வகையான  புலவர்?",
    "options": [
      "பழந்தமிழ்  இலக்கியத்தை  பாடியவர்",
      "நாடக  நூலாசிரியர்",
      "மருத்துவ  நூலாசிரியர்",
      "கவிதை  பாடியவர்"
    ],
    "answer": [
      "D"
    ],
    "additional_context": "மருதன் இளநாகனார் என்பவர் சங்க காலப் புலவர்.  சங்க காலப் புலவர்கள் பாடிய இலக்கியங்கள் “எட்டுத்தொகை”  என்று  அழைக்கப்படும். இதில் கலித்தொகை, அகநானூறு, புறநானூறு,  பரிபாடல்,  ஐங்குறுநூறு,  நற்றிணை,  குறுந்தொகை,  பதிற்றுப்பத்து  என  எட்டு  நூல்கள்  உள்ளன.  மருதன்  இளநாகனார்  கலித்தொகை  நூலில்  இடம்  பெற்றுள்ளார். இதிலிருந்து  மருதன்  இளநாகனார்   சங்க  கால  புலவர் என்பதும்  அவர்  கவிதை பாடியவர் என்பதும் தெளிவாகிறது.  "
  },
  {
    "description": "“அகநானூறு”  என்பது  எந்த  எட்டுத்தொகை  நூலில்  இடம்  பெற்றுள்ளது?",
    "options": [
      "பரிபாடல்",
      "ஐங்குறுநூறு",
      "கலித்தொகை",
      "அகநானூறு"
    ],
    "answer": [
      "D"
    ],
    "additional_context": "சங்க  காலத்தில்  பல  புலவர்கள்  பாடிய  கவிதைகளை  தொகுத்து   “எட்டுத்தொகை”  என்று   அழைக்கிறார்கள்.  இதில்   கலித்தொகை,   அகநானூறு,   புறநானூறு,   பரிபாடல்,   ஐங்குறுநூறு,   நற்றிணை,   குறுந்தொகை,   பதிற்றுப்பத்து   என   எட்டு   நூல்கள்   உள்ளன.  அகநானூறு   என்பது   எட்டுத்தொகை   நூல்களில்   ஒன்று.  அகநானூறு   என்பது   காதல்   பற்றிய   கவிதைகள்   நிறைந்த   நூல்."
  }
]
