
[
  {
    "description": "“குற்றியலுகரம்” என்ற சொல்லைப் பிரித்து, அதன் அர்த்தத்தை விளக்கும் விருப்பத்தைக் கொடுக்கவும்:",
    "options": [
      "குறுமை + இயல் + உகரம் = குறைந்த இயல்புடைய உகரம்",
      "குறுமை + இயல் + உகரம் = குறைந்த ஒலியுடைய உகரம்",
      "குறுமை + இயல் + உகரம் = குறுகிய இயல்புடைய உகரம்",
      "குறுமை + இயல் + உகரம் = குறைந்த அளவுடைய உகரம்"
    ],
    "answer": "B",
    "additional_context": "தமிழ் மொழியில் 'குற்றியலுகரம்' என்பது ஒரு முக்கியமான கருத்து. 'குற்றியலுகரம்' என்ற சொல் மூன்று சொற்களை இணைத்து உருவானது. அவை 'குறுமை', 'இயல்', 'உகரம்' என்பன. 'குறுமை' என்பது குறைந்து ஒலிப்பதை குறிக்கிறது. 'இயல்' என்பது இயல்பைக் குறிக்கிறது. 'உகரம்' என்பது 'கு' போன்ற உகர எழுத்துகளை குறிக்கிறது.  இந்த மூன்று சொற்களையும் இணைத்துப் பார்த்தால், 'குற்றியலுகரம்' என்பது  ஒரு சொல்லின் இறுதியில் வரும்போது, தனக்குரிய ஓசையில் குறைந்து ஒலிக்கும் 'கு' போன்ற வல்லின உகர எழுத்துகளை குறிக்கிறது. உதாரணமாக, 'காசு', 'எஃகு', 'பயறு' போன்ற சொற்களில் 'கு' குற்றியலுகரமாக ஒலிக்கிறது. இதற்கு 'குறுமை + இயல் + உகரம் = குற்றியலுகரம்' எனக் கூறலாம்.  "
  },
  {
    "description": "“நெடில்தொடர்க் குற்றியலுகரம்” என்ற வகையைப் பற்றிய விளக்கத்தை எடுத்துக்காட்டுகளுடன் சரியாகக் கொடுத்துள்ளது எது?",
    "options": [
      "தனி நெடில் எழுத்தைத் தொடர்ந்து வரும் உகரம்; எ.கா. பாகு, மாசு, பாடு",
      "தனி நெடிலைத் தொடர்ந்து வரும் குற்றியலுகரம்; எ.கா. பாகு, மாசு, பாடு",
      "தனி நெடிலைத் தொடர்ந்து வரும் குற்றியலுகரம்; எ.கா. பாகு, மாசு, பாடு, அது",
      "தனி நெடிலைத் தொடர்ந்து வரும் உகரம்; எ.கா. பாகு, மாசு, பாடு, காது"
    ],
    "answer": "B",
    "additional_context": "'நெடில்தொடர்க் குற்றியலுகரம்' என்பது குற்றியலுகரத்தின் ஒரு வகை. இது தனி நெடிலைத் தொடர்ந்து வரும் குற்றியலுகரமாக இருக்கும்.  எடுத்துக்காட்டாக, 'பாகு', 'மாசு', 'பாடு' ஆகிய சொற்களில் 'கு'  'நெடில்தொடர்க் குற்றியலுகரமாக'  இருக்கிறது.  நெடில்தொடர்க் குற்றியலுகரம் எப்போதும் ஈரெழுத்துச் சொற்களாக மட்டுமே அமையும் என்பதை நினைவில் கொள்ள வேண்டும்.  "
  },
  {
    "description": "“ஆய்தத்தொடர்க் குற்றியலுகரம்” என்ற வகையைச் சேர்ந்த ஒரு சொல்லைத் தேர்ந்தெடுக்கவும்:",
    "options": [
      "எஃகு",
      "பந்து",
      "மஞ்சு",
      "சால்பு"
    ],
    "answer": "A",
    "additional_context": "'ஆய்தத்தொடர்க் குற்றியலுகரம்' என்பது ஆய்த எழுத்தைத் தொடர்ந்து வரும் குற்றியலுகரமாக இருக்கும். ஆய்த எழுத்து 'அ'  என்று உச்சரிக்கப்படும். உதாரணமாக, 'எஃகு'  என்ற சொல்லில் ஆய்த எழுத்தைத் தொடர்ந்து குற்றியலுகரமான 'கு' வருகிறது.  "
  },
  {
    "description": "“வன்தொடர்க் குற்றியலுகரம்” என்ற வகையைப் பற்றிய கூற்றுகளில் எது சரியானது?",
    "options": [
      "வல்லின மெய்களைத் தொடர்ந்து வரும் குற்றியலுகரம்.",
      "மெல்லின மெய்களைத் தொடர்ந்து வரும் குற்றியலுகரம்.",
      "இடையின மெய்களைத் தொடர்ந்து வரும் குற்றியலுகரம்.",
      "உயிர்மெய்களைத் தொடர்ந்து வரும் குற்றியலுகரம்."
    ],
    "answer": "A",
    "additional_context": "'வன்தொடர்க் குற்றியலுகரம்' என்பது வல்லின மெய்களைத் தொடர்ந்து வரும் குற்றியலுகரமாக இருக்கும். தமிழில் வல்லின மெய்கள்  'க்', 'ச்', 'ட்', 'த்', 'ப்', 'ற்'  என்பன.  உதாரணமாக, 'பாக்கு', 'பேச்சு', 'பாட்டு', 'பத்து'  போன்ற சொற்களில்  'கு'  வல்லின மெய்களைத் தொடர்ந்து வருவதால், 'வன்தொடர்க் குற்றியலுகரம்' ஆகும்.   "
  },
  {
    "description": "“குற்றியலிகரம்” என்ற சொல்லை விளக்கும் விருப்பத்தில் எது சரியானது?",
    "options": [
      "ஒரு மாத்திரை அளவிலிருந்து அரை மாத்திரை அளவாகக் குறைந்து ஒலிக்கும் இகரம்.",
      "ஒரு மாத்திரை அளவிலிருந்து அரை மாத்திரை அளவாகக் குறைந்து ஒலிக்கும் உகரம்.",
      "ஒரு மாத்திரை அளவிலிருந்து அரை மாத்திரை அளவாகக் குறைந்து ஒலிக்கும் யகரம்.",
      "ஒரு மாத்திரை அளவிலிருந்து அரை மாத்திரை அளவாகக் குறைந்து ஒலிக்கும் ளகரம்."
    ],
    "answer": "A",
    "additional_context": "'குற்றியலிகரம்' என்பது 'இ' எழுத்தை குறிக்கிறது.  குற்றியலுகரம் போலவே, குற்றியலிகரமும் தனக்குரிய ஒலி அளவை விட குறைந்து ஒலிக்கும். குறிப்பாக, ஒரு சொல்லின் இறுதியில் 'கு' போன்ற வல்லின உகரத்தைத் தொடர்ந்து 'ய'  என்ற எழுத்து வரும்போது, 'கு'  'இ'  என்று மாறி,  'கு' வின் ஒலி அளவு குறைந்து ஒலிக்கும்.  எடுத்துக்காட்டாக, 'கொக்கு'  என்ற சொல்லின் இறுதியில் 'கு'  என்று இருக்கிறது. இந்த 'கு'  'ய'  என்ற எழுத்தைத் தொடர்ந்து வரும்போது, 'கொக்கியாது'  என்று மாறி,  'கு'  'இ'  என்று குறைந்து ஒலிக்கும்.  "
  }
]
