
[
  {
    "description": "'வண்கீரைப் பாத்தியுடன்' என்ற சொற்றொடர் குறிப்பிடுவது எதனை?",
    "options": [
      "வளமான கீரைப் பாத்தியை",
      "குதிரையின் வேகத்தை",
      "கீரைப் பாத்தியின் மண் கட்டிகளை",
      "நீரின் ஓட்டத்தை"
    ],
    "answer": [
      "A"
    ],
    "additional_context": "இந்தப் பாடலில், \"வண்கீரைப் பாத்தியுடன்\" என்ற சொற்றொடர் கீரைப் பாத்தியின் வளத்தைப் பற்றிக் குறிப்பிடுகிறது. கீரைப் பாத்தி நன்கு வளர்க்கப்பட்ட ஒரு பாத்தியாக இருக்கிறது. எனவே, \"வண்கீரைப் பாத்தியுடன்\" என்ற சொற்றொடர் கீரைப் பாத்தியின் வளத்தைக் குறிக்கிறது.  "
  },
  {
    "description": "'வண்கீரை' என்னும் சொல்லில் 'வண்' என்ற பகுதி என்ன பொருளைத் தருகிறது?",
    "options": [
      "வண்ணம்",
      "வளம்",
      "வண்மை",
      "வளைவு"
    ],
    "answer": [
      "B"
    ],
    "additional_context": "'வண்கீரை' என்பது 'வண் + கீரை' எனப் பிரிக்கப்படும். இதில் 'வண்' என்பது 'வளம்' என்று பொருள் தருகிறது.  கீரைப் பாத்தி நன்கு வளர்ந்திருப்பதால் 'வண்கீரை' எனப்படுகிறது.  "
  },
  {
    "description": "'பரி' என்ற சொல் இப்பாடலில் எதைக் குறிக்கிறது?",
    "options": [
      "யானை",
      "குதிரை",
      "மான்",
      "மாடு"
    ],
    "answer": [
      "B"
    ],
    "additional_context": "இந்தப் பாடலில் 'பரி' என்பது 'குதிரை'யைக் குறிக்கிறது. பாடலில் \"ஏறப் பரியாகுமே\" எனக் குறிப்பிடப்பட்டுள்ளது. குதிரையை ஏறிப் பயணம் செய்வதால் இப்பாடலில் 'பரி' குதிரையைக் குறிக்கிறது.  "
  },
  {
    "description": "இப்பாடலில் 'முட்டப்போய்' என்னும் சொல் எதற்கான குறிப்பாகும்?",
    "options": [
      "கீரைப் பாத்தியின் நீர் முழுதாக செல்வது",
      "குதிரை முழுப் பயணத்தையும் முடித்து திரும்புவது",
      "எதிரியின் இடம் வரை போய் திரும்புவது",
      "மேலே உள்ள அனைத்தும்"
    ],
    "answer": [
      "D"
    ],
    "additional_context": "இந்தப் பாடலில் 'முட்டப்போய்' என்பது கீரைப் பாத்தியின் நீர் முழுதாகச் செல்வது, குதிரை முழுப் பயணத்தையும் முடித்து திரும்புவது, எதிரியின் இடம் வரை போய் திரும்புவது ஆகியவற்றைக் குறிக்கிறது.  கீரைப் பாத்தியின் நீர் கடைமடை வரை சென்று திரும்புவது, குதிரை போர்க்களம் முழுதும் சுற்றி வந்து திரும்புவது, எதிரியின் இடம் வரை போய் திரும்புவது என அனைத்தும் 'முட்டப்போய்' என்ற சொல்லால் குறிப்பிடப்படுகிறது.  "
  },
  {
    "description": "'கட்டி அடிக்கையால் கால்மாறிப் பாய்கையால்' என்ற வரிகளின் பொருளைப் பார்க்கும்போது, கீரைப்பாத்தியும் குதிரையும் எந்தச் செயலால் ஒன்றாகக் கருதப்படுகின்றன?",
    "options": [
      "அ) இரண்டும் எதிரிகளைத் தாக்குகின்றன",
      "ஆ) இரண்டும் விரைவாக நகர்கின்றன",
      "இ) இரண்டும் மண்ணை வெட்டித் தடுக்கின்றன",
      "ஈ) இரண்டும் பயணத்திற்குப் பயன்படுகின்றன"
    ],
    "answer": [
      "B"
    ],
    "additional_context": "கீரைப் பாத்தியில் நீர் விரைவாகப் பாய்கிறது. குதிரையும் விரைவாக ஓடுகிறது. இவ்விரண்டின் வேகம் ஒன்றாக இருப்பதால், 'கட்டி அடிக்கையால் கால்மாறிப் பாய்கையால்' என்ற வரிகளில் இரண்டும் ஒன்றாகக் கருதப்படுகின்றன.  "
  }
]
