[
          
  {
    
          "description": "படத்தில் காட்டப்பட்டுள்ள விலங்கின் பெயர் என்ன?",
          "options": [
      "பூனை",
      "நாய்",
      "புலி",
      "யானை"
    ],
    "answer": "C",
    
          "additional_context": "இந்தப் பக்கத்தில் புலியின் படம் காட்டப்பட்டுள்ளது. புலி ஒரு வன விலங்கு. இதன் உடம்பு மஞ்சள் நிறத்தில் இருக்கும். உடல் முழுவதும் கருப்பு கோடுகள் இருக்கும். இதன் வால் மிக நீளமானது. புலியின் பெரிய பற்கள் கடித்தால் மிகவும் வலிக்கும். புலியின் கத்தல் காட்டில் எதிரொலிக்கும்."
          }
        ,
          
  {
    
          "description": "'கோவலன் சிலம்பு விற்கப் போனான்' என்ற வாக்கியத்தில் 'சிலம்பு' என்ற சொல்லைப் பயன்படுத்திப் புதிய வாக்கியம் அமைக்கவும்.",
          "options": [
      "சிலம்பு விற்கப் போனான்.",
      "சிலம்பு மிகவும் அழகாக இருந்தது.",
      "கோவலன் சிலம்பு அணிந்தான்.",
      "சிலம்பு அணிந்து நடனமாடினான்."
    ],
    "answer": "C",
    
          "additional_context": "இந்தப் பாடத்தில் கோவலன் பற்றிய கதை சொல்லப்படுகிறது. கோவலன் ஒரு  சிலம்பு விற்கும் வியாபாரி. அவர் சிலம்பு அணிந்து விற்கிறார்.  கோவலன் சிலம்பு அணிந்தான் என்பது ஒரு புதிய வாக்கியம்."
          }
        ,
          
  {
    
          "description": "'குழலி நடனம் ஆடினாள்' என்ற வாக்கியத்தின் எது சரியான பொருள்?",
          "options": [
      "குழலி நடனம் ஆடினார்.",
      "குழலி நடனம் ஆடினாள்.",
      "குழலி நடனம் ஆடினா.",
      "குழலி நடனம் ஆடினான்."
    ],
    "answer": "B",
    
          "additional_context": "குழலி என்பது பெண் பெயர். பெண் பெயருக்குப் பொருத்தமான பதம் 'ஆடினாள்'  என்பதாகும். குழலி நடனம் ஆடினாள் என்ற வாக்கியத்தில் 'ஆடினாள்'  என்பது சரியான பொருள்."
          }
        ,
          
  {
    
          "description": "'அணில்' என்ற விலங்குக்குப் பொருத்தமான விளக்கம் எது?",
          "options": [
      "மரத்தில் இருந்து மரத்துக்குத் தாவுவது.",
      "வளைந்த வாலுடன் இருப்பது.",
      "கொட்டைகளை உண்பது.",
      "மேற்கூறிய அனைத்தும்."
    ],
    "answer": "D",
    
          "additional_context": "அணில் ஒரு சிறிய விலங்கு. இது மரங்களில் வாழும். அணில் ஒரு மரத்தில் இருந்து இன்னொரு மரத்துக்குத் தாவி தாவி ஓடும். இதன் வால் மிகவும் வளைந்திருக்கும். அணில்கள் கொட்டைகளை மிகவும் விரும்பி உண்ணும். எனவே மேற்கூறிய அனைத்தும் அணிலுக்குப் பொருத்தமான விளக்கங்கள்."
          }
        ,
          
  {
    
          "description": "'வன விலங்குகள்' என்பதற்குச் சமமான ஆங்கிலச் சொல் எது?",
          "options": [
      "Domestic Animals",
      "Wild Animals",
      "Pet Animals",
      "Farm Animals"
    ],
    "answer": "B",
    
          "additional_context": "வன விலங்குகள் என்பவை காட்டில் வாழும் விலங்குகள்.  'Wild Animals'  என்பது வன விலங்குகளுக்கான ஆங்கிலச் சொல்."
          }
        ]