[
          
  {
    
          "description": "“மொழி பற்றிய விளக்கம் – தாய்மொழி – தாய்மொழிப் பற்று - தாய்மொழிப் பற்றுக் கொண்ட சான்றோர் – சாதுவன் வரலாறு – நமது கடமை – முடிவுரை”  என்பவை எந்தக் கட்டுரையின்  முக்கியப் பகுதிகள்?",
          "options": [
      "தாய்மொழிப் பற்று",
      "மொழியோடு விளையாடு",
      "என் பொறுப்புகள்...",
      "கலைச்சொல் அறிவோம்"
    ],
    "answer": "A",
    
          "additional_context": "இந்தக் கட்டுரை, தாய்மொழியின் மகத்துவத்தைப் பற்றியது. இது ஒரு மொழி பற்றிய விளக்கம், தாய்மொழி, தாய்மொழிப் பற்று, தாய்மொழிப் பற்றுக் கொண்ட சான்றோர், சாதுவன் வரலாறு, நமது கடமை மற்றும் முடிவுரை ஆகியவற்றை உள்ளடக்கியது."
          }
        ,
          
  {
    
          "description": "கீழ்க்காணும் சொற்களில் எது உயர்திணை அல்ல?",
          "options": [
      "முகிலன்",
      "தலைவி",
      "புத்தகம்",
      "ஆசிரியர்"
    ],
    "answer": "C",
    
          "additional_context": "உயர்திணை என்பது மனிதர்களைக் குறிக்கும். அஃறிணை என்பது மனிதரல்லாதவை, உயிரற்ற பொருட்கள், இயற்கைப் பொருட்கள் போன்றவற்றைக் குறிக்கும். இந்த வினாவில் கொடுக்கப்பட்டுள்ள சொற்களில் 'முகிலன்', 'தலைவி', 'ஆசிரியர்' ஆகியவை மனிதர்களைக் குறிக்கின்றன. ஆனால் 'புத்தகம்' மனிதர் அல்ல, எனவே அது அஃறிணை."
          }
        ,
          
  {
    
          "description": "'முக்கனி' என்ற தொகைச்சொல் எதை குறிக்கிறது?",
          "options": [
      "மாங்காய், வாழைப்பழம், தென்னைப்பழம்",
      "இலக்கணம், இலக்கியம், வானவியல்",
      "கிழக்கு, மேற்கு, தெற்கு, வடக்கு",
      "கடவுள், மன்னன், வணிகன், விவசாயி, வேடர்"
    ],
    "answer": "A",
    
          "additional_context": "தொகைச்சொற்கள் என்பவை ஒன்றுக்கு மேற்பட்ட பொருட்கள், இடங்கள் அல்லது தனிநபர்களைக் குறிக்கும். 'முக்கனி' என்ற தொகைச்சொல் மாங்காய், வாழைப்பழம், தென்னைப்பழம் ஆகிய மூன்று பழங்களைக் குறிக்கிறது."
          }
        ,
          
  {
    
          "description": "'வயலுக்குச் செல்வர்' என்ற இரு பொருள் கொண்ட சொல் எந்த வாக்கியத்தில் பயன்படுத்தப்பட்டுள்ளது?",
          "options": [
      "மழலை பேசும் _______ அழகு. (இனிமைத் தமிழ்)",
      "அன்னை தந்தையின் கைப்பிடித்துக் குழந்தை _______ பழகும்.",
      "அறிஞர் அண்ணாவின் சிறப்பு அவரது அடுக்கு மொழி _______.",
      "நீ அறிந்ததைப் பிறருக்குச் _______. (சொல்)"
    ],
    "answer": "B",
    
          "additional_context": "'வயலுக்குச் செல்வர்' என்ற சொல் இரு பொருள் கொண்டது.  ஒன்று, விவசாயிகள் வயலுக்குச் செல்வர் என்ற பொருள். இன்னொன்று, குழந்தைகள் வயலுக்குச் செல்வர் என்று பொருள்.  இந்த வாக்கியத்தில்  'அன்னை தந்தையின் கைப்பிடித்துக் குழந்தை _______ பழகும்.' குழந்தைகள் வயலுக்குச் செல்வது குறித்துச் சொல்லப்பட்டுள்ளது."
          }
        ,
          
  {
    
          "description": "கீழ்க்காணும் எது 'பொம்மலாட்டம்'  என்ற சொல்லுக்கு இணையான கலைச்சொல்?",
          "options": [
      "ஊடகம்",
      "ஒலியியல்",
      "நேக்கம்",
      "Puppetry"
    ],
    "answer": "D",
    
          "additional_context": "பொம்மலாட்டம் என்பது ஒரு கலை. அதற்கு இணையான கலைச்சொல் 'Puppetry' ஆகும். 'ஊடகம்' என்பது தகவல்களைப் பரப்பும் கருவி. 'ஒலியியல்' என்பது ஒலிகளைப் பற்றிய ஆய்வு. 'நேக்கம்' என்பது நோக்கம்."
          }
        ]