
[
  {
    "description": "குற்றியலிகரம் எந்த இடங்களில் மட்டும் பயன்படுத்தப்படுகிறது?",
    "options": [
      "குற்றியலுகரச் சொற்களுக்குப் பின் யகரத்தை முதல் எழுத்தாகக் கொண்ட சொற்கள் வரும்போது",
      "'மியா' என்ற அசைச்சொல் பயன்படுத்தப்படும்போது",
      "குற்றியலுகரச் சொற்களுக்குப் பின் ளகரத்தை முதல் எழுத்தாகக் கொண்ட சொற்கள் வரும்போது",
      "(அ) மற்றும் (ஆ)"
    ],
    "answer": "D",
    "additional_context": "தமிழில் குற்றியலிகரம் என்பது ஒரு சார்பெழுத்து. இது 'கு' என்ற குற்றியலுகரம் இகரமாக மாறும்போது உருவாகிறது. இது இரண்டு இடங்களில் மட்டும் பயன்படுத்தப்படும். குற்றியலுகரச் சொற்களைத் தொடர்ந்து யகரத்தை முதல் எழுத்தாகக் கொண்ட சொற்கள் வரும்போது மற்றும் 'மியா' என்ற அசைச்சொல் பயன்படுத்தப்படும்போது இது பயன்படுத்தப்படுகிறது."
  },
  {
    "description": "கீழே கொடுக்கப்பட்டவற்றில் எது குற்றியலுகர எண்ணுப்பெயர் அல்ல?",
    "options": [
      "ஒன்று",
      "இரண்டு",
      "மூன்று",
      "நான்கு"
    ],
    "answer": "D",
    "additional_context": "ஒன்று, இரண்டு, மூன்று ஆகிய சொற்கள் குற்றியலுகர எண்ணுப் பெயர்கள். ஆனால் நான்கு என்பது குற்றியலுகர எண்ணுப் பெயர் அல்ல. ஏனெனில் நான்கு என்பது குற்றியலுகரம் இல்லாத சொல்"
  },
  {
    "description": "“கயிறு” என்ற சொல் எந்த வகை குற்றியலுகரச் சொல்?",
    "options": [
      "நெடில்தொடர்க் குற்றியலுகரம்",
      "உயிர்த்தொடர்க் குற்றியலுகரம்",
      "வன்தொடர்க் குற்றியலுகரம்",
      "இடைத்தொடர்க் குற்றியலுகரம்"
    ],
    "answer": "B",
    "additional_context": "கயிறு என்பது உயிர்த்தொடர்க் குற்றியலுகரம். ஏனெனில் இதில் நெடில்தொடர் அல்லாத உயிர்மெய் எழுத்தைத் தொடர்ந்து குற்றியலுகரம் உள்ளது. கயிறு என்பது 'கி' + 'று' ஆகும். கி என்பது ய் + இ. இதில் ய் என்பது இடையினம்."
  },
  {
    "description": "“சால்பு” என்ற சொல் எந்த வகை குற்றியலுகரச் சொல்?",
    "options": [
      "நெடில்தொடர்க் குற்றியலுகரம்",
      "உயிர்த்தொடர்க் குற்றியலுகரம்",
      "வன்தொடர்க் குற்றியலுகரம்",
      "இடைத்தொடர்க் குற்றியலுகரம்"
    ],
    "answer": "D",
    "additional_context": "சால்பு என்பது இடைத்தொடர்க் குற்றியலுகரம். ஏனெனில் இதில் இடையின மெய் எழுத்தைத் தொடர்ந்து குற்றியலுகரம் உள்ளது. சால்பு என்பது 'சா' + 'ல்' + 'பு' ஆகும். ல் என்பது இடையின மெய்."
  },
  {
    "description": "“எட்டு” என்ற சொல்லை குற்றியலுகர வகையின் அடிப்படையில் வகைப்படுத்தவும்:",
    "options": [
      "நெடில்தொடர்க் குற்றியலுகரம்",
      "ஆய்தத்தொடர்க் குற்றியலுகரம்",
      "உயிர்த்தொடர்க் குற்றியலுகரம்",
      "வன்தொடர்க் குற்றியலுகரம்"
    ],
    "answer": "A",
    "additional_context": "எட்டு என்பது நெடில்தொடர்க் குற்றியலுகரம். ஏனெனில் இதில் தனி நெடிலைத் தொடர்ந்து குற்றியலுகரம் உள்ளது. எட்டு என்பது 'எ' + 'ட்டு' ஆகும். எ என்பது தனி நெடில்."
  }
]
