[
          
  {
    
          "description": "'பழமொழி நானூறு' நூலின் ஆசிரியர் யார்?",
          "options": [
      "பாரி",
      "முன்றுறை அரையனார்",
      "அங்கவை",
      "சங்கவை"
    ],
    "answer": "B",
    
          "additional_context": "பழமொழி நானூறு நூலின் ஆசிரியர் முன்றுறை அரையனார் ஆவார். இவர் கி.பி. (பொ.ஆ.) நான்காம் நூற்றாண்டைச் சேர்ந்தவர் என்பர். பழமொழி நானூறு நூலின் கடவுள் வாழ்த்துப் பாடல் மூலம் இவர் சமண சமயத்தைச் சேர்ந்தவர் என அறியமுடிகிறது."
          }
        ,
          
  {
    
          "description": "பாரி மகளிரின் பெயர் மற்றும் இவர்களின் செயல்பாடு குறிப்பிட்டுள்ள பாடல் எந்த நூலைச் சேர்ந்தது?",
          "options": [
      "பழமொழி நானூறு",
      "திருக்குறள்",
      "கம்பராமாயணம்",
      "சிலப்பதிகாரம்"
    ],
    "answer": "A",
    
          "additional_context": "பழமொழி நானூறு பதினெண்கீழ்க்கணக்கு நூல்களுள் ஒன்று. இது நானூறு பாடல்களைக் கொண்டது. ஒவ்வொரு பாடலின் இறுதியிலும் ஒரு பழமொழி இடம் பெற்றிருப்பதால் இது பழமொழி நானூறு என்னும் பெயர்பெற்றது."
          }
        ,
          
  {
    
          "description": "பாடலில் குறிப்பிடப்பட்டுள்ள 'பாணர்கள்' யார்?",
          "options": [
      "இசைக்கலைஞர்கள்",
      "கவிஞர்கள்",
      "படை வீரர்கள்",
      "வணிகர்கள்"
    ],
    "answer": "A",
    
          "additional_context": "மாரியொன்று இன்றி வறந்திருந்த காலத்தும்\nபாரி மடமகள் பாண்மகற்கு – நீர்உலையுள்\nபொன்திறந்து கொண்டு புகாவாக நல்கினாள்\nஒன்றுறா முன்றிலோ இல்"
          }
        ,
          
  {
    
          "description": "பாடலில்  'மாரி' எதைக் குறிக்கிறது?",
          "options": [
      "சூரியன்",
      "மழை",
      "நிலவு",
      "காற்று"
    ],
    "answer": "B",
    
          "additional_context": "மாரி – மழை\nவறந்திருந்த – வறண்டிருந்த\nபுகாவாக – உணவாக"
          }
        ,
          
  {
    
          "description": "பழமொழி நானூறு நூலின் ஆசிரியர் யார்?",
          "options": [
      "திருவள்ளுவர்",
      "கம்பர்",
      "இளங்கோவடிகள்",
      "முன்றுறை அரையனார்"
    ],
    "answer": "D",
    
          "additional_context": "பழமொழி நானூறு நூலின் ஆசிரியர் முன்றுறை அரையனார் ஆவார். இவர் கி.பி. (பொ.ஆ.) நான்காம் நூற்றாண்டைச் சேர்ந்தவர் என்பர். பழமொழி நானூறு நூலின் கடவுள் வாழ்த்துப் பாடல் மூலம் இவர் சமண சமயத்தைச் சேர்ந்தவர் என அறியமுடிகிறது."
          }
        ]