[
          
  {
    
          "description": "'மயில் ஆடிக்கொண்டிருந்தது' என்ற தொடரில், 'ஆடி' என்ற சொல் எந்த வகை தொழிற்பெயரைக் குறிக்கிறது?",
          "options": [
      "விகுதி பெற்ற தொழிற்பெயர்",
      "முதனிலைத் தொழிற்பெயர்",
      "முதனிலை திரிந்த தொழிற்பெயர்",
      "இவை எதுவுமில்லை"
    ],
    "answer": [
      "B"
    ],
    
          "additional_context": "இந்த கேள்வியில், 'ஆடி' என்ற சொல் ஒரு வினைச்சொல்லின் பகுதி. வினைச்சொல் 'ஆடுதல்' என்பது. மேலும் 'ஆடி' என்ற சொல் 'ஆடுதல்' எனும் சொல்லின் அடிப்படை வடிவம். இதனால், 'ஆடி' என்பது முதனிலைத் தொழிற்பெயராகும்."
          }
        ,
          
  {
    
          "description": "'கூந்தல்' என்ற சொல்லில் எந்த வகை தொழிற்பெயர் உள்ளது?",
          "options": [
      "விகுதி பெற்ற தொழிற்பெயர்",
      "முதனிலைத் தொழிற்பெயர்",
      "முதனிலை திரிந்த தொழிற்பெயர்",
      "இவை எதுவுமில்லை"
    ],
    "answer": [
      "C"
    ],
    
          "additional_context": "'கூந்தல்' என்ற சொல் 'கூந்த’ என்ற அடிப்படை சொல்லிலிருந்து உருவானது.  'கூந்த’ என்பது முதலெழுத்து நீண்டு, 'கூந்தல்' எனத் திரிந்து தொழிற்பெயராக மாறியுள்ளது.  இதனால், 'கூந்தல்' என்பது முதனிலை திரிந்த தொழிற்பெயர்."
          }
        ,
          
  {
    
          "description": "'தூக்கம்' என்ற சொல்லின் அடிப்படை வினைச்சொல் என்ன?",
          "options": [
      "தூங்குதல்",
      "தூக்கம்",
      "தூங்கு",
      "தூங்க"
    ],
    "answer": [
      "A"
    ],
    
          "additional_context": "வினைச்சொல்லின் பகுதி 'தூங்கு' என்பது. 'தூங்குதல்' என்ற சொல் தான் 'தூக்கம்' என்ற சொல்லின் அடிப்படை வினைச்சொல்லாகும்.  இது 'தூங்கு + தல்' என்பதிலிருந்து உருவாகியது."
          }
        ,
          
  {
    
          "description": "'பாடல்' என்ற சொல் எந்த வகை தொழிற்பெயரைச் சார்ந்தது?",
          "options": [
      "விகுதி பெற்ற தொழிற்பெயர்",
      "முதனிலைத் தொழிற்பெயர்",
      "முதனிலை திரிந்த தொழிற்பெயர்",
      "இவை எதுவுமில்லை"
    ],
    "answer": [
      "C"
    ],
    
          "additional_context": " 'பாடல்' என்பது 'பாடு' என்ற அடிப்படை சொல்லிலிருந்து உருவானது. இதில் 'பாடு' என்பது முதலெழுத்து நீண்டு, 'பாடல்' எனத் திரிந்து தொழிற்பெயராக மாறியுள்ளது.  இதனால், 'பாடல்' என்பது முதனிலை திரிந்த தொழிற்பெயர்."
          }
        ,
          
  {
    
          "description": "'நாடு' என்ற சொல்லைக் கொண்டு, 'நாடுதல்' என்ற தொழிற்பெயரை உருவாக்க முடியுமா?",
          "options": [
      "ஆம், முதனிலைத் தொழிற்பெயர்",
      "ஆம், விகுதி பெற்ற தொழிற்பெயர்",
      "இல்லை",
      "ஆம், முதனிலை திரிந்த தொழிற்பெயர்"
    ],
    "answer": [
      "C"
    ],
    
          "additional_context": "'நாடுதல்' என்ற சொல் 'நாடு' என்ற சொல்லிலிருந்து உருவாகவில்லை. இது தனிப்பட்ட ஒரு சொல்.  'நாடு' என்ற சொல்லிலிருந்து தொழிற்பெயராக மாற்ற முடியாது."
          }
        ]