[
          
  {
    
          "description": "புலவர் ____ தங்கிச் சென்ற குகையைப் போல தன் வயிற்றை ஒப்பிடுகிறார்.",
          "options": [
      "அ)  யானை",
      "ஆ)  சிங்கம்",
      "இ)  புலி",
      "ஈ)  குரங்கு"
    ],
    "answer": [
      "C"
    ],
    
          "additional_context": "காவற்பெண்டு என்ற சங்ககாலப் பெண் புலவர் தன் மகனின் வீரத்தைக் குறித்து ஒரு புலவரிடம் பேசும்போது, புலவர் தன் மகன் போர்க்களத்தில் இருக்கலாம் என்று கூறுகிறார். அவர் 'புலி தங்கிச் சென்ற குகை போல ஈன்ற வயிறோ இதுவே' என்று கூறும்போது தன் மகனை ஒரு வீரராகக் காட்டி தன் மகனின் வீரத்தைப் பற்றிப் பெருமிதம் கொள்கிறார். இங்கு, 'குகை' என்பது புலவரின் வயிற்றை குறிக்கிறது. புலி தங்கிச் சென்ற குகை போல தன் வயிற்றை ஒப்பிடுவதன் மூலம் அவர் தன் மகன் வீரமிக்கவர் என்பதையும், போர்க்களத்தில் சிறப்பாகச் செயல்படுவார் என்பதையும் சுட்டிக்காட்டுகிறார்."
          }
        ,
          
  {
    
          "description": "காவற்பெண்டு என்பவர் _____ மன்னனின் செவிலித்தாயாக இருந்தவர்.",
          "options": [
      "அ)  பாண்டியன்",
      "ஆ)  சோழன்",
      "இ)  சேரன்",
      "ஈ)  குறுநில மன்னன்"
    ],
    "answer": [
      "B"
    ],
    
          "additional_context": "காவற்பெண்டு என்பவர் சங்ககாலப் பெண்பாற் புலவர்களுள் ஒருவர். சோழ மன்னன் போரவைக் கோப்பெரு நற்கிள்ளியின் செவிலித்தாயாக விளங்கியவர் என்று கூறுகின்றனர். கல்வியில் தேர்ச்சியும் கவிபாடும் ஆற்றலும் மிக்க இவர் சங்க கால மக்களின் வீரத்தைக் கருப்பொருளாகக் கொண்டு புறநானூற்றில் இடம்பெற்றுள்ள 86-ஆம் பாடலைப் பாடியுள்ளார். "
          }
        ,
          
  {
    
          "description": "காவற்பெண்டு சங்ககாலப் ____ புலவர்களுள் ஒருவர்.",
          "options": [
      "அ)   ஆண்பாற்",
      "ஆ)  பெண்பாற்",
      "இ)  குழந்தை",
      "ஈ)  குறுநில மன்னன்"
    ],
    "answer": [
      "B"
    ],
    
          "additional_context": "காவற்பெண்டு என்பவர் சங்ககாலப் பெண்பாற் புலவர்களுள் ஒருவர். சோழ மன்னன் போரவைக் கோப்பெரு நற்கிள்ளியின் செவிலித்தாயாக விளங்கியவர் என்று கூறுகின்றனர். கல்வியில் தேர்ச்சியும் கவிபாடும் ஆற்றலும் மிக்க இவர் சங்க கால மக்களின் வீரத்தைக் கருப்பொருளாகக் கொண்டு புறநானூற்றில் இடம்பெற்றுள்ள 86-ஆம் பாடலைப் பாடியுள்ளார்."
          }
        ,
          
  {
    
          "description": "கவிதையில் 'சிற்றில் நற்றூண்' என்று குறிப்பிடப்பட்டுள்ளது. இதன் பொருள் என்ன?",
          "options": [
      "பெரிய வீட்டின் பலமான தூண்",
      "சிறு வீட்டின் அழகிய தூண்",
      "வீட்டின் கதவுக்கருகே உள்ள தூண்",
      "வீட்டின் அடித்தளத்தில் உள்ள தூண்"
    ],
    "answer": [
      "B"
    ],
    
          "additional_context": "காவற்பெண்டு தன் மகனைத் தேடி வந்த ஒரு பெண்ணிடம் பேசுகிறார். அவர் தன் மகன் எங்கே இருக்கிறான் என்று அந்தப் பெண் கேட்கும்போது, அவன் போர்க்களத்தில் இருக்கலாம் என்று கூறுகிறார். இங்கு, 'சிற்றில்' என்பது சிறு குடிலைக் குறிக்கிறது. 'நற்றூண்' என்பது அந்தச் சிறு குடிலின் அழகிய தூணைப் பற்றிக் குறிப்பிடுகிறது. "
          }
        ,
          
  {
    
          "description": "'யாண்டு உளனோ எனவினவுதி' என்ற வரியில் 'யாண்டு' என்ற சொல்லைப் பயன்படுத்தி எந்தப் பொருள் குறிக்கப்படுகிறது?",
          "options": [
      "எப்போது",
      "எங்கு",
      "எப்படி",
      "எது"
    ],
    "answer": [
      "B"
    ],
    
          "additional_context": "காவற்பெண்டு தன் மகனைத் தேடி வந்த ஒரு பெண்ணிடம் பேசுகிறார். அவர் தன் மகன் எங்கே இருக்கிறான் என்று அந்தப் பெண் கேட்கும்போது, அவன் போர்க்களத்தில் இருக்கலாம் என்று கூறுகிறார். இங்கு, 'யாண்டு' என்பது 'எங்கே' என்ற பொருளைத் தருகிறது. "
          }
        ]