
[
  {
    "description": "பாஞ்சாலங்குறிச்சி கோட்டைகள்  _____  சூழப்பட்டவையாக இருந்தன.",
    "options": [
      "மணி",
      "மதில்",
      "மெத்தை",
      "பூட்டு"
    ],
    "answer": [
      "B"
    ],
    "additional_context": "பாஞ்சாலங்குறிச்சி கோட்டைகள் மதில்களால் சூழப்பட்டவையாக இருந்தன. அவை மிகவும் வலிமையாக கட்டப்பட்டிருந்தன. "
  },
  {
    "description": "பாஞ்சாலங்குறிச்சி _____  வளர்ந்த நாடாக இருந்தது.",
    "options": [
      "வீரம்",
      "அன்பு",
      "செல்வம்",
      "சந்தனம்"
    ],
    "answer": [
      "B"
    ],
    "additional_context": "பாஞ்சாலங்குறிச்சி அன்பு வளர்ந்த நாடாக இருந்தது.  அங்கு  அதிசய நிகழ்வுகள் நடந்தன.   முயலானது தன்னைப் பிடிக்கவரும் வேட்டை நாயை எதிர்த்து விரட்டிவிடும். பசுவும் புலியும் நீர்நிலையின் ஒரே துறையில் நின்று பால்போன்ற தண்ணீரைக் குடிக்கும்."
  },
  {
    "description": "பாஞ்சாலங்குறிச்சியில்  _____  சாலை ஒருபுறமாம்.",
    "options": [
      "வாரணச்",
      "வளரும்",
      "தோரண",
      "தெருச்"
    ],
    "answer": [
      "A"
    ],
    "additional_context": "பாஞ்சாலங்குறிச்சியில் யானைக் கூடமும் குதிரைக் கொட்டிலும் ஒருபுறம் இருந்தது. வாரணச் சாலை ஒருபுறமாம். தோரண மேடை ஒருபுறமாம். தெருச் சொக்கட்டான் சாரியல்ஓர் புறமாம்.  "
  },
  {
    "description": "பாஞ்சாலங்குறிச்சி மக்கள் _____  தேவியை வணங்கினர்.",
    "options": [
      "கமுகு",
      "சந்தன",
      "வாரண",
      "சக்க"
    ],
    "answer": [
      "D"
    ],
    "additional_context": "பாஞ்சாலங்குறிச்சி மக்கள் சக்க தேவியை வணங்கினர். மன்னன் கட்டபொம்மனின் பெயரைச் சொன்னால் கறந்து வைத்த பாலைக்கூடக் காகம் குடிக்காது.   சக்கமாதேவி பாஞ்சாலங்குறிச்சிக்குத் திருவாக்கு அருள்வாள். "
  },
  {
    "description": "பாஞ்சாலங்குறிச்சியில் எந்த வகையான வீடுகள் இருந்தன?",
    "options": [
      "அ) மண்ணால் கட்டப்பட்ட சிறிய வீடுகள்",
      "ஆ) மதில்களால் சூழப்பட்ட மாடி வீடுகள்",
      "இ) குடிசைகள்",
      "ஈ) கற்களால் கட்டப்பட்ட வீடுகள்"
    ],
    "answer": [
      "B"
    ],
    "additional_context": "பாஞ்சாலங்குறிச்சியில்  வீடுகள் எல்லாம் மதில்களால் சூழப்பட்ட மாடிவீடுகளாக இருந்தன. வீட்டுக் கதவுகள் மிகவும் நேர்த்தியாகவும் வீடுகள் செல்வம் நிறைந்தவையாகவும் இருக்கும். "
  }
]
