
[
  {
    "description": "“அகழ்வாரைத் தாங்கும் நிலம்போலத் தம்மை\nஇகழ்வார்ப் பொறுத்தல் தலை”\nஎன்ற குறளில், “நிலம்போலத் தம்மை இகழ்வார்ப் பொறுத்தல்” என்பது உவமேயமாகும். இதற்கு உவமை என்ன? ",
    "options": [
      "தோண்டுபவரைப் பொறுத்துக் கொள்ளுதல்",
      "நிலம்",
      "தம்மை இகழ்வார்",
      "பொறுத்தல்"
    ],
    "answer": "A",
    "additional_context": "இந்த குறளில், பூமி தன்னைத் தோண்டுபவரைப் பொறுத்துக் கொள்வது போல நாம் நம்மை இகழ்ந்து பேசுபவரைப் பொறுத்துக்கொள்ள வேண்டும் என்பது குறிப்பிடப்படுகிறது. இதில், 'பூமி தன்னைத் தோண்டுபவரைப் பொறுத்துக்கொள்ளுதல்' என்பது உவமை.  'நாம் நம்மை இகழ்ந்து பேசுபவரைப் பொறுத்துக்கொள்ள வேண்டும்' என்பது ஒப்பிடப்படும் பொருள் (உவமேயம்)."
  },
  {
    "description": "“தொட்டனைத்து ஊறும் மணற்கேணி மாந்தர்க்குக்\nகற்றனைத்து ஊறும் அறிவு”\nஎன்ற குறளில் எடுத்துக்காட்டு உவமை அணி எவ்வாறு செயல்படுகிறது?",
    "options": [
      "“மணற்கேணி” என்பது உவமை, “கற்றனைத்து ஊறும் அறிவு” என்பது உவமேயம்.",
      "“தொட்டனைத்து ஊறும்” என்பது உவமை, “மணற்கேணி” என்பது உவமேயம்.",
      "“கற்றனைத்து ஊறும்” என்பது உவமை, “அறிவு” என்பது உவமேயம்.",
      "“மணற்கேணி” என்பது உவமை, “அறிவு” என்பது உவமேயம்."
    ],
    "answer": "A",
    "additional_context": "இந்த குறளில், மணற்கேணியில் தோண்டிய அளவிற்கு நீர் ஊறும், மனிதர்கள் கற்கும் அளவிற்கு ஏற்ப அறிவு பெருகும் என்பது குறிப்பிடப்படுகிறது. இதில், 'மணற்கேணி' என்பது உவமை, 'மாந்தர்க்குக் கற்றனைத்து ஊறும் அறிவு' என்பது உவமேயம்."
  },
  {
    "description": "“மாலை வெயிலில் மழைத்தூறல் பொன்மழை பொழிந்ததுபோல் தோன்றியது.”\nஎன்ற தொடரில் இல்பொருள் உவமை அணி எவ்வாறு செயல்படுகிறது?",
    "options": [
      "உலகில் பொன் மழை பொழிவதால் இது உவமை அணி அல்ல.",
      "உலகில் பொன் மழை பொழிவதில்லை என்பதால் இது இல்பொருள் உவமை அணி.",
      "'பொன்மழை' என்பது உவமை, 'மழைத்தூறல்' என்பது உவமேயம்.",
      "'மழைத்தூறல்' என்பது உவமை, 'பொன்மழை' என்பது உவமேயம்."
    ],
    "answer": "B",
    "additional_context": "இந்த தொடரில், மழைத்தூறல் பொன்மழை போல் இருந்தது என குறிப்பிடப்படுகிறது. இதில், பொன் மழை உலகில் இல்லை என்பதால் இது இல்பொருள் உவமை அணியாகும்."
  },
  {
    "description": "“புலி போலப் பாய்ந்தான் சோழன்” என்ற தொடரில் உள்ள உவம உருபு எது?",
    "options": [
      "போல",
      "புலி",
      "சோழன்",
      "பாய்ந்தான்"
    ],
    "answer": "A",
    "additional_context": "இந்த தொடரில், சோழன் புலி போல் பாய்ந்தான் எனக் கூறப்படுகிறது. இதில் 'போல' என்பது உவம உருபு."
  },
  {
    "description": "பின்வரும் தொடரில் எந்த அணி பயன்படுத்தப்பட்டுள்ளது?\n\n> \"மலரன்ன பாதம்\"",
    "options": [
      "a) உவமை அணி",
      "b) எடுத்துக்காட்டு உவமை அணி",
      "c) இல்பொருள் உவமை அணி",
      "d) உருவக அணி"
    ],
    "answer": "a",
    "additional_context": "இந்த தொடரில், 'மலரன்ன பாதம்' எனக் கூறப்பட்டுள்ளது. இது உவமை அணியாகும்."
  }
]
