[
          
  {
    
          "description": "'நாட்டுப்புறப்பாடல்' குறித்துப் பாடல் என்ன கூறுகிறது?",
          "options": [
      "உழவர்களின் களைப்பை போக்க உதவும்",
      "உழவுத்தொழிலைப் பற்றி பாடும் பாடல்",
      "வாய்மொழி இலக்கியம்",
      "மேற்கண்ட அனைத்தும் சரி"
    ],
    "answer": "D",
    
          "additional_context": "நாட்டுப்புறப்பாடல் என்பது நாட்டுப்புற மக்கள் தங்கள் களைப்பைத் தீர்த்துக்கொள்ளவும்,  வாழ்க்கையை மகிழ்வாகக் கழிக்கவும் பாடும் பாடல்கள்.  இந்தப் பாடல்களில் உழவுத்தொழில்,  காதல்,  நிலம்  போன்றவை பற்றிய பாடல்கள் இருக்கும்.  மேலும் இவை வாய்மொழி இலக்கியமாகவும் கருதப்படுகிறது."
          }
        ,
          
  {
    
          "description": "  'சீலையெல்லாம் வரிஞ்சுக்கட்டி' என்னும் பாடல் வரியில் 'வரிஞ்சுக்கட்டி' என்னும் சொல்லைப் பிரித்து எழுதக் கிடைக்கும் சொல்  எது?",
          "options": [
      "வரி + ஞ்சு + கட்டி - இறுகக் கட்டப்பட்ட",
      "வரி + ஞ்சு + கட்டி - தளர்வாகக் கட்டப்பட்ட",
      "வரி + ஞ்சு + கட்டி -  நிதானமாகக் கட்டப்பட்ட",
      "வரி + ஞ்சு + கட்டி -  அழகாகக் கட்டப்பட்ட"
    ],
    "answer": "A",
    
          "additional_context": "சீலையெல்லாம் வரிஞ்சுக்கட்டி என்று குறிப்பிடப்பட்டுள்ளது.  இதில் வரிஞ்சுக்கட்டி என்பது புடவையை இறுகக் கட்டியது என்பதைக் குறிக்கிறது."
          }
        ,
          
  {
    
          "description": "பாடல் வரியில் 'ஓடை எல்லாம் தாண்டிப்போயி'  என்று  குறிப்பிடப்பட்டுள்ளது.  'ஓடை எல்லாம்'  என்பதைச் சேர்த்து எழுதக் கிடைக்கும் சொல்  எது?",
          "options": [
      "ஓடைஎல்லாம்",
      "ஓடையெல்லாம்",
      "ஓட்டையெல்லாம்",
      "ஓடெல்லாம்"
    ],
    "answer": "B",
    
          "additional_context": "பாடலில் 'ஓடை எல்லாம் தாண்டிப்போயி'  என்று குறிப்பிடப்பட்டுள்ளது.  'ஓடை எல்லாம்'  என்பதைச் சேர்த்து எழுதக் கிடைக்கும் சொல்  'ஓடையெல்லாம்'  என்பதாகும்."
          }
        ,
          
  {
    
          "description": "பாடலில் 'நாற்று' என்ற சொல்  எந்தச் செயலுடன் தொடர்புடையது?",
          "options": [
      "நெல்லை அறுவடை செய்தல்",
      "நெல்லைப் பிரித்தல்",
      "நெல்லைப் பராமரித்தல்",
      "நெல்லை நடுதல்"
    ],
    "answer": "D",
    
          "additional_context": "நாற்று என்பது விதை முளைத்து சிறியதாக வளர்ந்த தாவரத்தைக் குறிக்கிறது.  நாற்றை வயலில் நடவு செய்வதற்காக நாற்றுப் பறிப்பார்கள்."
          }
        ,
          
  {
    
          "description": "பாடலில் குறிப்பிடப்பட்டுள்ள நிலத்தின் அளவைப் பற்றி எந்த வரியில் கூறப்பட்டுள்ளது?",
          "options": [
      "ஓடை எல்லாம் தாண்டிப்போயி – ஏலேலங்கிடி ஏலேலோ",
      "ஒண்ணரைக்குழி நிலமும் பார்த்து – ஏலேலங்கிடி ஏலேலோ",
      "சீலையெல்லாம் வரிஞ்சுக்கட்டி – ஏலேலங்கிடி ஏலேலோ",
      "சேத்துக்குள்ளே இறங்குறாங்க – ஏலேலங்கிடி ஏலேலோ"
    ],
    "answer": "B",
    
          "additional_context": "பாடலில் 'ஒண்ணரைக்குழி நிலமும் பார்த்து'  என்று குறிப்பிடப்பட்டுள்ளது.  இந்த வரி நிலத்தின் அளவைப் பற்றிக் குறிப்பிடுகிறது."
          }
        ]