
[
  {
    "description": "“கோடுஉயர் திணிமணல் அகன்துறை நீகான்” என்ற வரியில் 'நீகான்' என்ற சொல் எதைக் குறிக்கிறது?",
    "options": [
      "அ) கப்பலின் பயணம்",
      "ஆ) கடலின் ஆழம்",
      "இ) பகல்",
      "ஈ) இரவு"
    ],
    "answer": [
      "C"
    ],
    "additional_context": "இந்த வரி மருதன் இளநாகனார் அவர்களால் எழுதப்பட்ட அகநானூறு நூலிலிருந்து எடுக்கப்பட்டது.  அந்த வரியில் 'நீகான்' என்ற சொல் 'கோடு உயர்' என்கிற சொல்லுடன் இணைந்து 'கோடு உயர் திணிமணல் அகன்துறை நீகான்' என்ற சொற்றொடரை உருவாக்குகிறது. இதில் 'கோடு உயர்' என்பது 'கரை உயர்ந்த', 'நீகான்' என்பது 'பகல்' என்கிற பொருளைத் தருகிறது. இவ்வாறு 'நீகான்' என்கிற சொல் 'பகல்' என்பதைத் தான் குறிக்கிறது. அதாவது நாவாய் கரை உயர்ந்த துறைமுகத்தில் பகலில் இருக்கிறது."
  },
  {
    "description": "“இரவும் எல்லையும் அசைவுஇன்று ஆகி” என்ற வரியில் 'அசைவுஇன்று' என்ற சொல் எதைக் குறிக்கிறது?",
    "options": [
      "அ) கப்பலின் நிற்காமல் செல்லும் தன்மை",
      "ஆ) கடலின் நிற்காமல் அலைவது",
      "இ) காற்றின் நிற்காமல் வீசுவது",
      "ஈ) மணலின் நிற்காமல் நகர்வது"
    ],
    "answer": [
      "C"
    ],
    "additional_context": "இந்த வரி மருதன் இளநாகனார் அவர்களால் எழுதப்பட்ட அகநானூறு நூலிலிருந்து எடுக்கப்பட்டது. இது 'இரவும் எல்லையும்' என்கிற சொல் 'அசைவுஇன்று' என்கிற சொல்லுடன் இணைந்து  'இரவும் எல்லையும் அசைவுஇன்று ஆகி' என்ற சொற்றொடரை உருவாக்குகிறது. இதில் 'அசைவுஇன்று' என்பது 'காற்றின் நிற்காமல் வீசுவது' என்கிற பொருளைத் தருகிறது.  இவ்வாறு 'அசைவுஇன்று' என்கிற சொல் காற்றைத்தான் குறிக்கிறது. அதாவது நாவாயைச் செலுத்தும் காற்று இரவும் பகலும் ஓயாமல் வீசுகிறது."
  },
  {
    "description": "'மருதன் இளநாகனார்' என்ற பெயரில் உள்ள 'மருதன்' என்ற சொல் எதைக் குறிக்கிறது?",
    "options": [
      "அ) இவரது வாழ்ந்த இடம்",
      "இவர் பாடிய திணை",
      "இவரது பாடலின் தலைப்பு",
      "இவரது குடும்பப் பெயர்"
    ],
    "answer": [
      "B"
    ],
    "additional_context": "மருதன் இளநாகனார் என்பவர் சங்ககாலப் புலவர்களுள் ஒருவர். இவர் கலித்தொகையின் மருதத்திணையில் உள்ள முப்பத்து ஐந்து பாடல்களையும் பாடியவர். மருதத்திணை பாடுவதில் வல்லவர் என்பதால் மருதன் இளநாகனார் என அழைக்கப்படுகிறார். அதாவது 'மருதன்' என்ற சொல் இவர் பாடிய திணை என்கிற பொருளை குறிக்கிறது."
  },
  {
    "description": "'மருதன் இளநாகனார்' என்ற பெயர், இவரை எதற்காக குறிப்பிடுகிறது?",
    "options": [
      "அ) இவரது வாழ்ந்த இடம்",
      "இவர் பாடிய திணை",
      "இவரது பாடலின் தலைப்பு",
      "இவரது குடும்பப் பெயர்"
    ],
    "answer": [
      "B"
    ],
    "additional_context": "மருதன் இளநாகனார் என்பவர் சங்ககாலப் புலவர்களுள் ஒருவர். இவர் கலித்தொகையின் மருதத்திணையில் உள்ள முப்பத்து ஐந்து பாடல்களையும் பாடியவர். மருதத்திணை பாடுவதில் வல்லவர் என்பதால் மருதன் இளநாகனார் என அழைக்கப்படுகிறார். அதாவது 'மருதன்' என்ற சொல் இவர் பாடிய திணை என்கிற பொருளை குறிக்கிறது."
  },
  {
    "description": "'நெடுந்தொகை' என்ற பெயர் எந்த நூலுக்குப் பொருந்தும்?",
    "options": [
      "அ) கலித்தொகை",
      "ஆ) பரிபாடல்",
      "இ) அகநானூறு",
      "ஈ) புறநானூறு"
    ],
    "answer": [
      "C"
    ],
    "additional_context": "'நெடுந்தொகை' என்பது அகநானூறு நூலின் மற்றொரு பெயர்.  அகநானூறு எட்டுத்தொகை நூல்களுள் ஒன்று. புலவர் பலரால் பாடப்பட்ட நானூறு பாடல்களைக் கொண்டது. இந்நூலினை நெடுந்தொகை என்றும் அழைப்பர்.  அகநானூறு நூலில் 255-ஆம் பாடல் மருதன் இளநாகனார் அவர்களால் எழுதப்பட்டது."
  }
]
