[
          
  {
    
          "description": "'கிளிக்கண்ணி' வகைப் பாடலில் பயன்படுத்தப்படும் சொற்களை எந்த விலங்கின் மொழியோடு ஒப்பிடுவார்கள்?",
          "options": [
      "குரங்கு",
      "மயில்",
      "யானை",
      "கிளி"
    ],
    "answer": "D",
    
          "additional_context": "கிளிக்கண்ணி பாடல் ஒரு வகை இசைப்பாடல். கிளியின் மொழி போன்ற இனிய சொற்களைப் பேசும் பெண்ணை நோக்கிக் கூறுவதாக இனிய சந்தத்தில் பாடப்படும் இசைப்பாடல் வகை. கிளியின் மொழி போல் இனிமையான வார்த்தைகளைப் பயன்படுத்திப் பாடுவதால் இந்தப் பாடல் வகைக்கு  'கிளிக்கண்ணி' என்று பெயர் வந்தது."
          }
        ,
          
  {
    
          "description": "'அதிமதுரம்' எனக் குறிப்பிடப்படும் தழையை எந்த விலங்கு உண்கிறது?",
          "options": [
      "புலி",
      "மயில்",
      "நரி",
      "யானை"
    ],
    "answer": "D",
    
          "additional_context": "காட்டில் வசிக்கும் யானைகள் பல வகையான தாவரங்களையும் தழைகளையும் உண்கின்றன.  'அதிமதுரம்' என்ற சொல்லின் பொருள்  'மிகுந்த சுவை' என்பதாகும்.  அதிக சுவையான தழைகளை யானைகள் உண்கின்றன என்பது இப்பாடலில் குறிப்பிடப்பட்டுள்ளது."
          }
        ,
          
  {
    
          "description": "'காடு பொருள்கொடுக்கும், காய்கனி ஈன்றெடுக்கும்' என்ற வரிகளில் பயன்படுத்தப்படும் 'ஈன்றெடுக்கும்' என்ற சொல்லின் பொருள் என்ன?",
          "options": [
      "பெற்றுக்கொள்ளுதல்",
      "உருவாக்குதல்",
      "தருதல்",
      "பெறுதல்"
    ],
    "answer": "C",
    
          "additional_context": " 'காடு பொருள்கொடுக்கும், காய்கனி ஈன்றெடுக்கும்' என்ற வரிகள்  காடு தரும் பலவிதமான பயன்களைச் சொல்கின்றன. மரங்கள் பல வகையான மரப் பொருட்களைத் தரும், அவை நமக்குப் பயனுள்ளவை.  காய்கனிகளும் காட்டிலிருந்து கிடைப்பவை. இங்கே 'ஈன்றெடுக்கும்' என்ற சொல்லுக்கு  'தருதல்' என்ற பொருள் பொருந்தும்."
          }
        ,
          
  {
    
          "description": "'காடு பொருள்கொடுக்கும், காய்கனி ஈன்றெடுக்கும்' என்ற வரிகளில் 'காடு' என்பதற்கு பதிலாகப் பயன்படுத்தக்கூடிய வேறு பெயர் எது?",
          "options": [
      "மலை",
      "கடல்",
      "வனம்",
      "நதி"
    ],
    "answer": "C",
    
          "additional_context": " 'காடு' என்ற சொல்லுக்கு பல சொற்கள் உள்ளன.  'வனம்'  என்பது காட்டைக் குறிக்கும் ஒரு சொல்.  'கானகம்', 'அடவி'  என்பனவும் காட்டைக் குறிக்கும் சொற்கள்."
          }
        ,
          
  {
    
          "description": "'சிங்கம் புலிகரடி சிறுத்தை விலங்கினங்கள் எங்கும் திரியுமடீ – கிளியே இயற்கை விடுதியிலே!' என்ற வரிகள் காட்டை எதனுடன் ஒப்பிடுகின்றன?",
          "options": [
      "பள்ளிக்கூடம்",
      "நூலகம்",
      "வீடு",
      "தங்குமிடம்"
    ],
    "answer": "D",
    
          "additional_context": "சிங்கம், புலி, கரடி, சிறுத்தை போன்ற விலங்குகள் காட்டில் வாழ்பவை. காட்டை நாம் இயற்கை விடுதி என்று கூறலாம். இயற்கையாகவே  உருவான  இந்த இடம் விலங்குகள் அனைத்திற்கும் பாதுகாப்பான தங்குமிடம். காடுகள் இயற்கை விடுதியாக இருப்பதால் பல வகையான விலங்குகளை அங்கு காணலாம்."
          }
        ]