[
          
  {
    
          "description": "'அன்பு வளர்ந்தேறும் பாஞ்சாலநாட்டில்'  என்ற வரியில் 'பாஞ்சாலநாடு'  என்ற சொல்லைப் பிரித்து எழுதக் கிடைப்பது?",
          "options": [
      "பாஞ்சா + லநாடு",
      "பாஞ்சால + நாடு",
      "பாஞ்சா + நாடு",
      "பாஞ்சால + னாடு"
    ],
    "answer": "B",
    
          "additional_context": "கட்டபொம்மு துரை இருந்த பாஞ்சாலநாடு அன்பு வளர்ந்தேறும் அற்புதமான நாடு. நாயும் முயலும் இயற்கையாகவே நட்புடன் வாழும் அற்புதமான இடம். அதுமட்டுமல்லாமல், புலி, பசு, காகம் போன்ற விலங்குகள் ஒன்றாக துறையில் நீர் குடிக்கும் அற்புதமான இடம்.  சக்க தேவி அருளும் தூய நிலம். இந்த நாட்டைப் பற்றியும் கட்டபொம்மு துரையின் சிறப்பையும் கூறும் கதைப்பாடல் நம்மை மகிழ்விக்கிறது. இந்தக் கதைப்பாடல் நம்மை மிகவும் கவர்ந்திழுக்கிறது. இதில் வரும் சொற்கள் அவற்றின் அழகைப் பறைசாற்றுகின்றன."
          }
        ,
          
  {
    
          "description": "கட்டபொம்மு துரை இருந்த அரண்மனையின் வாயில் எப்படி இருந்தது?",
          "options": [
      "அழகு மிகுந்தது",
      "எளிமையானது",
      "பழமையானது",
      "திறந்திருந்தது"
    ],
    "answer": "A",
    
          "additional_context": "கட்டபொம்மு துரை வீற்றிருந்த அரண்மனை மிகவும் அழகானது. அது சிறப்பான முறையில் அழகுபடுத்தப்பட்டு இருந்தது. மன்னர் கட்டபொம்மு துரை இருந்ததால் அந்த அரண்மனை மிகவும் கம்பீரமாகவும் அழகாகவும் இருந்தது. அவரின் மாவீரத் தன்மையை வெளிப்படுத்தும் வகையில் இருந்தது. அரண்மனையின் வாயில் மிகவும் சிறப்பானது. அந்த அரண்மனையில் இருக்கும் எல்லாமே அழகானதாகவும் அற்புதமாகவும் இருந்தது."
          }
        ]