
[
  {
    "description": "நெல்மணிகள் _______ போல பால் பிடித்து விளைந்தன.",
    "options": [
      "மரம்",
      "பூ",
      "மணி",
      "கல்"
    ],
    "answer": "C",
    "additional_context": "வயலில் விளைந்த நெல்மணிகள் மணிகள் போலப் பால் பிடித்து விளைந்தன என்கிறார் பாடலாசிரியர். இதனால் நெல்மணிகள் வெள்ளை நிறத்திலும், முழுமையாகவும், மென்மையாகவும் இருந்தன என்பதை அறிந்துகொள்ள முடிகிறது. மணிகள் போலப் பால் பிடித்து விளைந்தது என்பது நெல் அறுவடைக்கான சமயம் வந்துவிட்டது என்பதையும் உணர்த்துகிறது."
  },
  {
    "description": "அறுவடை செய்யும் ஆட்களுக்கு _______ கொடுத்து வாரான்.",
    "options": [
      "உணவு",
      "நிலம்",
      "பணம்",
      "விதை"
    ],
    "answer": "C",
    "additional_context": "வயலில் விளைந்த நெல் அறுவடைக்கு உதவிய ஆட்களுக்கு உழவர் பணம் கொடுத்திருப்பார். அறுவடைக்காக கூலியாக அவர்களுக்கு பணம் கொடுக்கப்பட்டிருக்கும்."
  },
  {
    "description": "கிழக்கத்தி மாடெல்லாம்  _______  பார்த்து மிதித்தன.",
    "options": [
      "மேலே",
      "கீழே",
      "அருகில்",
      "தொலைவில்"
    ],
    "answer": "B",
    "additional_context": "கிழக்கத்தி மாடுகள் கீழே பார்த்து மிதித்தன என்று பாடல் கூறுகிறது. அதாவது அறுவடை செய்த நெல்தாள்களைக் கீழே போட்டு வைத்து மாடுகளைக் கொண்டு மிதித்து நெல்மணிகளைப் பிரித்தனர். இதன்மூலம் மாடுகளைக் கொண்டு நெல் அறுவடை செய்யும் பழைய முறையை அறிய முடிகிறது."
  }
]
