[
          
  {
    
          "description": "பாடலில் 'சீலையெல்லாம் வரிஞ்சுக்கட்டி' என்ற வரி உழவர்களின் எந்த செயலைக் குறிக்கிறது?",
          "options": [
      "நடவு செய்யும் பெண்களின் தயாரிப்பைக் குறிக்கிறது",
      "நெல்லை அறுவடை செய்பவர்களின் உடையில்லையைக் குறிக்கிறது",
      "போரடிக்கும் போது கட்டும் துணியைக் குறிக்கிறது",
      "வயலைத் தயாரிக்கும் போது கட்டும் துணியைக் குறிக்கிறது"
    ],
    "answer": "A",
    
          "additional_context": "நாற்று நடுவதற்கு முன்பு, பெண்கள் புடவையை இறுகக் கட்டிக்கொள்வார்கள். இதனால் நடவு செய்யும் போது அவர்களின் புடவை அழுக்காகாமல் இருக்கும். அதுமட்டுமின்றி, அவர்கள் விரைவாகவும் எளிதாகவும் நடவு செய்ய முடியும்."
          }
        ,
          
  {
    
          "description": "'மண்குளிரத் தண்ணீர்பாய' என்ற வரியில் பயன்படுத்தப்பட்டுள்ள 'மண்குளிர' என்னும் சொல் உணர்த்தும் பொருள் என்ன?",
          "options": [
      "வயலின் மண் சூடாக இருப்பதை",
      "வயலின் மண் குளிராக இருப்பதை",
      "வயலின் மண்ணில் ஈரப்பதம் குறைவாக இருப்பதை",
      "வயலின் மண்ணில் ஈரப்பதம் அதிகமாக இருப்பதை"
    ],
    "answer": "B",
    
          "additional_context": "நாற்று நடவு செய்த பின்பு, வயலின் மண் சூடாக இருப்பதால் அதிகமான தண்ணீர் தேவைப்படும். எனவே, 'மண்குளிரத் தண்ணீர் பாய்ச்சுதல்' என்பது மண்ணுக்கு குளிர்ச்சியைத் தந்து,  ஈரப்பதத்தை அதிகரிக்க வேண்டும் என்பதைக் குறிக்கிறது."
          }
        ,
          
  {
    
          "description": "'சாலுசாலாத் தாளுவிட்டு' என்ற வரி, நெற்பயிர்களின் எந்த நிலையைக் காட்டுகிறது?",
          "options": [
      "நாற்று நடவு செய்யப்பட்ட நிலையை",
      "நெல் பயிர் செழித்து வளர்ந்த நிலையை",
      "நெல் பயிர் பூத்துக்குலுங்கிய நிலையை",
      "நெல் பயிர் அறுவடைக்குத் தயாரான நிலையை"
    ],
    "answer": "B",
    
          "additional_context": "வயலில் நெல் பயிர் சீராக வளர்ந்து, வரிசை வரிசையாக செழித்து நிற்கும் நிலையைக் குறிப்பதற்காக 'சாலு சாலாத் தாளுவிட்டு' என்று கூறப்படுகிறது. இதன் பொருள் நெல் பயிர் சீரான தன்மை உடையதாக வளர்ந்துள்ளது என்பதாகும்."
          }
        ,
          
  {
    
          "description": "'கிழக்கத்தி மாடெல்லாம் கீழே பார்த்து மிதிக்குதையா'  என்ற வரி எந்த செயலை விவரிக்கிறது?",
          "options": [
      "வயலில் இருந்து மண்ணை அகற்றுவதை",
      "நெல் அறுவடைக்குப் பிறகு நெற்கதிர்களை மிதித்து நெல்லைப் பிரிப்பதை",
      "விதைப்புக்கு முன்பு வயலைப் பண்படுத்துவதை",
      "நாற்று நடவு செய்யும் முன்பு வயலைத் தயாரிப்பதை"
    ],
    "answer": "B",
    
          "additional_context": "நெல் அறுவடை முடிந்த பிறகு நெல் தாள்களைக் கொண்டு மாடுகளால் மிதிக்கப்படுகிறது. இதனால் நெல்மணிகள் நெல் தாள்களில் இருந்து பிரிந்து விழும். அந்த செயல் 'கிழக்கத்தி மாடெல்லாம் கீழே பார்த்து மிதிக்குதையா' என்று வரியால் விவரிக்கப்படுகிறது."
          }
        ,
          
  {
    
          "description": "பாடலில் குறிப்பிடப்பட்டுள்ள 'சும்மாடு' என்பது எதற்குப் பயன்படுத்தப்படுகிறது?",
          "options": [
      "நெல்லை அறுவடை செய்ய",
      "நாற்று நடவு செய்ய",
      "நெற்கதிர்களைத் தூக்கிச் செல்ல",
      "வயலை உழுது பண்படுத்த"
    ],
    "answer": "C",
    
          "additional_context": "அறுவடை செய்த நெல் தாள்களைக் கட்டுகளாகக் கட்டி, தலைக்கு மேல் வைத்துத் தூக்கிச் செல்லும் போது பயன்படுத்தப்படும் சுமந்து செல்லும் பொருளே 'சும்மாடு' ஆகும்."
          }
        ]