[
          
  {
    
          "description": "'___ காட்டி இரக்கத்தைப் பெறுவர்'",
          "options": [
      "சாந்தம்",
      "மகத்துவம்",
      "தத்துவம்",
      "இரக்கம்"
    ],
    "answer": "D",
    
          "additional_context": "இயேசுநாதர் கூறியது போல் இரக்கம் காட்டும் மனிதர்களே இறைவனின் இரக்கத்தையும் பெறுவார்கள். இறைவனின் இரக்கமே அவர்களுக்கு அளிக்கப்படும் பரிசு என்று இயேசு கூறினார்."
          }
        ,
          
  {
    
          "description": "'___ இல்லாது அமைதிகள் செய்தால் இதயம் மலையளவு'",
          "options": [
      "சண்டை",
      "போட்டி",
      "தன்னாடு",
      "ஆசை"
    ],
    "answer": "B",
    
          "additional_context": "பலவகையான போட்டிகளில் ஈடுபட்டு மனிதன் தனது கனவுகளைத் துரத்துகிறான். ஆனால், அவன் இவற்றையெல்லாம் கைவிட்டு அமைதியான வாழ்க்கையைத் தேர்ந்தெடுத்தால், அவரது இதயம் மலையளவு உயர்ந்ததாகும் என்பது இயேசுநாதரின் கருத்து."
          }
        ,
          
  {
    
          "description": "'மண்ணையும் ஆளும் ___ யையும் ஆளும் மகத்துவம்'",
          "options": [
      "விண்",
      "உலகம்",
      "தர்மம்",
      "சாந்தம்"
    ],
    "answer": "A",
    
          "additional_context": "மனித வாழ்க்கையில் பொறுமை அவசியம். பொறுமை என்பது மண்ணையும் விண்ணையும் ஆளும் மகத்துவமானது என்று இயேசுநாதர் கூறினார்."
          }
        ]