[
          
  {
    
          "description": "இந்தப் பாடல் எந்தத் தொழிலைப் பற்றிக் கூறுகிறது?",
          "options": [
      "வணிகம்",
      "கைவினை",
      "மீன்பிடித்தல்",
      "உழவு"
    ],
    "answer": "D",
    
          "additional_context": "இந்தப் பாடல் உழவர்களின் வாழ்க்கை முறையைப் பற்றியது. அவர்கள் வயல்வெளியில்  செய்கின்ற பணிகளை விவரிக்கிறது.  நாற்று நடவு, நீர் பாய்ச்சுதல், அறுவடை செய்தல், போரடித்தல் போன்ற பணிகள் இப்பாடலில் குறிப்பிடப்படுகின்றன. இதன் மூலம் இந்தப் பாடல் உழவுத் தொழிலைப் பற்றிப் பேசுகிறது என்பது தெளிவாகிறது."
          }
        ,
          
  {
    
          "description": "“நாட்டுப்புறப்பாடல்கள் வாய்மொழி இலக்கியம்” என்ற கூற்றை இப்பாடல் எவ்வாறு விளக்குகிறது?",
          "options": [
      "இப்பாடல் ஒரு நூலில் இருந்து எடுக்கப்பட்டது",
      "இப்பாடல் எளிய நடையில் அமைந்துள்ளது",
      "இப்பாடல் உழவர்களின் வாழ்வியலை பிரதிபலிக்கிறது",
      "இப்பாடல் பழைய கால வாழ்க்கையை விவரிக்கிறது"
    ],
    "answer": "C",
    
          "additional_context": "இப்பாடல் உழவர்களின் வாழ்வியலைப் பிரதிபலிக்கிறது.  அவர்கள்  செய்யும்  பணிகளை  விவரித்து  மற்றும்  அவர்களின்   உணர்வுகளை  வெளிப்படுத்துகிறது.  இது  தொன்மையான  காலத்திலிருந்து  வாய்மொழியாக  சொல்லப்பட்டு  வந்த  பாடல்  என்பதை   நிறுவுகிறது."
          }
        ,
          
  {
    
          "description": "இப்பாடலில் பயன்படுத்தப்பட்டுள்ள “சீலை”, “சாண்”, “மடை”, “கழலுதல்” போன்ற சொற்களைக் கொண்டு, இப்பாடல் எந்தக் காலத்தைச் சார்ந்தது என்பதை எவ்வாறு அறிந்துகொள்ள முடியும்?",
          "options": [
      "இப்பாடல் பழைய காலத்தைச் சார்ந்தது",
      "இப்பாடல் நவீன காலத்தைச் சார்ந்தது",
      "இப்பாடல் எந்தக் காலத்தையும் குறிப்பிடவில்லை",
      "இப்பாடல் எதிர்காலத்தைப் பற்றிக் கூறுகிறது"
    ],
    "answer": "A",
    
          "additional_context": "இப்பாடலில் பயன்படுத்தப்பட்டுள்ள  “சீலை”, “சாண்”, “மடை”, “கழலுதல்” போன்ற சொற்கள் பழைய காலத்தைச் சேர்ந்தவை.  நவீன காலத்தில்  பயன்படுத்தப்படும்  சொற்களை  பாடலில்  காண முடியாது.  இது  பாடல்  பழைய காலத்தைச்  சார்ந்தது  என்பதை  உறுதிப்படுத்துகிறது."
          }
        ,
          
  {
    
          "description": "“மணிபோலப் பால்பிடித்து மனதையெல்லாம் மயக்குதம்மா” என்ற வரிகளில், “மணி” என்னும் சொல் எதைப் பற்றிக் குறிக்கிறது?",
          "options": [
      "நெல்மணி",
      "கல்",
      "நகை",
      "தங்கம்"
    ],
    "answer": "A",
    
          "additional_context": "இந்த வரிகளில்  “மணி”  என்ற  சொல்  நெல்மணியைப்  பற்றி  குறிக்கிறது.  நெல்மணிகள்  முழுமையாக   முற்றியதால்   மணி  போல  பளபளக்கின்றன  என்று   இந்த   வரிகள்   குறிப்பிடுகின்றன."
          }
        ,
          
  {
    
          "description": "பாடலில்  'ஒன்றரைக் குழி' என்ற சொல்லைப் பயன்படுத்தி உழவர்கள் என்ன செய்தார்கள்?",
          "options": [
      "வயலைத் தெரிவு செய்தார்கள்",
      "நாற்றுப் பறித்தார்கள்",
      "நெல்லை அறுவடை செய்தார்கள்",
      "போரடித்தார்கள்"
    ],
    "answer": "A",
    
          "additional_context": "“ஒன்றரைக் குழி”  என்ற  சொல்  நிலத்தின்  அளவை  குறிக்கிறது.  உழவர்கள்  வயலை  தெரிவு  செய்து,  நாற்று  நடுவதற்கு  முன்னதாக  அதன்  அளவை   நிர்ணயித்து   இந்த   சொல்லை   பயன்படுத்துகிறார்கள்."
          }
        ]