
[
  {
    "description": "“செங்கல்பட்டு”  என்ற சொல்லில் இருந்து எந்த சொல் உருவாக்க முடியாது?",
    "options": [
      "செங்கு",
      "கல்",
      "பட்டு",
      "பட்டம்"
    ],
    "answer": "பட்டம்",
    "additional_context": "இந்த கேள்வி  'கொடுக்கப்பட்டுள்ள ஊரின் பெயர்களில் இருந்து புதிய சொற்களை உருவாக்குக.' என்ற பகுதியில் உள்ளது.  இந்தப் பகுதியில் நமக்கு பல ஊர்களின் பெயர்கள்  கொடுக்கப்பட்டுள்ளன.  அந்த ஊர்களின் பெயர்களைப் பார்த்து அந்த  ஊர்களின் பெயரில் இருந்து வேறு  எந்தெந்த சொற்களை உருவாக்கலாம் என்று  நாம் கண்டுபிடிக்க வேண்டும்.  செங்கல்பட்டு என்ற  சொல்லில் இருந்து செங்கு, கல், பட்டு என்று  சொற்களை உருவாக்க முடியும்.  ஆனால், பட்டம்  என்ற சொல்லை இந்த  சொல்லில் இருந்து  உருவாக்க முடியாது."
  },
  {
    "description": "“உதகமண்டலம்”  என்ற சொல்லில் இருந்து எந்த சொல் உருவாக்க முடியாது?",
    "options": [
      "உதக",
      "மண்டல",
      "மலம்",
      "தளம்"
    ],
    "answer": "தளம்",
    "additional_context": "இந்த கேள்வி  'கொடுக்கப்பட்டுள்ள ஊரின் பெயர்களில் இருந்து புதிய சொற்களை உருவாக்குக.' என்ற பகுதியில் உள்ளது.  இந்தப் பகுதியில் நமக்கு பல ஊர்களின் பெயர்கள்  கொடுக்கப்பட்டுள்ளன.  அந்த ஊர்களின் பெயர்களைப் பார்த்து அந்த  ஊர்களின் பெயரில் இருந்து வேறு  எந்தெந்த சொற்களை உருவாக்கலாம் என்று  நாம் கண்டுபிடிக்க வேண்டும்.  உதகமண்டலம் என்ற  சொல்லில் இருந்து உதக, மண்டல, மலம் என்று  சொற்களை உருவாக்க முடியும்.  ஆனால், தளம்  என்ற சொல்லை இந்த  சொல்லில் இருந்து  உருவாக்க முடியாது."
  },
  {
    "description": "“பட்டுக்கோட்டை”  என்ற சொல்லில் இருந்து எந்த சொல் உருவாக்க முடியாது?",
    "options": [
      "பட்டு",
      "கோட்டை",
      "கட்டம்",
      "தட்டை"
    ],
    "answer": "தட்டை",
    "additional_context": "இந்த கேள்வி  'கொடுக்கப்பட்டுள்ள ஊரின் பெயர்களில் இருந்து புதிய சொற்களை உருவாக்குக.' என்ற பகுதியில் உள்ளது.  இந்தப் பகுதியில் நமக்கு பல ஊர்களின் பெயர்கள்  கொடுக்கப்பட்டுள்ளன.  அந்த ஊர்களின் பெயர்களைப் பார்த்து அந்த  ஊர்களின் பெயரில் இருந்து வேறு  எந்தெந்த சொற்களை உருவாக்கலாம் என்று  நாம் கண்டுபிடிக்க வேண்டும்.  பட்டுக்கோட்டை என்ற  சொல்லில் இருந்து பட்டு, கோட்டை, கட்டம் என்று  சொற்களை உருவாக்க முடியும்.  ஆனால், தட்டை  என்ற சொல்லை இந்த  சொல்லில் இருந்து  உருவாக்க முடியாது."
  },
  {
    "description": "“வேளாண்மை”  என்ற கலைச்சொல்லின் ஆங்கிலப் பெயர் எது?",
    "options": [
      "Agriculture",
      "Civilization",
      "Harvest",
      "Irrigation"
    ],
    "answer": "Agriculture",
    "additional_context": "இந்த கேள்வி  'கலைச்சொல் அறிவோம்' என்ற பகுதியில் உள்ளது.  இந்தப் பகுதியில் நமக்கு பல  கலைச்சொற்கள் கொடுக்கப்பட்டுள்ளன.  அந்த  கலைச்சொற்களின்  ஆங்கிலப் பெயர்  என்ன என்று  நாம் கண்டுபிடிக்க வேண்டும்.  வேளாண்மை  என்ற கலைச்சொல்லின் ஆங்கிலப் பெயர்  Agriculture."
  },
  {
    "description": "“நாட்டுப்புறவியல்”  என்ற கலைச்சொல்லின் ஆங்கிலப் பெயர் எது?",
    "options": [
      "Folklore",
      "Poet",
      "Agronomy",
      "Foreigner"
    ],
    "answer": "Folklore",
    "additional_context": "இந்த கேள்வி  'கலைச்சொல் அறிவோம்' என்ற பகுதியில் உள்ளது.  இந்தப் பகுதியில் நமக்கு பல  கலைச்சொற்கள் கொடுக்கப்பட்டுள்ளன.  அந்த  கலைச்சொற்களின்  ஆங்கிலப் பெயர்  என்ன என்று  நாம் கண்டுபிடிக்க வேண்டும்.  நாட்டுப்புறவியல்  என்ற கலைச்சொல்லின் ஆங்கிலப் பெயர்  Folklore."
  }
]
