[
          
  {
    
          "description": "கலங்கரை விளக்கம் எதை அழைக்கிறது?",
          "options": [
      "கடற்கரையை அடைந்த மீனவர்களை",
      "கடற்கரையை அடைந்த கப்பல்களை",
      "கடற்கரையை அடைந்த பயணிகளை",
      "கடற்கரையை அடைந்த விலங்குகளை"
    ],
    "answer": "B",
    
          "additional_context": "கடலில் துறைமுகம் அறியாமல் கலங்கும் மரக்கலங்களைத் தன் துறைமுகம் நோக்கி அழைக்கிறது என்பதைப் பாடல் வரிகள் காட்டுகின்றன. இதிலிருந்து கலங்கரை விளக்கமானது கடற்கரையை அடைந்த கப்பல்களை அழைப்பதாகத் தெரிய வருகிறது."
          }
        ,
          
  {
    
          "description": "'ஞெகிழி' என்ற சொல் எதைக் குறிக்கிறது?",
          "options": [
      "கலங்கரை விளக்கம்",
      "கப்பல்",
      "விளக்கு",
      "கடல்"
    ],
    "answer": "C",
    
          "additional_context": "இரவில் மாட்டிய இலங்குசுடர் ஞெகிழி என்று பாடல் வரிகள் கூறுகின்றன. ஞெகிழி என்பது விளக்கு என்பதை இந்த வரிகள் உணர்த்துகின்றன."
          }
        ,
          
  {
    
          "description": "கலங்கரை விளக்கமானது __________ போலத் தோற்றமளிக்கிறது.",
          "options": [
      "மலை",
      "வீடு",
      "தூண்",
      "மரம்"
    ],
    "answer": "C",
    
          "additional_context": "வானம் ஊன்றிய மதலை போல என்று பாடல் வரிகள் கூறுகின்றன. மதலை என்பது தூண் எனும் பொருளைத் தருகிறது. எனவே கலங்கரை விளக்கம் தூண் போலத் தோற்றமளிக்கிறது."
          }
        ,
          
  {
    
          "description": "__________ கொண்டு ஏறமுடியாத உயரத்தைக் கொண்டிருக்கிறது கலங்கரை விளக்கம்.",
          "options": [
      "கயிறு",
      "ஏணி",
      "படிக்கட்டுகள்",
      "நடைபாதை"
    ],
    "answer": "B",
    
          "additional_context": "ஏணி சாத்திய ஏற்றருஞ் சென்னி என்று பாடல் வரிகள் கூறுகின்றன. சென்னி என்பது உச்சி என்று பொருள். அதாவது ஏணி கொண்டு ஏறமுடியாத உயரத்தை கலங்கரை விளக்கம் கொண்டுள்ளது."
          }
        ,
          
  {
    
          "description": "கலங்கரை விளக்கம் __________ போன்றவற்றால் வேயப்படாமல், சாந்தினால் பூசப்படுகிறது.",
          "options": [
      "துணி",
      "மரம்",
      "ஓலை",
      "வைக்கோல்"
    ],
    "answer": "D",
    
          "additional_context": "விண்பொர நிவந்த வேயா மாடத்து என்று பாடல் வரிகள் கூறுகின்றன. வேயா மாடம் என்பது வைக்கோல் போன்றவற்றால் வேயப்படாத மாடம் என்பதைத் தெளிவுபடுத்துகிறது. மேலும் வைக்கோல் போன்றவற்றால் வேயப்படாமல், திண்மையாகச் சாந்து பூசப்பட்ட மாடம் என்று பாடல் வரிகள் கூறுகின்றன. எனவே கலங்கரை விளக்கம் வைக்கோல் போன்றவற்றால் வேயப்படாமல், சாந்தினால் பூசப்படுகிறது."
          }
        ]