
[
  {
    "description": "“நண்டும் சேர்த்துப் பிடிக்கிறாங்க” என்ற வரியில், “நண்டு” என்ற சொல் எதைக் குறிக்கிறது?",
    "options": [
      "வயலில் வாழும் ஒரு விலங்கு",
      "ஒரு வகைப் பூ",
      "ஒரு வகை மரம்",
      "ஒரு வகைப் பறவை"
    ],
    "answer": "A",
    "additional_context": "நாற்றுப் பறிக்கும்போது பெண்கள் வயல் வரப்பில் உள்ள நண்டுகளையும் பிடித்தனர். இதைக் குறிப்பிடுவதற்காகப் பாடலில் “நண்டும் சேர்த்துப் பிடிக்கிறாங்க” என்று கூறப்பட்டுள்ளது. எனவே, இந்த வரியில் “நண்டு” என்பது வயலில் வாழும் ஒரு விலங்கைக் குறிக்கிறது. "
  },
  {
    "description": "“மடமடன்னு மடைவழியே மண்குளிரத் தண்ணீர்பாய” என்ற வரிகள், வயலில் எந்த நிகழ்வை விவரிக்கின்றன?",
    "options": [
      "மடை அமைத்தல்",
      "நீர் பாய்ச்சுதல்",
      "நடவு செய்தல்",
      "அறுவடை செய்தல்"
    ],
    "answer": "B",
    "additional_context": "நடவு நட்ட வயலின் மண்குளிருமாறு மடை வழியே நீர் பாய்ச்சினர். இதைக் குறிப்பிடுவதற்காகப் பாடலில் “மடமடன்னு மடைவழியே மண்குளிரத் தண்ணீர்பாய” என்று கூறப்பட்டுள்ளது. எனவே, இந்த வரிகள் வயலில் நீர் பாய்ச்சும் நிகழ்வை விவரிக்கின்றன."
  },
  {
    "description": "“சாலுசாலாத் தாளுவிட்டு நாலுநாலா வளருதம்மா” என்ற வரிகள் எதைக் குறிக்கின்றன?",
    "options": [
      "வயல் வரப்பு",
      "நெற்பயிரின் வளர்ச்சி",
      "மணல் மேடு",
      "விளைச்சல்"
    ],
    "answer": "B",
    "additional_context": "நட்ட நெற்பயிர்கள் வரிசையாக வளர்ந்து செழித்தன. இதைக் குறிப்பிடுவதற்காகப் பாடலில் “சாலுசாலாத் தாளுவிட்டு நாலுநாலா வளருதம்மா” என்று கூறப்பட்டுள்ளது. எனவே, இந்த வரிகள் நெற்பயிரின் வளர்ச்சியைக் குறிக்கின்றன. "
  },
  {
    "description": "“அறுப்பறுக்க ஆளுக்கெல்லாம் ஆளுபணம் கொடுத்துவாரான்” என்ற வரிகள் எதைப் பற்றிக் கூறுகின்றன?",
    "options": [
      "விவசாயி",
      "அறுவடை செய்பவர்கள்",
      "நெல் வாங்கும் வியாபாரி",
      "நில உரிமையாளர்"
    ],
    "answer": "B",
    "additional_context": "அறுவடை செய்யும் ஆட்களுக்குப் பணம் கொடுத்தனர். இதைக் குறிப்பிடுவதற்காகப் பாடலில் “அறுப்பறுக்க ஆளுக்கெல்லாம் ஆளுபணம் கொடுத்துவாரான்” என்று கூறப்பட்டுள்ளது. எனவே, இந்த வரிகள் அறுவடை செய்பவர்களைப் பற்றிக் கூறுகின்றன."
  },
  {
    "description": "“கிழக்கத்தி மாடெல்லாம் கீழே பார்த்து மிதிக்குதையா கால்படவும் கதிருபூரா கழலுதையா மணிமணியா” என்ற வரிகள் எந்த நிகழ்வை விவரிக்கின்றன?",
    "options": [
      "கதிரடித்தல்",
      "நெல் அளவிடுதல்",
      "நெல் உலர்த்தல்",
      "நெல் அரிசி ஆக்குதல்"
    ],
    "answer": "A",
    "additional_context": "கதிரடித்த நெல்தாள்களைக் கிழக்கத்தி மாடுகளைக் கொண்டு மிதிக்கச் செய்தனர். மாடுகள் மிதித்த நெற்கதிர்களில் இருந்து நெல்மணிகள் மணிமணியாய் உதிர்ந்தன. இதைக் குறிப்பிடுவதற்காகப் பாடலில் “கிழக்கத்தி மாடெல்லாம் கீழே பார்த்து மிதிக்குதையா கால்படவும் கதிருபூரா கழலுதையா மணிமணியா” என்று கூறப்பட்டுள்ளது. எனவே, இந்த வரிகள் கதிரடித்தல் நிகழ்வை விவரிக்கின்றன."
  }
]
