[
          
  {
    
          "description": "'வாயும் வயிறும் ஆசையில் விழுந்தால் வாழ்க்கை பாலைவனம்' என்ற வரியில் 'பாலைவனம்' என்பது என்னைக் குறிக்கிறது?",
          "options": [
      "வறட்சி",
      "பயனற்ற தன்மை",
      "துன்பம்",
      "தனிமை"
    ],
    "answer": "B",
    
          "additional_context": "இயேசுநாதர் கூறும் இந்த வரியில்,  வாழ்க்கை என்பது அவர்களின் ஆசையினால்  வறட்சி, துன்பம், தனிமை நிறைந்த பாலைவனம் போல ஆகிவிடும் என்பதை  குறிப்பிடுகிறார்.  ஆசையினால் வாழ்க்கை பயனற்றதாகிவிடும்  என்பதையே இந்த வரி  உணர்த்துகிறது."
          }
        ,
          
  {
    
          "description": "'இவை இல்லாது அமைதிகள் செய்தால் இதயம் மலையளவு' என்ற வரியில் 'மலையளவு' என்பது என்னைக் குறிக்கிறது?",
          "options": [
      "உயரம்",
      "பிரம்மாண்டம்",
      "பெருமை",
      "நிறைவு"
    ],
    "answer": "C",
    
          "additional_context": "அமைதி நிறைந்த மனம் பெரும் மகிழ்ச்சி  அளிக்கும் என்பதை  குறிப்பிடுவதற்காக   இயேசுநாதர்  'மலையளவு'   என்ற சொல்லை பயன்படுத்தியுள்ளார்.  அமைதியான மனம் மிகப்பெரிய  மகிழ்ச்சியை   கொடுக்கும் என்பதை   இது  உணர்த்துகிறது."
          }
        ,
          
  {
    
          "description": "'ஓதும் பொருளாதாரம் தனிலும் உன்னத அறம் வேண்டும் - புவி உயர்வும் தாழ்வும் இல்லா தான வாழ்வினைப் பெற வேண்டும்' என்ற வரிகள் என்னைக் குறிக்கின்றன?",
          "options": [
      "பணத்தின் மதிப்பு",
      "அறத்தின் முக்கியத்துவம்",
      "சமூக நீதி",
      "பொருளாதார வளர்ச்சி"
    ],
    "answer": "C",
    
          "additional_context": "இயேசுநாதர்  பணத்தின் மதிப்பு  மட்டுமின்றி  அறத்தின் முக்கியத்துவத்தையும்   எடுத்துரைத்து,   அனைத்து மக்களுக்கும்  சமமான வாழ்வை   உருவாக்க   வேண்டும்  என்ற   நோக்கத்தை   இந்த வரிகள்   உணர்த்துகின்றன."
          }
        ,
          
  {
    
          "description": "பாடல் வரிகளில் 'சாந்தம்' என்ற சொல் எந்தப் பொருளைப் பெற்று நிற்கிறது?",
          "options": [
      "அமைதி",
      "பலவீனம்",
      "பணிவு",
      "மென்மை"
    ],
    "answer": "A",
    
          "additional_context": "இயேசுநாதர்  'சாந்தம்'  என்ற சொல் மூலம்  உள்ளத்தில்    அமைதி   நிலவ வேண்டும் என்பதை    குறிப்பிடுகிறார்.  மனிதர்கள்   அமைதியாக வாழ்வது   மிகவும்  முக்கியம் என்பதை   இந்த வரிகள்   உணர்த்துகின்றன."
          }
        ,
          
  {
    
          "description": "'இரக்கம் உடையோர் பேறுபெற்றோர்' என்ற வரியில் 'இரக்கம்'  என்பதன் பொருள் என்ன?",
          "options": [
      "கருணை",
      "அன்ப",
      "மன்னிப்பு",
      "பரிவு"
    ],
    "answer": "A",
    
          "additional_context": "மற்றவர்களின் மீது   கருணை   காட்டும்   நல்ல மனம்   உடையவர்கள்   பெரும்   பேறு   பெறுவர்   என்று   இயேசுநாதர்  கூறுகிறார்.   மற்றவர்களின்   துயரங்களை   மனதார   உணர்ந்து   உதவும்   நல்ல   குணம்  மிகவும்   முக்கியம்   என்பதை    இந்த வரிகள்   உணர்த்துகின்றன."
          }
        ]