[
          
  {
    
          "description": "'அன்பு வளர்ந்தேறும் பாஞ்சாலநாட்டில்'  என்ற வரியில் 'பாஞ்சாலநாடு'  என்ற சொல்லைப் பிரித்து எழுதக் கிடைப்பது?",
          "options": [
      "பாஞ்சா + லநாடு",
      "பாஞ்சால + நாடு",
      "பாஞ்சா + நாடு",
      "பாஞ்சால + னாடு"
    ],
    "answer": "B",
    
          "additional_context": "கட்டபொம்மு துரை இருந்த பாஞ்சால நாட்டைப் பற்றி பாடல் எடுத்துக்காட்டுகிறது. இந்தப் பாடலில்,  பாஞ்சால நாட்டின் அழகும்  வளமும் கூறப்படுகிறது. அந்த நாட்டின் இயற்கை அழகும், மக்களின் பண்பும்  பாடலில்  புகழப்படுகிறது.  தமிழர்களின்  அன்பு  வளர்ந்தேறும்  பாஞ்சால நாடு  என்றும்  பாடல்  குறிப்பிடுகிறது."
          }
        ,
          
  {
    
          "description": "கட்டபொம்மு துரை இருந்த அரண்மனையின் வாயில் எப்படி இருந்தது?",
          "options": [
      "அழகு மிகுந்தது",
      "எளிமையானது",
      "பழமையானது",
      "திறந்திருந்தது"
    ],
    "answer": "A",
    
          "additional_context": "கட்டபொம்மு துரை  ஆட்சி செய்த பாஞ்சாலங்குறிச்சியின்  அரண்மனை  அழகு மிகுந்தது  என்று   பாடல்  குறிப்பிடுகிறது.   ராசாதி  ராசன்   அரண்மனையில்  பாஞ்சால  நாட்டரசன்  கொலுவீற்றிருந்தான்  என்று   பாடல்  சொல்கிறது."
          }
        ,
          
  {
    
          "description": "'வீட்டிலுயர் மணிமேடைகளாம்' என்ற வரியின் பொருள் என்ன?",
          "options": [
      "வீட்டில் மணிகளை அணிந்த மேடைகள் இருந்தன",
      "வீட்டில் மிக உயரமான மேடைகள் இருந்தன",
      "வீட்டில் மணிகளால் அழகுபடுத்தப்பட்ட மேடைகள் இருந்தன",
      "வீட்டில் மணி போன்ற மேடைகள் இருந்தன"
    ],
    "answer": "C",
    
          "additional_context": "பாஞ்சாலங்குறிச்சியில்  இருந்த  வீடுகளில்  மணிகளால் அழகுபடுத்தப்பட்ட  மேடைகள் இருந்தன.  அது  பாடலில்,  'வீட்டிலுயர்  மணிமேடைகளாம்'  என்று  சொல்லப்படுகிறது."
          }
        ,
          
  {
    
          "description": "'பசுவும் புலியும் ஒரு துறையில் - வந்து பால்குடிக்குந் தண்ணீர் தான் குடிக்கும்'  என்ற வரியின் பொருள் என்ன?",
          "options": [
      "பசுவும் புலியும் ஒரே இடத்தில் தண்ணீர் குடித்தன",
      "பசுவும் புலியும் தண்ணீர் குடித்தன",
      "பசு பாலும் புலி தண்ணீரும் குடித்தன",
      "பசுவும் புலியும் ஒரு துறையில் சந்தித்தன"
    ],
    "answer": "A",
    
          "additional_context": "பாஞ்சாலங்குறிச்சியில்   பசுவும், புலியும்  ஒரு   துறையில்  சந்தித்து  தண்ணீர்  குடித்தன  என்று  பாடல்   சொல்கிறது."
          }
        ,
          
  {
    
          "description": "'சோலையில் மாங்குயில் கூப்பிடுமாம்'  என்ற வரியில் 'சோலை' என்ற சொல்லுக்கு என்ன பொருள்?",
          "options": [
      "வயல்",
      "காடு",
      "தோப்பு",
      "குளம்"
    ],
    "answer": "B",
    
          "additional_context": "பாஞ்சாலங்குறிச்சியில்   காடுகள்  இருந்தன.   காடுகளில்  குயில்கள்  கூவின  என்று  பாடல்  சொல்கிறது."
          }
        ]