
[
  {
    "description": "'மா' என்னும் எழுத்தில் தொடங்கும் சொல் இரண்டு பொருள் கொண்டது. ஒன்று கதிரவன் மறையும் நேரம், மற்றொன்று?",
    "options": [
      "a) மாலை நேரம்",
      "b) மாலைப் பொழுது",
      "c) மாலை மலர்",
      "d) மாலை நட்சத்திரம்"
    ],
    "answer": "a",
    "additional_context": "கதிரவன் மறையும் நேரத்தை 'மாலை நேரம்' என்று சொல்லுவோம்.  இது தவிர, 'மா' என்ற எழுத்தில் தொடங்கும் பல சொற்கள் உள்ளன.  அவற்றில் இரண்டாவது பொருளைக் கொண்ட சொல் 'மாலை நேரம்' மட்டுமே.  எனவே சரியான விடை 'a' ஆகும்."
  },
  {
    "description": "கடல்சார் தொழில்நுட்பத்துடன் தொடர்புடைய இரண்டு சொற்களை மேற்கண்ட பட்டியலில் இருந்து தேர்ந்தெடு.",
    "options": [
      "a) கலங்கரை விளக்கம் & துறைமுகம்",
      "b) கலங்கரை விளக்கம் & கப்பல் தொழில்நுட்பம்",
      "c) கப்பல் தொழில்நுட்பம் & துறைமுகம்",
      "d) கப்பல் தொழில்நுட்பம் & பெருங்கடல்"
    ],
    "answer": "a",
    "additional_context": "'கலங்கரை விளக்கம்' கடலில் செல்லும் கப்பல்களுக்கு வழி காட்டுவதற்காக கடற்கரையில் அமைக்கப்படுகிறது.  'துறைமுகம்' என்பது கப்பல்கள் நங்கூரமிடுவதற்காக அமைக்கப்பட்டுள்ள இடம்.  இவை இரண்டும் கடல்சார் தொழில்நுட்பத்துடன் தொடர்புடையவை.  எனவே சரியான விடை 'a' ஆகும்."
  },
  {
    "description": "“மாத்திரை” என்ற சொல் எதை குறிக்கிறது?",
    "options": [
      "a)  ஒரு எழுத்தை ஒலிக்க ஆகும் நேரம்",
      "b)  ஒரு சொல்லை உச்சரிக்க ஆகும் நேரம்",
      "c)  ஒரு வாக்கியத்தைப் படிக்க ஆகும் நேரம்",
      "d)  ஒரு பாடலைப் பாடுவதற்கான கால அளவு"
    ],
    "answer": "a",
    "additional_context": "'மாத்திரை' என்பது ஒரு எழுத்தை ஒலிக்க ஆகும் நேரத்தை குறிக்கிறது.  உதாரணமாக, 'அ' என்ற எழுத்தை ஒலிக்க ஒரு குறிப்பிட்ட நேரம் எடுக்கும்.  அந்த நேரத்தையே 'அ' என்ற எழுத்தின் மாத்திரை என்கிறோம்.  எனவே சரியான விடை 'a' ஆகும்."
  },
  {
    "description": "இந்தியக் கப்பற்படையில் உள்ள போர்க்கப்பல்கள் பற்றிய தகவல்களை எங்கு  காணலாம்?",
    "options": [
      "a)  நூலகத்தில்",
      "b)  பள்ளிக் கூடத்தில்",
      "c)  இணையத்தில்",
      "d)  செய்தித்தாள்களில்"
    ],
    "answer": "c",
    "additional_context": "இந்தியக் கப்பற்படையில் உள்ள போர்க்கப்பல்கள் பற்றிய தகவல்களை இணையத்தில் எளிதாகக் காணலாம்.  இணையத்தில் பல இணையதளங்கள் இந்த தகவல்களை வழங்குகின்றன.  எனவே சரியான விடை 'c' ஆகும்."
  },
  {
    "description": "“மா” என்ற எழுத்தில் தொடங்கும் சொற்களைக் கொண்டு, கடல் மற்றும் கடற்கரையின் தூய்மைக்கான பொறுப்பைப் பற்றிய குறிப்பைத் தேர்ந்தெடுக்கவும்:",
    "options": [
      "'கடல் மற்றும் கடற்கரையின் தூய்மை காப்பேன்.'",
      "'மாலை நேரத்தில் கடற்கரையில் நடைபயிற்சி செய்வேன்.'",
      "'மாநாட்டில் கடல்வாழ் உயிரினங்களைப் பற்றி விவாதிக்க வேண்டும்.'",
      "'மாம்பழம் சாப்பிட்டு கடற்கரையை சுத்தம் செய்வேன்.'"
    ],
    "answer": "A",
    "additional_context": "கடல் மற்றும் கடற்கரையின் தூய்மை காப்பது நம் ஒவ்வொருவரின் கடமை.  'மா' என்ற எழுத்தில் தொடங்கும் சொற்களைப் பயன்படுத்தி, கடல் மற்றும் கடற்கரையின் தூய்மைக்கான பொறுப்பைப் பற்றி  'கடல் மற்றும் கடற்கரையின் தூய்மை காப்பேன்.'  என்று கூறலாம்.  எனவே சரியான விடை 'A' ஆகும்."
  }
]
