
[
  {
    "description": "கீழ்க்கண்டவற்றுள் எது 'நெடில்தொடர்க் குற்றியலுகரம்' எனப்படும்?",
    "options": [
      "காசு",
      "எஃகு",
      "பாடு",
      "பந்து"
    ],
    "answer": "C",
    "additional_context": "தனி நெடிலைத் தொடர்ந்து வரும் குற்றியலுகரம் 'நெடில் தொடர்க் குற்றியலுகரம்' எனப்படும். இவை ஈரெழுத்துச் சொற்களாக மட்டும் அமையும். (எ.கா.) பாகு, மாசு, பாடு, காது, ஆறு ."
  },
  {
    "description": "'உயிர்த்தொடர்க் குற்றியலுகரம்' எந்த மெய் எழுத்தைத் தொடர்ந்து வருகிறது?",
    "options": [
      "வல்லின மெய் எழுத்து",
      "மெல்லின மெய் எழுத்து",
      "இடையின மெய் எழுத்து",
      "தனி உயிர் எழுத்து"
    ],
    "answer": "D",
    "additional_context": "தனிநெடில் அல்லாத உயிர்மெய் எழுத்தைத் தொடர்ந்து வரும் குற்றியலுகரம் 'உயிர்த்தொடர்க் குற்றியலுகரம்' எனப்படும். (எ.கா.) அரசு (ர = ர் + அ) கயிறு ( = ພໍ + 2) ஒன்பது (ப= ப்+அ) வரலாறு (லா = ல் + ஆ)"
  },
  {
    "description": "'குற்றியலிகரம்' இடம்பெறும் சொற்கள் எந்த வகை சொற்களைத் தொடர்ந்து வருகின்றன?",
    "options": [
      "'ய' என்னும் எழுத்தைக் கொண்ட சொற்கள்",
      "'க்' என்னும் எழுத்தைக் கொண்ட சொற்கள்",
      "'மியா' என்னும் அசைச்சொல்",
      "'மெய்' என்னும் எழுத்தைக் கொண்ட சொற்கள்"
    ],
    "answer": "A",
    "additional_context": "குற்றியலுகரச் சொற்களைத் தொடர்ந்து யகரத்தை முதல் எழுத்தாகக் கொண்ட சொற்கள் வரும்போது குற்றியலுகரத்தில் உள்ள உகரம் இகரமாக மாறும். அந்த இகரம் தனக்குரிய ஒரு மாத்திரை அளவிலிருந்து அரை மாத்திரை அளவாகக் குறைந்து ஒலிக்கும். (எ.கா.) கொக்கு + யாது = கொக்கியாது"
  },
  {
    "description": "'கோபு' என்னும் சொல்லில் எந்த வகைக் குற்றியலுகரம் உள்ளது?",
    "options": [
      "வன்தொடர்க் குற்றியலுகரம்",
      "மென்தொடர்க் குற்றியலுகரம்",
      "இடைத்தொடர்க் குற்றியலுகரம்",
      "நெடில்தொடர்க் குற்றியலுகரம்"
    ],
    "answer": "A",
    "additional_context": "வல்லின (க், ச், ட், த், ப், ற்) மெய் எழுத்துகளைத் தொடர்ந்து வரும் குற்றியலுகரம் 'வன்தொடர்க் குற்றியலுகரம்' எனப்படும். (எ.கா) பாக்கு, பேச்சு, பாட்டு, பத்து, உப்பு, பற்று"
  },
  {
    "description": "கீழ்க்கண்டவற்றுள் எது குற்றியலிகரம் இடம்பெறும் சொல்?",
    "options": [
      "கொக்கியாது",
      "நாடியாது",
      "தோப் பியாது",
      "எனப்படுவதியாது"
    ],
    "answer": "D",
    "additional_context": "'மியா' என்பது ஓர் அசைச்சொல் (ஓசை நயத்திற்காக வருவது). இதில் 'I' யில் (I = ம் + இ) உள்ள இகரம் குற்றியலிகரம் ஆகும். இது சொற்களில் இடம்பெறும் போது தனக்குரிய மாத்திரை அளவிலிருந்து குறைந்து ஒலிக்கும். (எ.கா.) கேள் + மியா = கேண்மியா செல் + மியா = சென்மியா"
  }
]
