
[
  {
    "description": "காளமேகப்புலவரின் இயற்பெயர் _______.",
    "options": [
      "அ) கார்த்திகேயன்",
      "ஆ) வரதன்",
      "இ) சங்கரன்",
      "ஈ) ராமன்"
    ],
    "answer": [
      "B"
    ],
    "additional_context": "காளமேகப்புலவர், கவிதைகளை விரைந்து பாடியதால் அவர் காளமேகப்புலவர் என்று அழைக்கப்பட்டார்.  அவர் திருவானைக்கா உலா, சரசுவதி மாலை, பரபிரம்ம விளக்கம், சித்திர மடல் ஆகிய நூல்களை எழுதியுள்ளார். இவரது தனிப்பாடல்கள் தனிப்பாடல் திரட்டு என்னும் நூலில் இடம் பெற்றுள்ளன."
  },
  {
    "description": "காளமேகப்புலவர் எழுதிய நூல்களில் _____________ நூல் இடம் பெற்றுள்ளது.",
    "options": [
      "அ) திருக்குறள்",
      "ஆ) கம்பராமாயணம்",
      "இ) சித்திர மடல்",
      "ஈ) நாலாயிர திவ்ய பிரபந்தம்"
    ],
    "answer": [
      "C"
    ],
    "additional_context": "காளமேகப்புலவர், கவிதைகளை விரைந்து பாடியதால் அவர் காளமேகப்புலவர் என்று அழைக்கப்பட்டார்.  அவர் திருவானைக்கா உலா, சரசுவதி மாலை, பரபிரம்ம விளக்கம், சித்திர மடல் ஆகிய நூல்களை எழுதியுள்ளார். இவரது தனிப்பாடல்கள் தனிப்பாடல் திரட்டு என்னும் நூலில் இடம் பெற்றுள்ளன."
  },
  {
    "description": "“முட்டப்போய்” என்ற சொல் ______________ என்று பொருள்படும்.",
    "options": [
      "அ) துயரப்பட்டு",
      "ஆ) முழுதாகச் சென்று",
      "இ) தடுமாறி",
      "ஈ) இழந்து"
    ],
    "answer": [
      "B"
    ],
    "additional_context": "இந்தப் பாடலில்  'முட்டப்போய்' என்ற சொல் 'முழுதாகச் சென்று' எனும் பொருளைத் தருகிறது.  இதனை 'முழுதாகச் சென்று' என்பதோடு 'எதிரிகளை மறித்தல்' எனும் பொருளையும் குறிக்கிறது.   குதிரையின் காலால் மறிக்கப்பட்டு எதிரி முழுதாகச் சென்றுவிடுவது போல,  மண்ணை வெட்டித் தடுத்துப் பாத்தி கட்டப்பட்டு, நீர் முழுதாகச் சென்றுவிடுவது போல் இப்பாடலில் 'முட்டப்போய்' என்ற சொல் பயன்படுத்தப்பட்டுள்ளது."
  },
  {
    "description": "இந்தப் பாடல் பகுதியில் குறிப்பிடப்படும் 'மேன்மையால்' என்பது எதற்கான குறிப்பாகும்?",
    "options": [
      "கீரைப் பாத்தியின் வளம்",
      "குதிரையின் வேகம்",
      "கீரைப் பாத்தியின் மண் கட்டிகளை அடித்துத் தூளாக்குதல்",
      "எதிரிகளைத் தடுத்துத் தாக்குதல்"
    ],
    "answer": [
      "D"
    ],
    "additional_context": "இந்தப் பாடலில் 'மேன்மையால்' என்பது 'எதிரிகளைத் தடுத்துத் தாக்குதல்' எனும் பொருளைத் தருகிறது.  இதனை  'மண்ணை வெட்டித் தடுத்துப் பாத்தி கட்டுதல்'  எனும் பொருளையும் குறிக்கிறது.   எதிரிகளைத் தடுத்துத் தாக்குவது போல,   மண்ணை வெட்டித் தடுத்துப் பாத்தி கட்டுதல் எனும் செயல் இப்பாடலில் 'மேன்மையால்' என்ற சொல் மூலம் குறிப்பிடப்பட்டுள்ளது."
  },
  {
    "description": "மேலே உள்ள பகுதியில் 'கால்மாறிப் பாய்கையால்' என்ற தொடர் குறிப்பிடுவது எதனை?",
    "options": [
      "கீரைப் பாத்தியில் நீர் பாய்ச்சுவது",
      "குதிரையின் ஓட்டம்",
      "மண் வெட்டிப் பாத்தி அமைப்பது",
      "எதிரிகளை மறிப்பது"
    ],
    "answer": [
      "B"
    ],
    "additional_context": "இந்தப் பாடலில் 'கால்மாறிப் பாய்கையால்' என்ற தொடர் 'குதிரையின் ஓட்டம்'  எனும் பொருளைத் தருகிறது.   இதனை  'வண்டிகளில் கட்டி அடித்து ஓட்டப்படும்'  எனும் பொருளையும் குறிக்கிறது.   குதிரையின் கால் மாறி மாறிப் பாய்ந்து ஓடுவது போல,   வண்டிகளில் கட்டி அடித்து ஓட்டப்படும் எனும் செயல் இப்பாடலில் 'கால்மாறிப் பாய்கையால்' என்ற சொல் மூலம் குறிப்பிடப்பட்டுள்ளது."
  }
]
