[
          
  {
    
          "description": "'சொல்லி மயில் விளையாடிடுமாம்'  என்ற வரியில் 'சொல்லி' என்ற சொல்லுக்கு என்ன பொருள்?",
          "options": [
      "கூறி",
      "சிரித்து",
      "நடந்து",
      "பறந்து"
    ],
    "answer": "A",
    
          "additional_context": "இந்த வரி பாஞ்சாலங்குறிச்சி நாட்டின் வளத்தைப் பற்றிப் பேசுகிறது. நாட்டுப் பறவையான மயில் எப்படி விளையாடுகிறது என்பதைப் பற்றிப் பாடுகிறது. மயில் விளையாடும் போது நாட்டின் வளத்தைப் பற்றிக் கூறுகிறது என்று பொருள்.  இந்த பாடலில் உள்ள  'சொல்லி' என்ற சொல்லுக்கு  'கூறி'  என்ற பொருள் உண்டு. இது நாம் அனைவரும் அறிந்த 'சொல்லு' என்ற வினைச்சொல்லில் இருந்து வந்தது.  இந்த பாடலில் 'சொல்லி'  என்ற சொல்லுக்கு  'பறந்து' என்ற பொருள் எதுவும் பொருந்தாது."
          }
        ,
          
  {
    
          "description": "'வரந்தருவாளே சக்க தேவி' என்ற வரியில் 'வரம்' என்ற சொல்லுக்கு என்ன பொருள்?",
          "options": [
      "பரிசு",
      "கொடை",
      "அருள்",
      "வாழ்த்து"
    ],
    "answer": "C",
    
          "additional_context": "பாஞ்சாலங்குறிச்சி நாட்டின்  அதிபதியாக இருந்த கட்டபொம்மனின் அருள்மிகு  'சக்க தேவி' கடவுள் பற்றிய பாடல் இது. 'வரம்'  என்ற சொல்லுக்கு  'அருள்'  என்ற பொருள் உண்டு.  இது இறைவன் தன் பக்தர்களுக்கு அருள் புரிவதைக் குறிக்கும்.  'சக்க தேவி'  என்றது  கடவுள் பெயர்.  'சக்க தேவி'  என்ற பெயர்  'சக்கரத்தேவி' என்பதிலிருந்து வந்தது.   'சக்கரத்தேவி' என்றால் சக்கரம்  என்றும், 'தேவி'  என்றால்  தேவதை  என்றும் பொருள்."
          }
        ,
          
  {
    
          "description": "'வீடுகளா மதிலோடை களாம்'  என்ற வரியில் 'மதிலோடை' என்ற சொல்லுக்கு என்ன பொருள்?",
          "options": [
      "மதில் உள்ளே",
      "மதில் வெளியே",
      "மதிலால் சூழப்பட்ட",
      "மதிலுக்கு அருகில்"
    ],
    "answer": "C",
    
          "additional_context": "இந்த வரியில்  பாஞ்சாலங்குறிச்சி நாட்டின் வீடுகள் மிகவும் வலுவாகக் கட்டப்பட்டிருப்பதைக் குறிப்பிடுகிறது.   'மதிலோடை'  என்ற சொல்  'மதிலால் சூழப்பட்ட'  என்ற பொருளைத் தரும்.  மதில் என்பது  கோட்டைகளில்  கட்டப்படும்  சுவரை  குறிக்கும்.   'மதிலோடை'  என்ற  சொல்   'மதிலால்  சூழப்பட்ட  கோட்டை'   என்ற  பொருளை  தரும்.  இந்த பாடலில்  கட்டபொம்மன்  அரசாட்சி  செய்த   பாஞ்சாலங்குறிச்சி நாட்டில்  உள்ள  வீடுகள் எல்லாம்  மதிலால் சூழப்பட்டிருந்தன என்பது  இந்த வரியில்  தெளிவாகத் தெரிகிறது."
          }
        ,
          
  {
    
          "description": "'நந்தவனங்களும் சந்தனச் சோலையும்'  என்ற வரியில் 'நந்தவனம்'  என்ற சொல்லுக்கு என்ன பொருள்?",
          "options": [
      "பூந்தோட்டம்",
      "தென்னை தோப்பு",
      "காடு",
      "குளம்"
    ],
    "answer": "A",
    
          "additional_context": "இந்த வரியில்  பாஞ்சாலங்குறிச்சி நாட்டின்  அழகைக்  குறிப்பிடுகிறது.   'நந்தவனம்'  என்ற  சொல்  'பூந்தோட்டம்'  என்ற  பொருளைத்  தரும்.  நந்தவனம் என்பது பலவித மலர்கள், மரங்கள்,  செடிகள்,  தாவரங்கள் உள்ள  பகுதி.  இது  மிகவும்  அழகான  இடமாகும்.  இந்த  பாடலில்  'நந்தவனம்'  என்ற  சொல்   'பூந்தோட்டம்'  என்ற  பொருளில்   'நந்தவனங்களும்  சந்தனச்  சோலையும்'  என்ற  வரியில்  பாஞ்சாலங்குறிச்சி  நாட்டில்  பூந்தோட்டங்கள்  நிறைந்திருந்தன என்பதைத்  தெளிவாகத்  தெரிவிக்கிறது."
          }
        ,
          
  {
    
          "description": "'சொக்கட்டான் சாரியல்ஓர் புறமாம்'  என்ற வரியில் 'சாரியல்'  என்ற சொல்லுக்கு என்ன பொருள்?",
          "options": [
      "நடைபாதை",
      "வீதி",
      "சந்தை",
      "தெரு"
    ],
    "answer": "A",
    
          "additional_context": "இந்த வரியில் பாஞ்சாலங்குறிச்சி நாட்டில் மக்கள் நடமாடுவதற்கு  'சாரியல்'  என்று  ஒரு  பாதை  இருந்ததைக்  குறிப்பிடுகிறது.   'சாரியல்'  என்ற  சொல்  'நடைபாதை'   என்ற  பொருளைத்  தரும்.  சாரியல்  என்பது  மக்கள்  நடமாடுவதற்காக  குறிப்பிட்ட  ஒரு  பாதை.  இந்த பாடலில் 'சாரியல்'  என்ற  சொல்   'சொக்கட்டான் சாரியல்ஓர் புறமாம்' என்ற வரியில் பாஞ்சாலங்குறிச்சி நாட்டில் மக்கள் நடமாடுவதற்காக  ஒரு  நடைபாதை  இருந்ததைக்  குறிப்பிடுகிறது."
          }
        ]