
[
  {
    "description": "“புதுநடை போடுமடீ – கிளியே”  என்ற வரியில் “புதுநடை”  என்பது எதனை  குறிக்கிறது?",
    "options": [
      "யானையின் நடை",
      "சிங்கத்தின் நடை",
      "புலியின் நடை",
      "நரியின் நடை"
    ],
    "answer": "A",
    "additional_context": "இந்தப் பாடலில் காட்டில் நடக்கும் காட்சிகளைப் பற்றி சொல்லப்படுகிறது. அதிமதுரமான தழையை யானைகள் தின்றபடி புதிய நடை போடுவதாக  சொல்லப்படுகிறது."
  },
  {
    "description": "“சிங்கம் புலிகரடி”  என்ற வரியில் குறிப்பிடப்படும்  விலங்குகளின் செயல் என்ன?",
    "options": [
      "காட்டில் அலைந்து திரிதல்",
      "மரங்களில் ஏறி விளையாடுதல்",
      "காட்டின் அழகைக் காணுதல்",
      "மற்ற விலங்குகளை வேட்டையாடுதல்"
    ],
    "answer": "A",
    "additional_context": "காட்டில் நடக்கும் காட்சிகளைப் பற்றி சொல்லப்படுகிறது.  இயற்கை விடுதியிலே சிங்கம், புலி, கரடி, சிறுத்தை போன்ற விலங்கினங்கள் எங்கும் அலைந்து திரிவதாக  சொல்லப்படுகிறது."
  },
  {
    "description": "“இயற்கை விடுதியிலே”  என்ற வரியில்  “இயற்கை விடுதி”  என்பது எதனை  குறிக்கிறது?",
    "options": [
      "காடு",
      "கடல்",
      "மலை",
      "நதி"
    ],
    "answer": "A",
    "additional_context": "இந்த வரியில் காடுதான் இயற்கை விடுதி என்று குறிப்பிடப்படுகிறது. காடு, கடல், மலை,  நதி எல்லாம் இயற்கைக்கு சொந்தமானவை.  விலங்குகள் எல்லாம் காட்டில் வசிப்பதால் காடு இயற்கை விடுதி போல இருக்கிறது."
  },
  {
    "description": "“கிளிக்கண்ணிப்”  பாடல் வகை எதற்கு உவமையாகும்?",
    "options": [
      "கிளியின் அழகு ",
      "கிளியின் பேச்சு ",
      "கிளியின் பறத்தல் ",
      "கிளியின் நிறம்"
    ],
    "answer": "B",
    "additional_context": "கிளிக்கண்ணிப் பாடல் வகை கிளியின் பேச்சுக்கு உவமையாகும். கிளியின் பேச்சு மென்மையாக இருக்கும். அதுபோல் இந்தப் பாடலும் மெதுவாக இனிமையாக இருக்கும்."
  },
  {
    "description": "“கவிதைப்பேழை”  என்ற வார்த்தை எதற்கு உவமையாகும்?",
    "options": [
      "கவிதைகளின் தொகுப்பு ",
      "கவிதைகளின் இடம்",
      "கவிஞர்களின் கூட்டம் ",
      "கவிதைகளின் மதிப்பு "
    ],
    "answer": "A",
    "additional_context": "கவிதைப்பேழை என்பது ஒரு தொகுப்பை குறிக்கும். பேழையில் பொருட்கள் இருப்பது போல  இதில் பல கவிதைகள் இருக்கும்."
  }
]
