[
          
  {
    
          "description": "“மலர் போன்ற முகம்” என்ற உவமையை உருவகமாக மாற்றினால் எப்படி இருக்கும்?",
          "options": [
      "முகமலர்",
      "மலர் முகம்",
      "முகம் போன்ற மலர்",
      "மலர் முகம் போல்"
    ],
    "answer": "A",
    
          "additional_context": "ஒரு பொருளை விளக்க மற்றொரு பொருளை உவமையாகக் கூறுவது உவமை அணி என முன்னர்க் கற்றோம். உவமை வேறு உவமிக்கப்படும் பொருள் வேறு என்று இல்லாமல் இரண்டும் ஒன்றே என்பது தோன்றும்படி கூறுவது உருவக அணியாகும். இதில் உவமிக்கப்படும் பொருள் முன்னும் உவமை பின்னுமாக அமையும்.\n\n'தேன் போன்ற தமிழ்' என்று கூறுவது உவமை ஆகும். தமிழாகிய தேன் என்னும் பொருளில் 'தமிழ்த்தேன்' என்று கூறுவது உருவகம் ஆகும். வெள்ளம் போன்ற இன்பத்தை 'இன்ப வெள்ளம்' என்று கூறுவதும் கடல் போன்ற துன்பத்தைத் 'துன்பக்கடல்' என்று கூறுவதும் உருவகம் ஆகும்."
          }
        ,
          
  {
    
          "description": "“இனிமை” என்ற சொல்லை வினைச்சொல்லாகப் பயன்படுத்தித் தொடர் எழுதுக.",
          "options": [
      "இனிமை தருகிறது.",
      "இனிமை மிகுந்தது.",
      "இனிமை இல்லாமல் போய்விட்டது.",
      "இனிமை நிறைந்தது."
    ],
    "answer": "A",
    
          "additional_context": "ஒரு பொருளை விளக்க மற்றொரு பொருளை உவமையாகக் கூறுவது உவமை அணி என முன்னர்க் கற்றோம். உவமை வேறு உவமிக்கப்படும் பொருள் வேறு என்று இல்லாமல் இரண்டும் ஒன்றே என்பது தோன்றும்படி கூறுவது உருவக அணியாகும். இதில் உவமிக்கப்படும் பொருள் முன்னும் உவமை பின்னுமாக அமையும்.\n\n'தேன் போன்ற தமிழ்' என்று கூறுவது உவமை ஆகும். தமிழாகிய தேன் என்னும் பொருளில் 'தமிழ்த்தேன்' என்று கூறுவது உருவகம் ஆகும். வெள்ளம் போன்ற இன்பத்தை 'இன்ப வெள்ளம்' என்று கூறுவதும் கடல் போன்ற துன்பத்தைத் 'துன்பக்கடல்' என்று கூறுவதும் உருவகம் ஆகும்."
          }
        ,
          
  {
    
          "description": "“நாடு” என்ற சொல்லை பெயர்ச்சொல்லாகப் பயன்படுத்தித் தொடர் எழுதுக.",
          "options": [
      "நாடு விடுதலை அடைந்தது.",
      "நாடு  நல்லது.",
      "நாடு  சிறந்தது.",
      "நாடு  மகிழ்ச்சியானது."
    ],
    "answer": "A",
    
          "additional_context": "ஒரு பொருளை விளக்க மற்றொரு பொருளை உவமையாகக் கூறுவது உவமை அணி என முன்னர்க் கற்றோம். உவமை வேறு உவமிக்கப்படும் பொருள் வேறு என்று இல்லாமல் இரண்டும் ஒன்றே என்பது தோன்றும்படி கூறுவது உருவக அணியாகும். இதில் உவமிக்கப்படும் பொருள் முன்னும் உவமை பின்னுமாக அமையும்.\n\n'தேன் போன்ற தமிழ்' என்று கூறுவது உவமை ஆகும். தமிழாகிய தேன் என்னும் பொருளில் 'தமிழ்த்தேன்' என்று கூறுவது உருவகம் ஆகும். வெள்ளம் போன்ற இன்பத்தை 'இன்ப வெள்ளம்' என்று கூறுவதும் கடல் போன்ற துன்பத்தைத் 'துன்பக்கடல்' என்று கூறுவதும் உருவகம் ஆகும்."
          }
        ,
          
  {
    
          "description": "'இன்ப வெள்ளம்' என்ற தொடரில் எந்த அணி பயன்படுத்தப்பட்டுள்ளது?",
          "options": [
      "உவமை அணி",
      "உருவக அணி",
      "ஏகதேச உருவக அணி",
      "எதுவும் இல்லை"
    ],
    "answer": "B",
    
          "additional_context": "ஒரு பொருளை விளக்க மற்றொரு பொருளை உவமையாகக் கூறுவது உவமை அணி என முன்னர்க் கற்றோம். உவமை வேறு உவமிக்கப்படும் பொருள் வேறு என்று இல்லாமல் இரண்டும் ஒன்றே என்பது தோன்றும்படி கூறுவது உருவக அணியாகும். இதில் உவமிக்கப்படும் பொருள் முன்னும் உவமை பின்னுமாக அமையும்.\n\n'தேன் போன்ற தமிழ்' என்று கூறுவது உவமை ஆகும். தமிழாகிய தேன் என்னும் பொருளில் 'தமிழ்த்தேன்' என்று கூறுவது உருவகம் ஆகும். வெள்ளம் போன்ற இன்பத்தை 'இன்ப வெள்ளம்' என்று கூறுவதும் கடல் போன்ற துன்பத்தைத் 'துன்பக்கடல்' என்று கூறுவதும் உருவகம் ஆகும்."
          }
        ,
          
  {
    
          "description": "'வையம் தகளியா வார்கடலே நெய்யாக வெய்ய கதிரோன் விளக்காகச் – செய்ய சுடர்ஆழியான் அடிக்கே சூட்டினேன் சொல்மாலை இடர்ஆழி நீங்குகவே என்று'  என்ற பாடலில் எத்தனை பொருட்கள் உருவகப்படுத்தப்பட்டுள்ளன?",
          "options": [
      "இரண்டு",
      "மூன்று",
      "நான்கு",
      "ஐந்து"
    ],
    "answer": "C",
    
          "additional_context": "ஒரு பொருளை விளக்க மற்றொரு பொருளை உவமையாகக் கூறுவது உவமை அணி என முன்னர்க் கற்றோம். உவமை வேறு உவமிக்கப்படும் பொருள் வேறு என்று இல்லாமல் இரண்டும் ஒன்றே என்பது தோன்றும்படி கூறுவது உருவக அணியாகும். இதில் உவமிக்கப்படும் பொருள் முன்னும் உவமை பின்னுமாக அமையும்.\n\n'தேன் போன்ற தமிழ்' என்று கூறுவது உவமை ஆகும். தமிழாகிய தேன் என்னும் பொருளில் 'தமிழ்த்தேன்' என்று கூறுவது உருவகம் ஆகும். வெள்ளம் போன்ற இன்பத்தை 'இன்ப வெள்ளம்' என்று கூறுவதும் கடல் போன்ற துன்பத்தைத் 'துன்பக்கடல்' என்று கூறுவதும் உருவகம் ஆகும்.\n\nஇப்பாடலில் பூமி அகல்விளக்காகவும், கடல் நெய்யாகவும், கதிரவன் சுடராகவும் உருவகப்படுத்தப்பட்டு உள்ளன. எனவே, இப்பாடல் உருவக அணி அமைந்ததாகும்."
          }
        ]