
[
  {
    "description": "மருதன் இளநாகனார் எந்தத் திணைப் பாடல்களில் வல்லவர்?",
    "options": [
      "அ)  நெய்தல்",
      "ஆ)  குறிஞ்சி ",
      "இ)  மருதம்",
      "ஈ)  பாலை"
    ],
    "answer": [
      "C"
    ],
    "additional_context": "மருதன் இளநாகனார் சங்ககாலப் புலவர்களுள் ஒருவர். கலித்தொகையின் மருதத்திணையில் உள்ள முப்பத்து ஐந்து பாடல்களையும் பாடியவர் இவரே. மருதத்திணை பாடுவதில் வல்லவர் என்பதால் மருதன் இளநாகனார் என அழைக்கப்படுகிறார்."
  },
  {
    "description": "அகநானூறு என்னும் நூல் எந்த எட்டுத்தொகை நூல்களுள் ஒன்று?",
    "options": [
      "அ)  நற்றிணை",
      "ஆ)  குறுந்தொகை",
      "இ)  பதிற்றுப்பத்து",
      "ஈ)  அகநானூறு"
    ],
    "answer": [
      "D"
    ],
    "additional_context": "அகநானூறு எட்டுத்தொகை நூல்களுள் ஒன்று. புலவர் பலரால் பாடப்பட்ட நானூறு பாடல்களைக் கொண்டது. இந்நூலினை நெடுந்தொகை என்றும் அழைப்பர். இந்நூலின் 255 ஆம் பாடல் இங்குத் தரப்பட்டுள்ளது."
  },
  {
    "description": "மருதன் இளநாகனார் எந்தத் திணைப் பாடல்களில் வல்லவர்?",
    "options": [
      "அ) பாடல்கள்",
      "ஆ) மருதம்",
      "இ) கலி",
      "ஈ) அகத்திணை"
    ],
    "answer": [
      "D"
    ],
    "additional_context": "மருதன் இளநாகனார் சங்ககாலப் புலவர்களுள் ஒருவர். கலித்தொகையின் மருதத்திணையில் உள்ள முப்பத்து ஐந்து பாடல்களையும் பாடியவர் இவரே. மருதத்திணை பாடுவதில் வல்லவர் என்பதால் மருதன் இளநாகனார் என அழைக்கப்படுகிறார்."
  },
  {
    "description": "\"கோடுஉயர் திணிமணல் அகன்துறை\" - இந்த வரிகளில் \"திணிமணல்\" என்ற சொல்லின் பொருள் என்ன?",
    "options": [
      "அ) மணல் நிறைந்த",
      "ஆ) உயர்ந்த கரை",
      "இ) மணலில் புதைந்த",
      "ஈ) துறைமுகம்"
    ],
    "answer": [
      "A"
    ],
    "additional_context": "உலகுகிளர்ந் தன்ன உருகெழு வங்கம்\nபுலவுத்திரைப் பெருங்கடல் நீர்இடைப் போழ\nஇரவும் எல்லையும் அசைவுஇன்று ஆகி\nவிரைசெலல் இயற்கை வங்கூழ் ஆட்ட\nகோடுஉயர் திணிமணல் அகன்துறை நீகான்\nமாட ஒள்ளரி மருங்குஅறிந்து ஒய்ய\n\n\nமருதன் இளநாகனார்\n\n\n"
  },
  {
    "description": "\"இரவும் எல்லையும் அசைவுஇன்று ஆகி\" - இந்த வரிகளில் \"எல்லை\" என்பது எதை குறிக்கிறது?",
    "options": [
      "அ) கடல்",
      "ஆ) நாவாய்",
      "இ) நிலம்",
      "ஈ) காற்று"
    ],
    "answer": [
      "D"
    ],
    "additional_context": "உலகுகிளர்ந் தன்ன உருகெழு வங்கம்\nபுலவுத்திரைப் பெருங்கடல் நீர்இடைப் போழ\nஇரவும் எல்லையும் அசைவுஇன்று ஆகி\nவிரைசெலல் இயற்கை வங்கூழ் ஆட்ட\nகோடுஉயர் திணிமணல் அகன்துறை நீகான்\nமாட ஒள்ளரி மருங்குஅறிந்து ஒய்ய\n\n\nமருதன் இளநாகனார்\n\n\n"
  }
]
