
[
  {
    "description": "காட்டின் வளமே ____  வளம்.",
    "options": [
      "அ) நாட்டின்",
      "ஆ) கடலின்",
      "இ) வானின்",
      "ஈ) மண்ணின்"
    ],
    "answer": [
      "A"
    ],
    "additional_context": "காடு, கடல் இரண்டும் மனிதர்களுக்கு இன்பம் தருபவை. ஒரு நாட்டின் வளம், அந்நாட்டின் மொத்த நிலப்பரப்பில் அமைந்துள்ள காடுகளின் அளவைப் பொருத்தே மதிப்பிடப்படுகிறது. அதனால்தான் 'காட்டின் வளமே நாட்டின் வளம்' என்று அறிஞர்கள் கூறுகின்றனர்."
  },
  {
    "description": "காட்டில் பூத்திருக்கும் மலர்களை ____  கண்டு மகிழ்கின்றன.",
    "options": [
      "அ) மயில்கள்",
      "ஆ) குரங்குகள்",
      "இ) யானைகள்",
      "ஈ) பன்றிகள்"
    ],
    "answer": [
      "A"
    ],
    "additional_context": "கார்த்திகை தீபம் போலக் காடு முழுவதும் மலர்கள் மலர்ந்திருக்கும். அவற்றைக் காணும் கண்கள் குளிர்ச்சி பெறும்."
  },
  {
    "description": "காடு ____  மறைக்கும்.",
    "options": [
      "அ)  வெயிலை",
      "ஆ)  வானத்தை",
      "இ)  மழையை",
      "ஈ)  குளிர்ச்சியை"
    ],
    "answer": [
      "A"
    ],
    "additional_context": "மரங்கள் வெயில்மறைக்கும், காடு குளிர்ச்சி தரும்.  "
  },
  {
    "description": "காடு ____  என்றும் அழைக்கப்படுகிறது.",
    "options": [
      "அ)  வனம்",
      "ஆ)  சந்தை",
      "இ)  வீடு",
      "ஈ)  சாலை"
    ],
    "answer": [
      "A"
    ],
    "additional_context": "காடு என்பது 'வனம்' என்றும் அழைக்கப்படுகிறது. "
  },
  {
    "description": "கவிதைப் பாடலில் காடு குறித்து எந்தக் கருத்து தெளிவாக வெளிப்படுகிறது?",
    "options": [
      "காடு அழகும் இன்பமும் தரும் இடம்.",
      "காட்டில் பல்வேறு விலங்குகளும் வாழ்கின்றன.",
      "காடு மனித வாழ்க்கைக்குப் பயனுள்ளது.",
      "மேற்கூறிய அனைத்தும்."
    ],
    "answer": [
      "D"
    ],
    "additional_context": "கவிதைப் பாடலில் காடு என்பது அழகும் இன்பமும் தரும் இடம் என்பது தெளிவாகிறது. காட்டில் பல்வேறு விலங்குகளும் வாழ்கின்றன என்பதையும் தெரிந்துகொள்ள முடிகிறது. மேலும் காடு மனித வாழ்க்கைக்குப் பயனுள்ளது என்பதையும் கவிதை தெளிவாக்குகிறது. "
  }
]
