
[
  {
    "description": "“வைப்புழி கோட்படா வாய்த்தீயிற் கேடில்லை” என்ற வரியில்  “கேடில்லை”  என்ற சொல்  எதை  குறிக்கிறது?",
    "options": [
      "கல்வி பிறருக்குக் கொடுத்து குறையாது",
      "கல்வி  பிறருக்குக்  கொடுக்க  முடியாது",
      "கல்வி களவு போகும்",
      "கல்வி அழிந்து போகும்"
    ],
    "answer": [
      "A"
    ],
    "additional_context": "நாலடியார் நூலில் குழந்தைகளுக்குச் சேர்த்து வைக்க வேண்டிய அழியாத செல்வம் பற்றி கூறப்படுகிறது.  \n“வைப்புழி கோட்படா வாய்த்தீயிற் கேடில்லை” \nஎன்ற வரியில் “கேடில்லை” என்ற சொல் கல்வி பிறருக்குக் கொடுத்து குறையாது என்பதை குறிக்கிறது.  கல்வியைப் பொருள் போல வைத்திருப்பினும் அது பிறரால் கொள்ளப்படாது என்பது இதன் பொருள்."
  },
  {
    "description": "“மிக்க சிறப்பின் அரசர் செறின்வவ்வார்” என்ற வரியில்  “செறின்வவ்வார்”  என்ற சொல்  எதைக்  குறிக்கிறது?",
    "options": [
      "அரசர்கள்  மற்றவர்களைக்  கவர முயற்சிப்பார்கள்",
      "அரசர்கள்  கல்வியைக்  கவர முயற்சிப்பார்கள்",
      "அரசர்கள்  பொருளை  கவர முயற்சிப்பார்கள்",
      "அரசர்கள்  கல்வியைக்  கவர முடியாது"
    ],
    "answer": [
      "D"
    ],
    "additional_context": "“மிக்க சிறப்பின் அரசர் செறின்வவ்வார்” \nஎன்ற வரியில் “செறின்வவ்வார்” என்ற சொல் அரசர்கள் கல்வியைக் கவர முடியாது என்பதை குறிக்கிறது. கல்வி என்பது மிகச் சிறந்த செல்வம். அரசர்கள் மிகச்சிறந்தவர்களாக இருந்தாலும் கல்வியை அவர்களால் கவர முடியாது என்பது இதன் பொருள்."
  },
  {
    "description": "“எச்சம் எனவொருவன் மக்கட்குச் செய்வன விச்சை மற்று அல்ல பிற” என்ற வரியின் பொருள் என்ன?",
    "options": [
      "மக்களுக்கு  கல்வி  மட்டுமே  சிறந்த  செல்வம்",
      "மக்களுக்கு  பொருள்  மட்டுமே  சிறந்த  செல்வம்",
      "மக்களுக்கு  அணிகலன்  மட்டுமே  சிறந்த  செல்வம்",
      "மக்களுக்கு  வீடு  மட்டுமே  சிறந்த  செல்வம்"
    ],
    "answer": [
      "A"
    ],
    "additional_context": "“எச்சம் எனவொருவன் மக்கட்குச் செய்வன விச்சை மற்று அல்ல பிற” \nஎன்ற வரியின் பொருள் மக்களுக்கு கல்வி மட்டுமே சிறந்த செல்வம் என்பதாகும்.  மற்றவை செல்வம் ஆகாது என்பது இதன் பொருள்."
  },
  {
    "description": "நாலடியார்  நூல்  எதற்கு  இணையாக  வைத்துப்  போற்றப்படுகிறது?",
    "options": [
      "திருவள்ளுவர்",
      "திருக்குறள்",
      "கம்பராமாயணம்",
      "சிலப்பதிகாரம்"
    ],
    "answer": [
      "B"
    ],
    "additional_context": "நாலடியார் நூலை திருக்குறளுக்கு இணையாக வைத்துப் போற்றுகின்றனர்.  இது அறம், பொருள், இன்பம் எனும் முப்பால் பகுப்புக் கொண்ட நூல்."
  },
  {
    "description": "__________  பொருள்  போல  வைத்திருப்பினும்  அது  பிறரால்  கொள்ளப்படாது.",
    "options": [
      "அணிகலன்",
      "பொருள்",
      "கல்வி",
      "வீடு"
    ],
    "answer": [
      "C"
    ],
    "additional_context": "கல்வி என்பது பொருள் போல வைத்திருப்பினும் அது பிறரால் கொள்ளப்படாது என்பது  இந்த வாக்கியத்தின் பொருள். "
  }
]
