
[
  {
    "description": "1. கீழே கொடுக்கப்பட்டுள்ள  தொடர்களில் மூவிடப் பெயர்களை அடிக்கோடிடுக. அவற்றை வகைப்படுத்துக.\n\n> 1. எங்கள் வீட்டு நாய்க்குட்டி ஓடியது.\n> 2. இவர்தான் உங்கள் ஆசிரியர்.\n> 3. நீர் கூறுவது எனக்குப் புரியவில்லை.\n> 4. எனக்கு, அது வந்ததா என்று தெரியவில்லை. நீயே கூறு.\n> 5. உங்களோடு நானும் உணவு உண்ணலாமா?\n\n**கீழே கொடுக்கப்பட்டுள்ளவற்றில் எது சரியான பதில்?**\n\n(a)  தன்மை: வீட்டு, ஆசிரியர்,  உணவு | முன்னிலை:  நாய்க்குட்டி | படர்க்கை:  எனக்கு, அது,  நீ, உங்களோடு, நான் \n(b) தன்மை:  வீட்டு,  உங்கள் | முன்னிலை: நாய்க்குட்டி, ஆசிரியர் | படர்க்கை: எனக்கு, அது, நீ, உங்களோடு, நான்\n(c) தன்மை: வீட்டு,  நாய்க்குட்டி, ஆசிரியர் | முன்னிலை: எனக்கு, அது, நீ, உங்களோடு, நான் | படர்க்கை:  உங்கள்,  உணவு\n(d)  தன்மை:  வீட்டு,  உங்கள்,  உணவு | முன்னிலை:  நாய்க்குட்டி,  ஆசிரியர் | படர்க்கை:  எனக்கு, அது,  நீ, உங்களோடு,  நான்",
    "options": [
      "a",
      "b",
      "c",
      "d"
    ],
    "answer": "d",
    "additional_context": "மூவிடப் பெயர்கள் என்பது இடத்தைப்  பற்றிக் குறிப்பிடும் பெயர்கள்.  மூவிடப் பெயர்கள் மூன்று வகைப்படும்.\n\n1. தன்மை:  தானே இடத்தைப்  பற்றிக்  குறிப்பிடும் பெயர்.  (எ.கா. வீட்டு,  நிலா)\n2. முன்னிலை:   வேறு  இடத்தைக்  குறிப்பிட்டு, தன்னைப்  பற்றிக்  குறிப்பிடும் பெயர்.   (எ.கா. பள்ளி,  மலை)\n3. படர்க்கை:   வேறு  இடத்தைக்  குறிப்பிடும்போது,   தன்னைப் பற்றிப்  பொருள்  தரும் பெயர்.   (எ.கா.  எனக்கு,  உனக்கு,  நான்)"
  },
  {
    "description": "2. கீழே கொடுக்கப்பட்டுள்ள  குறிப்புகளைப் பயன்படுத்திக் கட்டத்தில் எழுத்துகளை நிரப்புக.\n\n> 1. காலையில் பள்ளி மணி\n> 2. திரைப்படங்களில் விலங்குகள்\n> காட்சி குழந்தைகளுக்குப் பிடிக்கும்.\n> 3. கதிரவன் காலையில் கிழக்கே \n> 4. நாள்தோறும் செய்தித்தாள்\n> வழக்கம் இருக்க வேண்டும்.\n\n**கீழே கொடுக்கப்பட்டுள்ளவற்றில் எது சரியான பதில்?**\n\n| 1 | 2 |\n| -------- | -------- |\n| க் | க் |\n| ஷ | ஷ |\n| ண | ண |\n| ம் | ம் |\n| டி | டி |\n\n| 3 | 4 |\n| -------- | -------- |\n|  |  |\n|  |  |\n|  |  |\n|  |  |\n\n(a)  | 3 | 4 |\n| -------- | -------- |\n| ஓ | ஓ |\n| டி | டி |\n| ய் | ய் |\n| உ | உ |\n\n(b)  | 3 | 4 |\n| -------- | -------- |\n| ஓ | வா |\n| டி | ழ |\n| ய் | க |\n| உ | ம் |\n\n(c)  | 3 | 4 |\n| -------- | -------- |\n| ஓ | வா |\n| டி | ழ |\n| ய் | க் |\n| உ | ம் |\n\n(d)  | 3 | 4 |\n| -------- | -------- |\n| ஓ | ஓ |\n| டி | டி |\n| ய் | ய் |\n| உ | உ |",
    "options": [
      "a",
      "b",
      "c",
      "d"
    ],
    "answer": "c",
    "additional_context": "ஒவ்வொரு  தொடரிலும்   எந்த  எழுத்து  இடம்  பெற்றுள்ளது  என்று   நீ  கவனி!   \n\n* 1.  'காலையில் பள்ளி மணி ஓடி'  - இதில்  'ஓடி'  என்ற  தொடரில்   'க்'  எழுத்து  இருக்கிறது.\n* 2.  'திரைப்படங்களில் விலங்குகள் காட்சி'  - இதில்  'காட்சி'  என்ற  தொடரில்   'க்'  எழுத்து  இருக்கிறது.\n* 3.  'கதிரவன் காலையில் கிழக்கே  ஓடி'  - இதில்  'ஓடி'  என்ற  தொடரில்   'ஓ'  எழுத்து  இருக்கிறது.\n* 4.  'நாள்தோறும் செய்தித்தாள் வாழ்க்கை'  - இதில்  'வாழ்க்கை'  என்ற  தொடரில்   'வா'  எழுத்து  இருக்கிறது."
  },
  {
    "description": "3.  பின்வரும் எழுத்துகளுக்குப் பொருள் எழுதுக.\n\n> (எ.கா.) தா - கொடு\n> தீ - \n> பா - \n> தை - \n> வை - \n> மை - \n\n**கீழே கொடுக்கப்பட்டுள்ளவற்றில் எது சரியான பதில்?**\n\n(a)  தீ -  நெருப்பு | பா - பாட்டு | தை -  மாதம் | வை -  வைத்தல் | மை -  நிறம்\n(b)  தீ -  நெருப்பு | பா -  பாட்டு | தை -  மாதம் | வை - வைத்தல் | மை -  எழுதுதல்\n(c)  தீ -  நெருப்பு | பா -  கல் | தை -  மாதம் | வை - வைத்தல் | மை -  நிறம்\n(d) தீ -  நெருப்பு | பா -  பாட்டு | தை -  மாதம் | வை -  வைத்தல் | மை -  எழுதுதல்",
    "options": [
      "a",
      "b",
      "c",
      "d"
    ],
    "answer": "b",
    "additional_context": "இந்தக்  கேள்வி  'ஓர் எழுத்துச் சொற்களால் நிரப்புக'  என்ற   பகுதியில்  இருக்கும்.  இந்தக்  கேள்வி   எழுத்துக்களுக்கு  பொருள்  எழுதுமாறு   சொல்லும்.  \n\n* தீ -  நெருப்பு\n* பா - பாட்டு\n* தை -   தை மாதம்\n* வை -   வைத்தல்\n* மை -   எழுதுதல்"
  },
  {
    "description": "4.  கீழே கொடுக்கப்பட்டுள்ள சொற்களை இருபொருள் தருமாறு தொடரில் அமைத்து எழுதுக.\n\n> ஆறு, விளக்கு, படி, சொல், கல், மாலை, இடி\n\n> (எ.கா.) ஆறு ஈ ஆறு கால்களை உடையது.\n> தஞ்சாவூரில் காவிரி ஆறு பாய்கிறது.\n\n**கீழே கொடுக்கப்பட்டுள்ளவற்றில் எது சரியான பதில்?**\n\n(a)  விளக்கு - விளக்கிச் சொல் |  படி -  படிக்கட்டுகள் |  சொல் -  வாக்கு | கல் -  கற்குடி | மாலை -  நேரம் |  இடி -  இடியுடன் கூடிய மழை\n(b)  விளக்கு -   விளக்கிச் சொல் | படி -  படிக்கட்டுகள் | சொல் -  வாக்கு |  கல் -  கற்குடி |  மாலை -  மாலையணி | இடி -  இடியுடன் கூடிய மழை\n(c)  விளக்கு -  ஒளி | படி -  படிக்கட்டுகள் | சொல் -  வாக்கு | கல் -  கற்குடி | மாலை -  மாலையணி | இடி -  இடியுடன் கூடிய மழை\n(d) விளக்கு -   ஒளி | படி -  படிக்கட்டுகள் | சொல் -  வாக்கு |  கல் -  கற்குடி | மாலை -  நேரம் | இடி -  இடியுடன் கூடிய மழை",
    "options": [
      "a",
      "b",
      "c",
      "d"
    ],
    "answer": "d",
    "additional_context": "இந்தக்  கேள்வி   'பின்வரும் சொற்களை இருபொருள் தருமாறு தொடரில் அமைத்து எழுதுக.' என்ற   பகுதியில்  இருக்கும்.  இந்தக்  கேள்வி  சொற்களுக்கு  இருபொருள்   எழுதுமாறு   சொல்லும்.  \n\n* விளக்கு -  ஒளி |  விளக்கிச்  சொல்\n* படி -   படிக்கட்டுகள்  |   படி\n* சொல் -  வாக்கு   |   சொல்\n* கல் -  கற்குடி   |   கல்\n* மாலை -  மாலையணி   |   நேரம்\n* இடி -   இடியுடன்   கூடிய   மழை   |   இடி"
  },
  {
    "description": "“தா - கொடு” என்பது எந்த வகையான சொல்?",
    "options": [
      "பொருள் சொல்",
      "இணைப்புச் சொல்",
      "வினைச் சொல்",
      "வினாச் சொல்"
    ],
    "answer": "A",
    "additional_context": "இந்தக்  கேள்வி   'பின்வரும் எழுத்துகளுக்குப் பொருள் எழுதுக.' என்ற   பகுதியில்  இருக்கும்.  இந்தக்  கேள்வி  ஒரு  எழுத்துச்  சொல்லுக்கு   பொருள்   எழுதுமாறு   சொல்லும்.   'தா - கொடு'  என்றது  ஒரு  எழுத்துச்  சொல்லுக்கும்   பொருளுக்கும்  இடையே  உள்ள  தொடர்பு  என்பதால்   இது  ஒரு  'பொருள் சொல்'."
  }
]
