
[
  {
    "description": "“தேன் போன்ற தமிழ்” என்ற தொடரில், உவமை அணி எவ்வாறு பயன்படுத்தப்பட்டுள்ளது?",
    "options": [
      "(a) 'தேன்' என்ற சொல் உவமையில், 'தமிழ்' என்ற சொல் உவமேயத்தில் உள்ளது",
      "(b) 'தமிழ்' என்ற சொல் உவமையில், 'தேன்' என்ற சொல் உவமேயத்தில் உள்ளது",
      "(c) உவமை அணி இத்தொடரில் இல்லை",
      "(d) 'போன்ற' என்ற சொல் உவம உருபு"
    ],
    "answer": "A",
    "additional_context": "“தேன் போன்ற தமிழ்” என்ற தொடரில் உவமை அணி பயன்படுத்தப்பட்டுள்ளது. இத்தொடரில் 'தேன்' என்பது உவமை. இனிமை, மணம் போன்ற  தேன் பண்புகள் தமிழுக்கு உண்டு என்பதை  குறிப்பிட்டு தமிழை 'தேன்' என  உவமை  சொல்லியுள்ளனர். இதில் 'தமிழ்' என்பது உவமேயம் ஆகும். இத்தொடரில் பயன்படுத்தப்பட்டுள்ள 'போன்ற' என்பது உவம உருபு ஆகும். இவ்வாறு உவமையும் உவமேயமும் உவம உருபு உதவியுடன் இணைந்து ஒரு பொருளை விளக்குவதை உவமை அணி என்பர்."
  },
  {
    "description": "“கற்பவை கற்றபின்” என்ற பகுதியில், உவமை அணியின் செயல்பாட்டை விளக்கும் பகுதி எது?",
    "options": [
      "(a) பின்வரும் தொடர்களில் உள்ள உவமை, உவமேயம், உவம உருபு ஆகியவற்றைக் கண்டறிந்து எழுதுக.",
      "(b) உவமை, உவமேயம், உவம உருபு விளக்குக.",
      "(c) உவமை அணிக்கும் எடுத்துக்காட்டு உவமை அணிக்கும் உள்ள வேறுபாடு யாது?",
      "(d) இதில் பூமி தன்னைத் தோண்டுபவரைப் பொறுத்துக் கொள்ளுதல் என்பது உவமை."
    ],
    "answer": "A",
    "additional_context": "\"கற்பவை கற்றபின்\" என்ற பகுதியில், உவமை அணியின் செயல்பாட்டை விளக்கும் பகுதி என்பது, பின்வரும் தொடர்களில் உள்ள உவமை, உவமேயம், உவம உருபு ஆகியவற்றைக் கண்டறிந்து எழுதுக.  இப்பகுதியில்  கொடுக்கப்பட்ட தொடர்களை ஆய்வு செய்து  உவமை, உவமேயம், உவம உருபு ஆகியவற்றைப் பிரித்து எழுதுவதன் மூலம்   உவமை அணி எவ்வாறு  செயல்படுகிறது என்பதை  நாம் தெளிவாக அறிந்து கொள்ள முடியும்."
  }
]
