
[
  {
    "description": "கதையில், நாயகன் சிறுவனுக்கு மிதிவண்டி ஓட்டக் கத்துக்கொடுத்துவிட்டு எங்கே செல்ல வேண்டும் என்று நினைத்தான்?",
    "options": [
      "ஹாசன்",
      "பெங்களூரு",
      "மங்களூரு",
      "கன்னியாகுமரி"
    ],
    "answer": [
      "C"
    ],
    "additional_context": "நாயகன் ஹாசன் வழியாக மங்களூரு செல்ல வேண்டும் என்று நீண்ட காலமாக ஆசைப்பட்டிருந்தான். இது அவரது  பயணத்தின் இலக்கு. "
  },
  {
    "description": "நாயகன், தன் பயணத்தைத் தொடர விரும்பினாலும், சிறுவன் என்ன கேட்டான்?",
    "options": [
      "நீயும் என்னோடு இரு.",
      "உன் மிதிவண்டியை எனக்குத் தா.",
      "என்னை மீண்டும் அரிசிக்கெரெல விட்டுப் போ.",
      "எனக்குக் கொஞ்சம் பணம் தா."
    ],
    "answer": [
      "C"
    ],
    "additional_context": "நாயகன் தனது பயணத்தைத் தொடர விரும்பிய போது சிறுவன்  அரிசிக்கெரெல விட்டுப் போவதற்கு முன்பு  நீயும் என்னோடு இரு என்று கேட்டான்."
  },
  {
    "description": "நாயகன், சிறுவன் அரிசிக்கெரெல விட்டுப் போவதற்கு முன்பு என்ன முடிவு எடுத்தான்?",
    "options": [
      "அவனுக்கு ஒரு புதிய மிதிவண்டி வாங்கித் தர வேண்டும்.",
      "அவனைப் பத்திரமாக அரிசிக்கெரெல அழைத்துச் செல்ல வேண்டும்.",
      "அரிசிக்கெரெல வரைக்கும் அவன் மிதிவண்டி ஓட்டட்டும்.",
      "ஹாசன் பேருந்தில் ஏறிப் புறப்பட வேண்டும்."
    ],
    "answer": [
      "D"
    ],
    "additional_context": "சிறுவன் தன்னை அரிசிக்கெரெல விட்டுப் போகச் சொன்ன போது  நாயகன் பேருந்தில் ஏறிப் புறப்பட்டுச் செல்ல முடிவு செய்தான்."
  },
  {
    "description": "இந்தக் கதை முக்கியமாக எதைப் பற்றியது?",
    "options": [
      "மிதிவண்டி ஓட்டுவது",
      "பணத்தைச் சேர்ப்பது",
      "பயணம் செய்வது",
      "பிறருக்கு உதவுவது"
    ],
    "answer": [
      "D"
    ],
    "additional_context": "இந்தக் கதை பிறருக்கு உதவி செய்வதன் மகத்துவத்தை பற்றியது.  நாயகன்  தனது பயணத்தில் சந்தித்த  சிறுவனுக்கு  மிதிவண்டி ஓட்டக் கற்றுக்கொடுத்து உதவியதை இந்த கதை விவரிக்கிறது."
  },
  {
    "description": "கதையின் நாயகன் தனது மூன்றாவது சம்பளத்தில் ஒரு ____ வாங்கினார்.",
    "options": [
      "மிதிவண்டி",
      "புத்தகம்",
      "வானொலி",
      "கைக்கடிகாரம்"
    ],
    "answer": [
      "A"
    ],
    "additional_context": "கதையின் நாயகன் தனது மூன்றாவது சம்பளத்தில் ஒரு மிதிவண்டி வாங்கினார்."
  }
]
