
[
  {
    "description": "“நாட்டுப்பற்றை வளர்க்கும் நாடகங்களின் ஒலிப்பதிவுகளைக் கேட்டு மகிழ்க.” - இந்த வாக்கியத்தில் எந்த இலக்கணக் குறிப்பு பயன்படுத்தப்பட்டுள்ளது?",
    "options": [
      "எதிர்மறை வினைமுற்று",
      "இடைச்சொல்",
      "வினைத்தொகுதி",
      "பண்புச்சொல்"
    ],
    "answer": "C",
    "additional_context": "இந்த வாக்கியத்தில் 'கேட்டு' என்பது வினைத்தொகுதி. ஏனெனில் 'கேட்டு' என்பது ஒரு வினைச்சொல். வினைச்சொல் வினைத்தொகுதியின் முக்கியமான பகுதி. 'மகிழ்க' என்பது துணை வினைச்சொல். துணை வினைச்சொல் முழு வினைத்தொகுதியின் ஒரு பகுதி. 'கேட்டு' என்பது முதன்மை வினைச்சொல். இது வினைத்தொகுதியின் முக்கியமான பகுதி. அது முழு வினைத்தொகுதியின் அர்த்தத்தையும் தீர்மானிக்கிறது. 'மகிழ்க' என்பது துணை வினைச்சொல். இது முதன்மை வினைச்சொல் 'கேட்டு'  என்பதின் செயலை விளக்கிறது."
  },
  {
    "description": "“அணியின் பயிற்சியாளர் வீரர்களிடம் தங்களை அறிமுகப்படுத்திக்கொள்ளக் கேட்டுக்கொண்டார்.” - இந்த வாக்கியத்தில் உள்ள 'அறிமுகப்படுத்திக்கொள்ள' என்பது எந்த வகை வினைமுற்று?",
    "options": [
      "ஒருமை முன்னிலை வினை",
      "பன்மை படர்க்கை வினை",
      "ஒருமை படர்க்கை வினை",
      "பன்மை முன்னிலை வினை"
    ],
    "answer": "D",
    "additional_context": "இந்த வாக்கியத்தில் 'அறிமுகப்படுத்திக்கொள்ள' என்பது ஒரு பன்மை முன்னிலை வினை. இது 'நீங்கள்' என்ற பொருளைத் தருகிறது. ஏனெனில் பயிற்சியாளர் வீரர்களைப் பார்த்து 'நீங்கள்'  என்று அறிமுகப்படுத்திக் கொள்ளச் சொல்கிறார். 'நீங்கள்' என்பது பன்மை வடிவம் என்பதால், 'அறிமுகப்படுத்திக்கொள்ள' என்பதும் பன்மை வடிவமாகும். அதாவது,  'அறிமுகப்படுத்திக்கொள்ள' என்பது பன்மை முன்னிலை வினை."
  },
  {
    "description": "“தாங்கள் படிக்க வேண்டிய புத்தகங்கள் இவை அல்ல.” - இந்த வாக்கியத்தில் பயன்படுத்தப்பட்டுள்ள எதிர்மறைச் சொல் எது?",
    "options": [
      "வேறு",
      "அல்ல",
      "உண்டு",
      "இல்லை"
    ],
    "answer": "B",
    "additional_context": "இந்த வாக்கியத்தில் பயன்படுத்தப்பட்டுள்ள எதிர்மறைச் சொல் 'அல்ல'. ஏனெனில், 'இவை அல்ல' என்பது 'இவை இல்லை' என்ற பொருளைத் தருகிறது. 'அல்ல' என்ற சொல் 'இல்லை' என்ற சொல்லுக்குப் பதிலாகப் பயன்படுத்தப்பட்டுள்ளது."
  },
  {
    "description": "“மல்லிகை குளத்தில் பூக்கும் மலர் அல்லை.” - இந்த வாக்கியத்தில் உள்ள எதிர்மறைச் சொல்லில் உள்ள பிழையைத் திருத்தி எழுதுக.",
    "options": [
      "அல்ல",
      "இல்லை",
      "அல்லது",
      "அன்று"
    ],
    "answer": "A",
    "additional_context": "இந்த வாக்கியத்தில் 'அல்லை' என்பது பிழையான எதிர்மறைச் சொல். இதற்குப் பதிலாக 'இல்லை' என்பது சரியான எதிர்மறைச் சொல். மலர் குளத்தில் பூக்கிறது என்பது ஒரு உண்மை. அதனால் 'இல்லை' என்ற எதிர்மறைச் சொல் பயன்படுத்தப்பட வேண்டும். 'அல்லை' என்பது தவறான பயன்பாடு."
  },
  {
    "description": "“இந்த நிலத்துக்கு உரிமையாளர் **அல்ல**.” - இந்த வாக்கியத்தில் உள்ள இடத்தை நிரப்ப சரியான எதிர்மறைச் சொல் எது?",
    "options": [
      "நான்",
      "நீ",
      "அவர்",
      "அவள்"
    ],
    "answer": "C",
    "additional_context": "இந்த வாக்கியத்தில் 'அவர்' என்பது சரியான எதிர்மறைச் சொல். ஏனெனில்  'அவர்' என்பது 'நிலத்துக்கு உரிமையாளர்'  என்பதைக் குறிக்கிறது. 'அவர்' என்பது 'அல்ல'  என்ற சொல்லோடு பயன்படுத்தப்பட்டுள்ளது. 'அல்ல' என்பது 'இல்லை' என்ற பொருளைத் தருகிறது.  'அவர்' என்பது  'நிலத்துக்கு உரிமையாளர் இல்லை'  என்பதைக் குறிக்கிறது."
  }
]
