
[
  {
    "description": "“கோணக்காத்துப் பாட்டு” எந்த வகையான பாடலைச் சேர்ந்தது?",
    "options": [
      "பழந்தமிழ்ப் பாடல்",
      "நாட்டுப்புறப் பாடல்",
      "சித்தர் பாடல்",
      "இசைப்பாடல்"
    ],
    "answer": [
      "B"
    ],
    "additional_context": "இந்தப் பாடல், நம் தமிழகத்தில் ஏற்படும் புயல் சேதத்தைப் பற்றிப் பாடுவதாகும். இது நாட்டுப்புறப் பாடல் வகையைச் சார்ந்தது."
  },
  {
    "description": "இந்தப் பாடல் மூலம் என்ன விஷயம் வெளிப்படுத்தப்படுகிறது?",
    "options": [
      "ஒரு மன்னனின் வீரம்",
      "ஒரு குறிப்பிட்ட மலைப் பகுதியின் அழகு",
      "புயல் சேதத்தால் ஏற்பட்ட துயரங்கள்",
      "ஒரு கடல் பயணம்"
    ],
    "answer": [
      "C"
    ],
    "additional_context": "இந்தப் பாடல் புயல் சேதத்தால் ஏற்பட்ட துயரங்களைப் பாடல் மூலம் வெளிப்படுத்துகிறது. புயல் சேதத்தால் வீடுகள், பருத்திச் செடிகள், கப்பல் என பலவும் அழிந்து, மக்கள் துயரத்தில் மூழ்கியிருந்தார்கள் என்பதைப் பாடல் வரிகளில் காணலாம்."
  },
  {
    "description": "“வின்னமாச்சுதே” என்பதன் பொருள் என்ன?",
    "options": [
      "விழுந்து போய்விட்டது",
      "சேதம் அடைந்தது",
      "அழிந்து போய்விட்டது",
      "உடைந்து போய்விட்டது"
    ],
    "answer": [
      "B"
    ],
    "additional_context": "புயல் சேதத்தால் தென்னம்பிள்ளைகள் வீணாகி இருப்பதைக் குறிப்பிட “வின்னமாச்சுதே” என்ற சொல் பயன்படுத்தப்பட்டுள்ளது. இதன் பொருள் சேதம் அடைந்தது என்பதாகும்."
  },
  {
    "description": "“கோணக்காத்து” எதைக் குறிக்கிறது?",
    "options": [
      "சூறாவளி",
      "பெருமழை",
      "வறட்சி",
      "வெள்ளம்"
    ],
    "answer": [
      "A"
    ],
    "additional_context": "கோணக்காத்து என்பது சூறாவளி காற்று எனப் பொருள்படும். சூறாவளிக் காற்று கடல், மலை, சாலை, வீடுகள் என எல்லாவற்றையும் சேதப்படுத்தி இருக்கிறது என்பதைப் பாடல் வரிகளில் காணலாம்."
  },
  {
    "description": "“கொல்லிமலை” எதற்குப் பிரசித்தி பெற்றது?",
    "options": [
      "மருத்துவக் குணம் கொண்ட மூலிகைகள்",
      "சித்தர்கள் வாழும் இடம்",
      "அழகிய நீர்வீழ்ச்சிகள்",
      "மலைவாழ் மக்கள் வாழும் இடம்"
    ],
    "answer": [
      "B"
    ],
    "additional_context": "கொல்லிமலை சித்தர்கள் வாழ்ந்த இடமாகும். பாடலில் சித்தர்கள் பொருந்தி வாழும் கொல்லிமலை என்று குறிப்பிடப்பட்டுள்ளது.  புயலால் சித்தர்கள் வாழ்ந்த கொல்லிமலைப் பகுதியும் பாதிக்கப்பட்டு இருந்தது."
  }
]
