
[
  {
    "description": "நான்மணிக்கடிகை எந்த வகையான நூல்?",
    "options": [
      "அறநூல்",
      "காவியம்",
      "பக்தி நூல்",
      "வரலாற்று நூல்"
    ],
    "answer": [
      "A"
    ],
    "additional_context": "நான்மணிக்கடிகை என்பது திருவள்ளுவர் இயற்றிய நீதி நூல் ஆகும். இந்நூல் 1330 பாடல்களைக் கொண்டது. அதிகாரம், அதிகாரப் பாடல், அடியார்கள் என்னும் பகுதிகளாகப் பிரிக்கப்பட்டுள்ளது. இந்நூல் உலகத்தையே ஆட்சி செய்யும் இறையியல் நெறிகளை முன்வைக்கிறது. இந்த நூலில் அறம், பொருள், இன்பம், வீடு என்னும் நான்கு துறைகளும் அடங்கியுள்ளன."
  },
  {
    "description": "பழமொழி நானூறு எந்த வகையான பழமொழிகளை உள்ளடக்கியது?",
    "options": [
      "நீதிப் பழமொழிகள்",
      "காதல் பழமொழிகள்",
      "தத்துவ பழமொழிகள்",
      "இயற்கை பழமொழிகள்"
    ],
    "answer": [
      "A"
    ],
    "additional_context": "பழமொழி நானூறு என்பது 400 பழமொழிகளைத் தொகுத்து வழங்கும் நூல் ஆகும். இந்நூலை இயற்றியவர் காரி. இந்த நூலில் நீதி, அறம், ஒழுக்கம், பொறுமை, மன்னிப்பு, நட்பு, கல்வி, ஞானம் போன்றவற்றைப் பற்றிய பழமொழிகள் இடம்பெற்றுள்ளன."
  }
]
