
[
  {
    "description": "“பண்ணின்தமிழ் இசைபாடலின் பழவெய்முழவு அதிரக்” - இந்த வரியில் எந்த இசைக்கருவி குறிப்பிடப்பட்டுள்ளது?",
    "options": [
      "பறை",
      "மிருதங்கம்",
      "புல்லாங்குழல்",
      "யாழ்"
    ],
    "answer": "C",
    "additional_context": "இந்த வரியில்  'பழவெய்முழவு'  என்ற சொல் பயன்படுத்தப்பட்டுள்ளது.  'பழவெய்' என்ற சொல் முதிர்ந்த மூங்கிலைக் குறிக்கும். 'முழவு' என்ற சொல் முழவைக் குறிக்கும்.  எனவே இந்த வரியில்  'புல்லாங்குழல்'  என்று குறிப்பிடப்படுகிறது."
  },
  {
    "description": "“கண்ணின்ஒளி கனகச்சுனை வயிரம்அவை சொரிய” - இவ்வரி எந்த இயற்கை அழகைக் குறிக்கிறது?",
    "options": [
      "பனிமலை",
      "நீர்வீழ்ச்சி",
      "மழை",
      "மலைப்பாங்கான வயல்"
    ],
    "answer": "B",
    "additional_context": "'கனகச்சுனை'  என்ற சொல் பொன் நிறம் கொண்ட நீர்நிலையைக் குறிக்கிறது.  நீர்நிலை மீது வீழும்  சூரிய ஒளி வைரக்கற்கள் போல பிரகாசிக்கும்.  இந்த வரி நீர்வீழ்ச்சியின் அழகை  விவரிக்கிறது."
  },
  {
    "description": "“கிண் என்றுஇசை முரலும்திருக் கேதாரம்என் னீரே” - திருக்கேதாரம் எதனால் 'கிண்' என்று ஒலிப்பதாகப் பாடல் கூறுகிறது?",
    "options": [
      "மக்கள் கூட்டத்தின் சத்தம்",
      "பறவைகளின் இரைச்சல்",
      "இசைக்கருவிகளின் இசை",
      "யானைகளின் ஒலி"
    ],
    "answer": "D",
    "additional_context": "இந்த வரியில்   'மதவேழங்கள் மணிவாரிக்கொண்டு எறியக்'  என்று குறிப்பிடப்படுகிறது.  'மதவேழங்கள்' என்பது மதயானைகளைக் குறிக்கும்.  யானைகளின்  ஒலி   'கிண்'  என்று ஒலிக்கும்.  எனவே, திருக்கேதாரம்  யானைகளின் ஒலியால்  'கிண்' என்று ஒலிப்பதாகப் பாடல் கூறுகிறது."
  },
  {
    "description": "“தேவாரம் பாடிய மூவருள் ஒருவர்” -  இந்த மூவர் யாரெனக் கூறவும்.",
    "options": [
      "திருஞானசம்பந்தர், திருநாவுக்கரசர், சுந்தரர்",
      "அப்பர்,  சம்பந்தர்,  மணிவாசகர்",
      "திருமூலர்,  கம்பர்,  சுந்தரர்",
      "வள்ளலார்,  திருஞானசம்பந்தர்,  திருநாவுக்கரசர்"
    ],
    "answer": "A",
    "additional_context": "தேவாரம் பாடிய மூவர்  திருஞானசம்பந்தர்,  திருநாவுக்கரசர்,  சுந்தரர்  ஆகியோர்.  அப்பர்  என்பது திருநாவுக்கரசரின்  வேறு பெயர்."
  },
  {
    "description": "“பழவெய்முழவு” என்ற சொல் எதைப் பற்றி குறிப்பிடுகிறது?",
    "options": [
      "பழமையான மூங்கிலால் ஆன ஒரு இசைக்கருவி",
      "முதிர்ந்த மூங்கிலால் ஆன  ஒரு கருவி",
      "பழங்காலத்தில் பயன்படுத்தப்பட்ட ஒரு வகை இசைக்கருவி",
      "சாதாரண மூங்கிலால் செய்யப்பட்ட ஒரு வகை இசைக்கருவி"
    ],
    "answer": "B",
    "additional_context": " 'பழவெய்'  என்ற சொல் முதிர்ந்த மூங்கிலைக் குறிக்கிறது. 'முழவு'  என்ற சொல்  முழவைக் குறிக்கிறது. எனவே,  'பழவெய்முழவு'  என்ற சொல் முதிர்ந்த மூங்கிலால் செய்யப்பட்ட முழவைக் குறிக்கிறது."
  }
]
