
[
  {
    "description": "“சாரி, நான் உங்களுக்கு உதவ முடியாது. எனக்கு ஒரு பி.டி.எஃப் ஃபைல் இணைக்க முடியாது.” இந்த வாக்கியத்தில், எந்த வார்த்தை “பி.டி.எஃப் ஃபைல்” என்பதைக் குறிக்கிறது?",
    "options": [
      "சாரி",
      "உதவ",
      "இணைக்க",
      "பி.டி.எஃப் ஃபைல்"
    ],
    "answer": "D",
    "additional_context": "இந்த கேள்வி எம்.ஜி.ஆர் பற்றிய கட்டுரையில் இல்லை. இந்த கேள்வி ஒரு மென்பொருள் அல்லது ஒரு வலைத்தளத்திலிருந்து எடுக்கப்பட்டிருக்கலாம். ஒரு பி.டி.எஃப் ஃபைல் என்பது ஒரு ஆவணக் கோப்பு வடிவம் ஆகும். இதனை மென்பொருளின் மூலம் உருவாக்க முடியும். "
  },
  {
    "description": "நான் உங்களுக்கு உதவ முடியாது, ஏனெனில் எனக்கு ஒரு ______ இணைக்க முடியாது.",
    "options": [
      "a) வீடியோ",
      "b) படத்தொகுப்பு",
      "c) PDF கோப்பு",
      "d) ஆடியோ கோப்பு"
    ],
    "answer": "C",
    "additional_context": "இந்த கேள்வி எம்.ஜி.ஆர் பற்றிய கட்டுரையில் இல்லை. இந்த கேள்வி ஒரு மென்பொருள் அல்லது ஒரு வலைத்தளத்திலிருந்து எடுக்கப்பட்டிருக்கலாம். ஒரு பி.டி.எஃப் ஃபைல் என்பது ஒரு ஆவணக் கோப்பு வடிவம் ஆகும். இதனை மென்பொருளின் மூலம் உருவாக்க முடியும். "
  },
  {
    "description": "What is the main reason the speaker cannot help the user?",
    "options": [
      "The speaker does not have access to the internet.",
      "The speaker is unable to attach PDF files.",
      "The speaker does not understand the user's request.",
      "The user has not provided enough information."
    ],
    "answer": "B",
    "additional_context": "இந்த கேள்வி எம்.ஜி.ஆர் பற்றிய கட்டுரையில் இல்லை. இந்த கேள்வி ஒரு மென்பொருள் அல்லது ஒரு வலைத்தளத்திலிருந்து எடுக்கப்பட்டிருக்கலாம். ஒரு பி.டி.எஃப் ஃபைல் என்பது ஒரு ஆவணக் கோப்பு வடிவம் ஆகும். இதனை மென்பொருளின் மூலம் உருவாக்க முடியும். "
  },
  {
    "description": "What is the speaker asking the user to do?",
    "options": [
      "Send a PDF file.",
      "Provide more details about the request.",
      "Try again later.",
      "Ask someone else for help."
    ],
    "answer": "B",
    "additional_context": "இந்த கேள்வி எம்.ஜி.ஆர் பற்றிய கட்டுரையில் இல்லை. இந்த கேள்வி ஒரு மென்பொருள் அல்லது ஒரு வலைத்தளத்திலிருந்து எடுக்கப்பட்டிருக்கலாம். ஒரு பி.டி.எஃப் ஃபைல் என்பது ஒரு ஆவணக் கோப்பு வடிவம் ஆகும். இதனை மென்பொருளின் மூலம் உருவாக்க முடியும். "
  },
  {
    "description": "What is the speaker's tone?",
    "options": [
      "Angry",
      "Frustrated",
      "Helpful",
      "Dismissive"
    ],
    "answer": "C",
    "additional_context": "இந்த கேள்வி எம்.ஜி.ஆர் பற்றிய கட்டுரையில் இல்லை. இந்த கேள்வி ஒரு மென்பொருள் அல்லது ஒரு வலைத்தளத்திலிருந்து எடுக்கப்பட்டிருக்கலாம். ஒரு பி.டி.எஃப் ஃபைல் என்பது ஒரு ஆவணக் கோப்பு வடிவம் ஆகும். இதனை மென்பொருளின் மூலம் உருவாக்க முடியும். "
  }
]
