
[
  {
    "description": "சியாட்டல் தனது கடிதத்தில் எதற்கு எதிராக சொல்கிறார்?",
    "options": [
      "நிலத்தை விற்கும் திட்டத்துக்கு எதிராக",
      "நிலத்தை அழிக்கும் செயல்களுக்கு எதிராக",
      "இயற்கை வளங்களை காக்காமைக்கு எதிராக",
      "மேற்கண்ட அனைத்தும்"
    ],
    "answer": "D",
    "additional_context": "சியாட்டல் தனது கடிதத்தில் அமெரிக்கக் குடியரசுத்தலைவருக்கு நிலத்தை வாங்கும் திட்டத்திற்கு எதிராகவும், இயற்கை வளங்களை காக்காமைக்கு எதிராகவும், நிலத்தை அழிக்கும் செயல்களுக்கு எதிராகவும் தனது கருத்துகளை தெரிவித்துள்ளார்."
  },
  {
    "description": "சியாட்டல் தனது கடிதத்தில் எந்த நிலைப்பாட்டை வலியுறுத்துகிறார்?",
    "options": [
      "நில வளங்கள் எல்லோருக்கும் சொந்தமானவை",
      "இயற்கையை காப்பதற்கு எல்லோரும் கடமைப்பட்டவர்கள்",
      "இயற்கை வளங்கள் எல்லோருக்கும் பொதுவானவை",
      "a), b) மற்றும் c)"
    ],
    "answer": "D",
    "additional_context": "சியாட்டல் தனது கடிதத்தில் நில வளங்கள் எல்லோருக்கும் சொந்தமானவை என்பதை வலியுறுத்தி, இயற்கையை காப்பதற்கு எல்லோரும் கடமைப்பட்டவர்கள் என்றும், இயற்கை வளங்கள் எல்லோருக்கும் பொதுவானவை என்றும் கூறுகிறார். இவை அனைத்தும் சரியானதாகும்."
  },
  {
    "description": "சியாட்டல் தனது கடிதத்தில் எதனை மிக முக்கியமானதாக கருதுகிறார்?",
    "options": [
      "மனித வாழ்வு",
      "நில வளம்",
      "இயற்கை அழகு",
      "பொது நலன்"
    ],
    "answer": "B",
    "additional_context": "சியாட்டல் தனது கடிதத்தில் நில வளத்தை மிக முக்கியமானதாக கருதுகிறார். அவர் நிலத்தின் மீது மிகுந்த பாசம் கொண்டுள்ளார். இதனை, ‘இந்தப் பூமியின் ஒவ்வொரு துகளும் எம் மக்களுக்குப் புனிதமானதாகும்' என்று அவர் குறிப்பிடுகிறார்."
  },
  {
    "description": "சியாட்டலின் கடிதம் எந்த இயற்கை வளத்தைப் பாதுகாக்க வேண்டும் என்பதை வலியுறுத்துகிறது?",
    "options": [
      "கடல் வளம்",
      "வன வளம்",
      "காற்று மற்றும் நீர்",
      "மண் வளம்"
    ],
    "answer": "C",
    "additional_context": "சியாட்டலின் கடிதம் காற்று மற்றும் நீர் ஆகியவற்றைப் பாதுகாக்க வேண்டும் என்பதை வலியுறுத்துகிறது. அவர் காற்று மற்றும் நீர் ஆகியவற்றை யாருக்கும் சொந்தமானவை அல்ல என்று கூறுகிறார். மேலும், இவை எல்லோருக்கும் பொதுவானவை என்றும் கூறுகிறார்."
  },
  {
    "description": "சியாட்டலின் கடிதத்தில் 'இந்தப் பூமியின் ஒவ்வொரு துகளும் எம் மக்களுக்குப் புனிதமானதாகும்' என்ற வாக்கியம் எதைப் பற்றி குறிப்பிடுகிறது?",
    "options": [
      "செவ்விந்தியர்கள் நிலத்தைத் தாயாகக் கருதுவது",
      "செவ்விந்தியர்களின் மத நம்பிக்கைகள்",
      "நிலத்தின் மீதான அவர்களின் உரிமை",
      "இயற்கை வளங்களின் முக்கியத்துவம்"
    ],
    "answer": "A",
    "additional_context": "சியாட்டலின் கடிதத்தில் 'இந்தப் பூமியின் ஒவ்வொரு துகளும் எம் மக்களுக்குப் புனிதமானதாகும்' என்ற வாக்கியம், செவ்விந்தியர்கள் நிலத்தைத் தாயாகக் கருதுவதைப் பற்றி குறிப்பிடுகிறது. அவர்களின் வாழ்க்கை முறைக்கு நிலம் மிகவும் முக்கியமானது. நிலத்தைப் பாதுகாப்பதற்கு அவர்கள் தயாராக உள்ளார்கள்."
  }
]
