
[
  {
    "description": "திரு.வி.க., நாடகக் கலையை எப்படி மதிப்பிடுகிறார்?",
    "options": [
      "அ) நாடகக் கலை வாழ்விற்கு இன்றியமையாதது.",
      "ஆ) நாடகக் கலை நல்வழியில் செல்ல வேண்டும்.",
      "இ) நாடகக் கலை மாணவர்களைத் தலைப்படுத்த வேண்டும்.",
      "ஈ) மேற்கண்ட அனைத்தும் சரி."
    ],
    "answer": [
      "D"
    ],
    "additional_context": "திரு.வி.க., நாடகக் கலையை வாழ்விற்கு இன்றியமையாதது எனக் கருதுகிறார்.  மேலும், அது நல்வழியில் செல்ல வேண்டும் என்றும், மாணவர்களைத் தலைப்படுத்த வேண்டும் என்றும் கூறுகிறார்."
  },
  {
    "description": "திரு.வி.க., எந்த அறிவியல் கலையை மிக இன்றியமையாதது எனக் கூறுகிறார்?",
    "options": [
      "அ) இயற்கை வரலாறு",
      "ஆ) கணிதம்",
      "இ) கோளியக்கம்",
      "ஈ) அறிவியல்"
    ],
    "answer": [
      "D"
    ],
    "additional_context": "திரு.வி.க.,  உலக வாழ்விற்கு மிக மிக இன்றியமையாதது  `அறிவியல்'  என்னும் அறிவுக்கலை எனக் கூறுகிறார்.  இன்றைய உலகத்துடன் உறவு கொள்வதற்கும் அறிவியல் தேவை என்பதால் இளைஞருலகில் அறிவியல் கல்வி பரவ வேண்டும் என்று  திரு.வி.க., வலியுறுத்துகிறார்."
  },
  {
    "description": "இன்றைய கல்வியென்பது ____ நுழைவதற்குக் கருவியாகக் கொள்ளப்பட்டு வருகிறது.",
    "options": [
      "அ) தொழிலில்",
      "ஆ) அரசியலில்",
      "இ) மருத்துவத்தில்",
      "ஈ) கலைத்துறையில்"
    ],
    "answer": [
      "A"
    ],
    "additional_context": "இன்றைய கல்வி என்பது பொருளற்றுக் கிடக்கிறது.  குறிப்பிட்ட பாடங்களை நெட்டுருச் செய்து, தேர்வில் தேறிப் பட்டம் பெற்று, ஒரு தொழிலில் நுழைவதற்குக் கல்வி ஒரு கருவியாகக் கொள்ளப்பட்டு வருகிறது.  நாளடைவில் அக்கல்விக்கும் வாழ்விற்கும் தொடர்பில்லாமல் போகிறது என திரு.வி.க.  குறிப்பிடுகிறார்."
  },
  {
    "description": "தாய்நாடு என்னும் பெயர் ____ கொண்டே பிறப்பது.",
    "options": [
      "அ) வரலாற்றை",
      "ஆ) கலாச்சாரத்தை",
      "இ) தாய்மொழியை",
      "ஈ) பண்பாட்டை"
    ],
    "answer": [
      "C"
    ],
    "additional_context": "நாம் தமிழ் மக்கள்; நாம் நமது தாய்மொழி வாயிலாகக் கல்வி பெறலே சிறப்பு. அதுவே இயற்கை முறை.  போதிய ஓய்வும் நேரமும் வாய்ப்பும் இருப்பின் வேறு பல மொழிகளையும் பயிலலாம்.  ஆனால் முதல் முதல் தாய் மொழி வாயிலாகவே கல்வி பயிலுதல் வேண்டும்.  தாய்நாடு என்னும் பெயர் தாய்மொழியைக் கொண்டே பிறப்பது என திரு.வி.க.,  கூறுகிறார்."
  },
  {
    "description": "____ என்னும் அறிவுக்கலை உலக வாழ்விற்கு மிக மிக இன்றியமையாதது.",
    "options": [
      "அ) மொழியியல்",
      "ஆ) இலக்கியம்",
      "இ) அறிவியல்",
      "ஈ) கலை"
    ],
    "answer": [
      "C"
    ],
    "additional_context": "உலக வாழ்விற்கு மிக மிக இன்றியமையாதது  `அறிவியல்'  என்னும் அறிவுக்கலை என திரு.வி.க.,  கூறுகிறார்.  இன்றைய உலகத்துடன் உறவு கொள்வதற்கும் அறிவியல் தேவை என்பதால் இளைஞருலகில் அறிவியல் கல்வி பரவ வேண்டும் என்று  திரு.வி.க., வலியுறுத்துகிறார்."
  }
]
