
[
  {
    "description": "கவிதைப் பகுதியில்,  பகத்சிங் பார்த்துப் பரவசப் பட்ட \"அற்புத விடியல்\" எதைக் குறிக்கிறது?",
    "options": [
      "(அ) இந்தியாவின் விடுதலை.",
      "(ஆ) இந்தியாவின் புதிய நாகரிகம்.",
      "(இ) இந்தியாவின் சாதனைகள்.",
      "(ஈ) இந்தியாவின் வளர்ச்சி."
    ],
    "answer": [
      "அ"
    ],
    "additional_context": "கவிதையில்,  பகத்சிங் தூக்குத் தண்டனைக்குரிய கடைசி கணத்தில் மனக்கண்ணில் கண்ட இந்தியாவின் விடியல்,  முற்றுகை யிட்ட அந்நிய ஆட்சியின் முடிவு,  இந்தியாவின் விடுதலை,  இந்தியாவின் புதிய நாகரிகம்,  இந்தியாவின் சாதனைகள்,  இந்தியாவின் வளர்ச்சி எனப் பலவற்றைக் குறிக்கலாம்.  ஆனால்,  கவிதைப் பகுதியில்,  பகத்சிங் பார்த்துப் பரவசப்பட்ட \"அற்புத விடியல்\" என்று குறிப்பிடப்படுவதால்,  அது இந்தியாவின் விடுதலை என்பதே சரியான விடை."
  },
  {
    "description": "கவிதைப் பகுதியில்,  \"விலங்கொடித்து\" என்னும் சொல்லை எவ்வாறு பிரித்து எழுதலாம்?",
    "options": [
      "(அ) விலம் + ஒடித்து",
      "(ஆ) விலங்கு + ஒடித்து",
      "(இ) விலம் + கொடித்து",
      "(ஈ) விலன் + ஒடித்து"
    ],
    "answer": [
      "ஆ"
    ],
    "additional_context": "கவிதைப் பகுதியில்,  \"விலங்கொடித்து\" என்பது ஒரு கூட்டுச்சொல்.  இதன் பொருள்  விலங்குகளை உதறித் தள்ளுதல் என்பது.  விலங்கு + ஒடித்து என்று பிரித்து எழுதினால் மட்டுமே இதன் பொருள் தெளிவாகும்."
  },
  {
    "description": "கவிதைப் பகுதியில்,  \"மோகித்து\" என்னும் சொல்லின் பொருள் என்ன?",
    "options": [
      "(அ) வெறுத்து",
      "(ஆ) விரும்பி",
      "(இ) தயங்கி",
      "(ஈ) துயரப்பட்டு"
    ],
    "answer": [
      "ஆ"
    ],
    "additional_context": "கவிதைப் பகுதியில்,  \"மோகித்து\"  என்பது \"விரும்பி\" என்ற பொருளைத் தரும் சொல்.  விரும்பி மூச்சுக்காற்றை உள்வாங்கி,  புரட்சியை ஏற்றுக்கொண்டது என்பது கவிதைப் பகுதியின் பொருள்."
  },
  {
    "description": "கவிதைப் பகுதியில், \"முற்றுகை யிட்ட\" என்னும் சொல்லை எவ்வாறு பிரித்து எழுதலாம்?",
    "options": [
      "(அ) முற்று + கையிட்ட",
      "(ஆ) முற்று + கை + இட்ட",
      "(இ) முற்றை + இட்ட",
      "(ஈ) முற்றை + யிட்ட"
    ],
    "answer": [
      "அ"
    ],
    "additional_context": "கவிதைப் பகுதியில்,  \"முற்றுகை யிட்ட\" என்பது ஒரு கூட்டுச்சொல்.  இதன் பொருள்  முழுமையாகச் சூழ்ந்து கொண்டது என்பது.  முற்று + கையிட்ட என்று பிரித்து எழுதினால் மட்டுமே இதன் பொருள் தெளிவாகும்."
  },
  {
    "description": "கவிதைப் பகுதியில்,  \"சீவனில் லாமல்\" என்னும் சொல்லை எவ்வாறு பிரித்து எழுதலாம்?",
    "options": [
      "(அ) சீவ + நில்லாமல்",
      "(ஆ) சீவன் + நில்லாமல்",
      "(இ) சீவன் + இல்லாமல்",
      "(ஈ) சீவ + இல்லாமல்"
    ],
    "answer": [
      "இ"
    ],
    "additional_context": "கவிதைப் பகுதியில்,  \"சீவனில் லாமல்\" என்பது ஒரு கூட்டுச்சொல்.  இதன் பொருள்  உயிர் இல்லாமல் என்பது.  சீவன் + இல்லாமல் என்று பிரித்து எழுதினால் மட்டுமே இதன் பொருள் தெளிவாகும்."
  }
]
