
[
  {
    "description": "________  ,  ________  மற்றும்  ________  என்பவர்கள் தேவாரம் பாடிய மூவர்.",
    "options": [
      "சம்பந்தர், அப்பர், மணிவாசகர்",
      "சம்பந்தர், அப்பர், சுந்தரர்",
      "அப்பர், சுந்தரர், மணிவாசகர்",
      "சம்பந்தர், சுந்தரர், திருமூலர்"
    ],
    "answer": "B",
    "additional_context": "தமிழ் இலக்கியத்தில் தேவாரம் என்பது சைவத் திருமுறைகளில் முதல் ஏழு திருமுறைகளைக் குறிக்கும். இதில் சம்பந்தர், அப்பர், சுந்தரர் ஆகிய மூவரும் சைவத் திருமுறைகளில் முதல் ஏழு திருமுறைகளைப் பாடியவர்கள். தேவாரம் என்ற சொல்லுக்கு இறைவனுக்குச் சூட்டப்படும் மாலை என்றும், இனிய இசைப் பாடல்கள் என்றும் பொருள் உண்டு."
  },
  {
    "description": "சுந்தரர்  \"_________ \" என்று  திருக்கேதாரத்தை  வருணிக்கிறார்.",
    "options": [
      "புனிதமான நகரம்",
      "இசை நிறைந்த நகரம்",
      "அழகான நகரம்",
      "சிறந்த நகரம்"
    ],
    "answer": "B",
    "additional_context": "சுந்தரர் தனது தேவார பாடல்களில் திருக்கேதாரத்தை இசை நிறைந்த நகரமாகப் போற்றுகிறார். \"கிண் என்றுஇசை முரலும்திருக் கேதாரம்என் னீரே\" என்று அவர் பாடியுள்ளார். இதன் பொருள் 'இசை முழங்கும் திருக்கேதாரம் என்னும் நகரம்' என்பதாகும்."
  },
  {
    "description": "\"கனகச்சுனை\"  என்ற சொல் _________  என்று பிரிக்கப்படும்.",
    "options": [
      "கனகச் + சுனை",
      "கனக + சுனை",
      "கனகம் + சுனை",
      "கனம் + சுனை"
    ],
    "answer": "B",
    "additional_context": "சுந்தரர் திருக்கேதாரத்தைப் பற்றிப் பாடும்போது, \"கண்ணின்ஒளி கனகச்சுனை வயிரம்அவை சொரிய\" என்று குறிப்பிடுகிறார். இங்கு கனகச்சுனை என்பது பொன் நிறத்தில் காட்சி தரும் நீர்நிலையைக் குறிக்கிறது. \"கனகச்சுனை\" என்ற சொல் 'கனக' + 'சுனை' என பிரிக்கப்படும்."
  },
  {
    "description": "சுந்தரரின் தேவாரப்பாடலில் எந்த இசைக்கருவி இசைக்கப்படுவது குறிப்பிடப்பட்டுள்ளது?",
    "options": [
      "புல்லாங்குழல்",
      "மிருதங்கம்",
      "வீணை",
      "நாதஸ்வரம்"
    ],
    "answer": "A",
    "additional_context": "சுந்தரர் தனது பாடல்களில் பல்வேறு இசைக்கருவிகளைப் பற்றி குறிப்பிடுகிறார். அவற்றில் முக்கியமானது புல்லாங்குழல். \"பண்ணின்தமிழ் இசைபாடலின் பழவெய்முழவு அதிரக்...\" என்று பாடும்போது, 'பழவெய்' என்பது முதிர்ந்த மூங்கிலால் ஆன புல்லாங்குழலைக் குறிக்கிறது."
  },
  {
    "description": "திருக்கேதாரத்தில் உள்ள நீர்நிலைகள் எவ்வாறு வருணிக்கப்பட்டுள்ளன?",
    "options": [
      "மலர்ந்த பூக்களால் அலங்கரிக்கப்பட்டவை",
      "வண்ணமயமான மீன்களால் நிரம்பியவை",
      "வைரங்களைப் போன்ற நீர்த்திவலைகளை வாரி இறைக்கும்",
      "பச்சை நிறத்தில் பிரகாசமானவை"
    ],
    "answer": "C",
    "additional_context": "சுந்தரர் திருக்கேதாரத்தில் உள்ள நீர்நிலைகளைப் பற்றி \"கண்ணின்ஒளி கனகச்சுனை வயிரம்அவை சொரிய\" என்று பாடியுள்ளார். இதன் பொருள் திருக்கேதாரத்தில் உள்ள நீர்நிலைகள் மிகவும் அழகாக இருக்கின்றன. அவை பொன் நிறத்தில் காட்சி தருகின்றன. மேலும், அவை வைரங்களைப் போன்ற நீர்த்திவலைகளை வாரி இறைக்கின்றன என்பது புரிகிறது."
  }
]
