[
          
  {
    
          "description": "'உழைப்பே உயர்வு' என்பதன் பொருள் என்ன?",
          "options": [
      "சமூகத்தில் உயர்ந்த நிலை பெற உழைப்பு மிக முக்கியம்",
      "உழைப்பால் மட்டும் வெற்றி பெற முடியும்",
      "உழைப்பு மட்டும் இல்லாமல் பிற திறமைகளும் இருக்க வேண்டும்",
      "உழைப்பால் பணம் சம்பாதிக்க முடியும்"
    ],
    "answer": "A",
    
          "additional_context": "இந்த வாக்கியம் அம்பேத்கர் குறித்த பத்தியில் உள்ளது. அம்பேத்கர் தனது வாழ்க்கையில் படிப்பு மிக முக்கியமானது என்பதை உணர்ந்தார். அதை அடைவதற்காக அயராது உழைக்கத் தொடங்கினார். அவர் எப்போதும் புத்தகமும் கையுமாகவே திகழ்ந்தார். இதைக் கண்ட அவரது தந்தை வேறு செலவுகளைக் குறைத்துக் கொண்டும் கடன் வாங்கியும் புத்தகங்களை வாங்கித் தந்தார். புத்தகங்களைப் படிக்கும் பழக்கத்தை அம்பேத்கர் கடைசி வரை கடைப்பிடித்தார். இதனால் அவர் சமூகத்தில் மிக உயர்ந்த நிலையை அடைந்தார்.  "
          }
        ,
          
  {
    
          "description": "அம்பேத்கர் தனது வாழ்க்கையில் புதிய திருப்பத்தை ஏற்படுத்தியதாகக் கருதப்படும் காரணி எது?",
          "options": [
      "வட்டமேசை மாநாட்டில் பங்கேற்றது",
      "தனது தந்தையின் ஆதரவுடன் புத்தகங்களை வாங்கிப் படித்தது",
      "அமெரிக்காவிற்குச் சென்று தனது நண்பர்களைக் கண்டது",
      "பதினான்கு பெட்டிகள் நிறைய புத்தகங்களைக் கொண்டு வந்தது"
    ],
    "answer": "B",
    
          "additional_context": "அம்பேத்கர் தனது வாழ்க்கையில் புதிய திருப்பத்தை ஏற்படுத்தியதாகக் கருதப்படும் காரணி, அவரது தந்தையின் ஆதரவுடன் புத்தகங்களை வாங்கிப் படித்தது ஆகும். அம்பேத்கர் தனது வாழ்க்கையில் 'புதிய திருப்பம்' காண வழி ஒன்றைக் கண்டறிந்தார். அது 'படிப்பு, படிப்பு, படிப்பே' ஆகும்.  அம்பேத்கர் தனது வாழ்க்கையில் 'புதிய திருப்பம்' காண வழி ஒன்றைக் கண்டறிந்தார். அது 'படிப்பு, படிப்பு, படிப்பே' ஆகும். அதை அடையும் முயற்சியில் அயராது உழைக்கத் தொடங்கினார்.  இதைக் கண்ட அவருடைய தந்தை வேறு செலவுகளைக் குறைத்துக் கொண்டும் கடன் வாங்கியும் புத்தகங்களை வாங்கித் தந்தார். "
          }
        ,
          
  {
    
          "description": "அம்பேத்கரின் வாழ்க்கையில் 'புதிய திருப்பம்' என்ற சொல் என்னைக் குறிக்கிறது?",
          "options": [
      "அம்பேத்கர் வட்டமேசை மாநாட்டில் பங்கேற்றதை",
      "அம்பேத்கர் தனது தந்தையின் ஆதரவுடன் புத்தகங்களை வாங்கிப் படித்ததை",
      "அம்பேத்கர் அமெரிக்காவிற்குச் சென்று தனது நண்பர்களைக் கண்டதை",
      "அம்பேத்கர் பதினான்கு பெட்டிகள் நிறைய புத்தகங்களைக் கொண்டு வந்ததை"
    ],
    "answer": "B",
    
          "additional_context": "அம்பேத்கர் தனது வாழ்க்கையில் 'புதிய திருப்பம்' காண வழி ஒன்றைக் கண்டறிந்தார். அது 'படிப்பு, படிப்பு, படிப்பே' ஆகும். அம்பேத்கர் தனது வாழ்க்கையில் புதிய திருப்பத்தை ஏற்படுத்தியதாகக் கருதப்படும் காரணி, அவரது தந்தையின் ஆதரவுடன் புத்தகங்களை வாங்கிப் படித்தது ஆகும்.  "
          }
        ,
          
  {
    
          "description": "'தான், தாம்' என்ற சொற்களின் பயன்பாடு பற்றிய பின்வரும் கூற்றுகளில் எது சரியானது?",
          "options": [
      "'தான்' என்பது ஒருமையைக் குறிக்கும், 'தாம்' என்பது பன்மையைக் குறிக்கும்.",
      "'தான்' என்பது பன்மையைக் குறிக்கும், 'தாம்' என்பது ஒருமையைக் குறிக்கும்.",
      "'தான்' மற்றும் 'தாம்' இரண்டும் ஒருமையைக் குறிக்கும்.",
      "'தான்' மற்றும் 'தாம்' இரண்டும் பன்மையைக் குறிக்கும்."
    ],
    "answer": "A",
    
          "additional_context": "'தான்' என்பது ஒருமையைக் குறிக்கும். 'தாம்' என்பது பன்மையைக் குறிக்கும். இவ்வேறுபாட்டினை அறிந்து தொடர்களில் பயன்படுத்த வேண்டும்.  "
          }
        ,
          
  {
    
          "description": "'மாணவன் தனது கையால் பெற்றுக் கொண்டான்' என்ற வாக்கியத்தில் 'தனது' என்ற சொல் எதைக் குறிக்கிறது?",
          "options": [
      "மாணவனின் கையைக் குறிக்கிறது.",
      "ஒருமைப் பன்மை வேறுபாட்டைக் குறிக்கிறது.",
      "மரியாதைப் பன்மையைக் குறிக்கிறது.",
      "தலைவரைப் பற்றி குறிப்பிடுகிறது."
    ],
    "answer": "A",
    
          "additional_context": " 'தான்', 'தன்னை', 'தன்னால்', 'தனக்கு', 'தனது' ஆகியவற்றை ஒருமைத் தொடர்களில் பயன்படுத்த வேண்டும். 'தாம்', 'தம்மை', 'தம்மால்', 'தமக்கு', 'தமது' ஆகியவற்றைப் பன்மைத் தொடர்களில் பயன்படுத்த வேண்டும்.  "
          }
        ]