
[
  {
    "description": "“மிகுதியான காரத்தையும் உப்பையும் தவிர்க்க வேண்டும்”  என்ற வாக்கியம்  எந்தக்  கருத்தை  வலியுறுத்துகிறது?",
    "options": [
      "a)  காரம், உப்பு  உடலுக்கு  கெடுதல்.",
      "b)  காரம், உப்பு  சாப்பிடுவது  நலத்திற்கு  கெடுதல்.",
      "c)  காரம், உப்பு  அதிகமாக  சாப்பிடுவது  நலத்திற்கு  கெடுதல்.",
      "d)  மேற்கூறிய அனைத்தும்."
    ],
    "answer": "D",
    "additional_context": "இந்த வாக்கியம், நலமான உடல் வாழ்க்கைக்கு, காரம், உப்பு போன்றவற்றை மிகுதியாக உட்கொள்வதைத் தவிர்க்க வேண்டும் என்பதை வலியுறுத்துகிறது.  நமது உடல் ஆரோக்கியமான முறையில் செயல்பட, உணவில்  நல்ல  நேரத்துக்கு  உணவு  சாப்பிட வேண்டும்.  நாம்  உணவை  சாப்பிடும்  நேரம்  முக்கியம். நேரத்திற்கு  உணவு  சாப்பிடாவிட்டால்  உடல்  நலம்  பாதிக்கப்படும்."
  },
  {
    "description": "“சரியான நேரத்திற்கு உணவை உட்கொள்ள வேண்டும்”  என்ற வாக்கியம்  எந்தக்  கருத்தை  வலியுறுத்துகிறது?",
    "options": [
      "a)  நேரத்திற்கு  உணவு  சாப்பிடுவது  நலத்திற்கு  நல்லது.",
      "b)  நேரத்திற்கு  உணவு  சாப்பிடாவிட்டால்  உடல்  நலம்  பாதிக்கப்படும்.",
      "c)  உணவு  சாப்பிடும்  நேரம்  முக்கியம்.",
      "d)  மேற்கூறிய அனைத்தும்."
    ],
    "answer": "D",
    "additional_context": "சரியான நேரத்துக்கு உணவை உட்கொள்வது நமது உடல் ஆரோக்கியத்திற்கு மிகவும் முக்கியம்.  சரியான நேரத்தில் சாப்பிடாவிட்டால், நமது உடல் சரியாக செயல்படாது, இதனால் பல்வேறு உடல்நலப் பிரச்சினைகள் ஏற்படலாம். மேலும் நாம் உணவை சாப்பிடும் நேரம் மிக முக்கியம். இதனால் உடல் சரியாக செரிமானம் செய்து, ஆற்றலை உற்பத்தி செய்யும்.  மொத்தத்தில், சரியான நேரத்துக்கு உணவு சாப்பிடுவது உடல்நலத்திற்கு மிகவும் நல்லது."
  }
]
