[
          
  {
    
          "description": "“விழலுக்கு இறைத்த நீர் போல” என்ற உவமைத் தொடர் எதை குறிக்கிறது?",
          "options": [
      "a) ஒற்றுமையின்மை",
      "b) பயனற்ற செயல்",
      "c) தற்செயல் நிகழ்வு",
      "d) எதிர்பாரா நிகழ்வு"
    ],
    "answer": "D",
    
          "additional_context": "விழலுக்கு இறைத்த நீர் போல என்பது உவமைத் தொடர். விழாவிற்கு இறைத்த நீர் என்பது எதிர்பாராத நிகழ்வு. அதாவது எதிர்பாராத விதமாக திடீரென ஏற்படும் நிகழ்வு என்பதைக் குறிக்கும்"
          }
        ,
          
  {
    
          "description": "“உடலும் உயிரும் போல” என்ற உவமைத் தொடர் எதை குறிக்கிறது?",
          "options": [
      "a) ஒன்றோடொன்று பிரிக்க முடியாதவை",
      "b) ஒன்றைப் போன்றது மற்றொன்று",
      "c) ஒன்று இல்லாமல் மற்றொன்று இல்லை",
      "d) இரண்டுமே முக்கியமானவை"
    ],
    "answer": "A",
    
          "additional_context": "உடலும் உயிரும் ஒன்றோடொன்று பிரிக்க முடியாதவை. உடலுக்கு உயிர் இல்லாமல் இருக்க முடியாது. உயிருக்கு உடல் இல்லாமல் இருக்க முடியாது. இதையே உவமைத் தொடராக 'உடலும் உயிரும் போல' என்று குறிப்பிடுகிறார்கள். இதன் பொருள் உடலும் உயிரும் ஒன்றோடொன்று பிரிக்க முடியாதவை என்பதாகும்"
          }
        ,
          
  {
    
          "description": "“நோய் வரக் காரணங்கள் - நோய் தீர்க்கும் வழிமுறைகள் - வருமுன் காத்தல் - உணவும் மருந்தும் - உடற்பயிற்சியின் தேவை”\n\nஇந்தக் குறிப்புகளைக் கொண்டு எழுதப்படும் கட்டுரையின் தலைப்பு என்ன?",
          "options": [
      "a) உணவுப் பழக்கங்களும் நோய்களும்",
      "b) நோயற்ற வாழ்வே குறைவற்ற செல்வம்",
      "c) வருமுன் காத்தல்",
      "d) உடற்பயிற்சியின் முக்கியத்துவம்"
    ],
    "answer": "B",
    
          "additional_context": "கொடுக்கப்பட்ட குறிப்புகளைப் பார்க்கும்போது நோய் வரக் காரணங்கள், நோய் தீர்க்கும் வழிமுறைகள், வருமுன் காத்தல், உணவும் மருந்தும், உடற்பயிற்சியின் தேவை ஆகியவை நோயற்ற வாழ்வைப் பற்றியவை. அதனால் இந்தக் குறிப்புகளைக் கொண்டு எழுதப்படும் கட்டுரையின் தலைப்பு 'நோயற்ற வாழ்வே குறைவற்ற செல்வம்' என்பதாகும்"
          }
        ,
          
  {
    
          "description": "பின்வரும் உவமைத் தொடர்களில் எது சரியாகப் பொருந்தாது?",
          "options": [
      "“காக்கை உட்காரப் பனம்பழம் விழுந்தது போல” - தற்செயல் நிகழ்வு",
      "“கிணறு வெட்டப் பூதம் கிளம்பியது போல” - பயனற்ற செயல்",
      "“பசு மரத்து ஆணி போல” - எதிர்பாரா நிகழ்வு",
      "“விழலுக்கு இறைத்த நீர் போல” - தற்செயல் நிகழ்வு"
    ],
    "answer": "C",
    
          "additional_context": "பசு மரத்து ஆணி போல என்பது தற்செயல் நிகழ்வு அல்ல. பசு மரத்தில் ஆணி போல என்பது ஒரு பொருள் இல்லாமல் வீணாகும் ஒரு செயல். உதாரணமாக 'அவன் பசு மரத்து ஆணி போல இருக்கிறான்' என்று கூறும்போது அவன் பயனற்றவன் என்பதைக் குறிக்கும். காக்கை உட்காரப் பனம்பழம் விழுந்தது போல - தற்செயல் நிகழ்வு. கிணறு வெட்டப் பூதம் கிளம்பியது போல - பயனற்ற செயல். விழலுக்கு இறைத்த நீர் போல - தற்செயல் நிகழ்வு."
          }
        ,
          
  {
    
          "description": "“உடலும் உயிரும் போல” என்ற உவமைத் தொடரின் பொருள் என்ன?",
          "options": [
      "ஒன்றுக்கொன்று பிரிக்க முடியாதவை",
      "ஒன்றுக்கொன்று வேறுபட்டவை",
      "ஒன்றுக்கொன்று போட்டி போடுபவை",
      "ஒன்றுக்கொன்று சமமானவை"
    ],
    "answer": "A",
    
          "additional_context": "உடலும் உயிரும் ஒன்றோடொன்று பிரிக்க முடியாதவை. உடலுக்கு உயிர் இல்லாமல் இருக்க முடியாது. உயிருக்கு உடல் இல்லாமல் இருக்க முடியாது. இதையே உவமைத் தொடராக 'உடலும் உயிரும் போல' என்று குறிப்பிடுகிறார்கள். இதன் பொருள் உடலும் உயிரும் ஒன்றோடொன்று பிரிக்க முடியாதவை என்பதாகும்"
          }
        ]