[
          
  {
    
          "description": "'நாட்டின் வளர்ச்சியில் இளைஞர்களின் பங்கு' என்ற தலைப்பில் கட்டுரை எழுதும் போது, இளைஞர்களின் எந்தக் குணம் முக்கியமானது?",
          "options": [
      "a) நேர்மை",
      "b) திறமை",
      "c) ஆர்வம் ",
      "d)  எல்லாம் சரி"
    ],
    "answer": "d",
    
          "additional_context": "நாட்டின் வளர்ச்சியில் இளைஞர்களின் பங்கு குறித்து கட்டுரை எழுதும் போது, இளைஞர்களின் நேர்மை, திறமை மற்றும் ஆர்வம் ஆகிய குணங்கள் எல்லாம் முக்கியமானது. நேர்மையான  நிலைப்பாட்டை  கொண்ட  இளைஞர்கள்  நாட்டின்  வளர்ச்சிக்கு  பங்களிப்பார்கள்.  திறமையான  இளைஞர்கள்  தங்கள்  திறமையை  நாட்டு  வளர்ச்சிக்காக  பயன்படுத்த  முடியும்.  தங்கள்  நாட்டு  வளர்ச்சியில்  ஆர்வமுள்ள  இளைஞர்கள்  தங்கள்  நேரத்தையும்  சக்தியையும்  நாட்டிற்காக  அர்ப்பணிப்பார்கள்.  இவ்வாறு  இளைஞர்களின்  நேர்மை,  திறமை  மற்றும்  ஆர்வம்  நாட்டின்  வளர்ச்சிக்கான  முக்கிய  காரணிகள்  ஆகும்."
          }
        ,
          
  {
    
          "description": "'மொழியோடு விளையாடு' பகுதியில் கொடுக்கப்பட்ட எழுத்துகளைப் பயன்படுத்தி எத்தனை சொற்கள் உருவாக்க முடியும்?",
          "options": [
      "a) 5",
      "b) 6",
      "c) 7",
      "d)  8"
    ],
    "answer": "c",
    
          "additional_context": "மொழியோடு விளையாடு பகுதியில் கொடுக்கப்பட்ட எழுத்துகளைப் பயன்படுத்தி 7 சொற்களை உருவாக்க முடியும். அந்த எழுத்துகளைக் கொண்டு உருவாக்கக்கூடிய சில சொற்கள்: மலை, மிதி, நெல், லால், லை, லே, புல்.  மொழியோடு விளையாடுவதன் மூலம் நம் மொழியின்  அழகையும் வளத்தையும் உணர முடியும்."
          }
        ,
          
  {
    
          "description": "'ஔவைக்குத் தொண்டைமான் தன் படைக்கருவிகளைக் காட்டுதல்' -  இந்த நிகழ்வு எந்த கதையில் நடக்கிறது?",
          "options": [
      "a) சிலப்பதிகாரம்",
      "b)  கம்பராமாயணம்",
      "c)  மணிமேகலை",
      "d)  தொண்டைமான் கதை"
    ],
    "answer": "d",
    
          "additional_context": "தொண்டைமான் தன் படைக்கருவிகளைக் காட்டிய நிகழ்வு தொண்டைமான் கதையில் நடக்கிறது. இந்தக் கதை ஔவையின்  தூது  மூலம்  தொண்டைமான்  தன்  போர்க்  கனவை  விட்டுவிட்டு  அமைதியை  தேர்ந்தெடுத்து  சீறிய  நிகழ்வை  விவரிக்கிறது.  தொண்டைமான்  தன்  படைக்கருவிகளைக்  காட்டும்போது, ஔவை  அதிகம்  பேசாமல்  அமைதியாக  நிற்பதன்  மூலம்  தொண்டைமான்  தன்  படை  சக்தியை  உணர்ந்து  அமைதியாக  இருக்க   முயற்சி  செய்து  முடிவுக்கு  வருகிறார்."
          }
        ,
          
  {
    
          "description": "'என் பொறுப்புகள்' பகுதியில்  இருந்து நீங்கள் என்ன  கற்றுக் கொண்டீர்கள்?",
          "options": [
      "a)  தலைமைத்துவம்  எப்படி  அடையும் என்பது  ",
      "b)  சமூகத்தில்  பங்காற்றும்  விதம்",
      "c)   தலைமைப் பண்புகளை வளர்த்துக்கொள்ளும்  முறை",
      "d)  பொறுப்புணர்வின்   முக்கியத்துவம்"
    ],
    "answer": "d",
    
          "additional_context": "'என் பொறுப்புகள்' என்ற பகுதி  தலைமைப் பண்புகள்,  சமூக  மாற்றத்திற்கான  தலைவர்களின்  வரலாறு  என  பல்வேறு  விஷயங்களை  குறிப்பிடுகிறது.   இதிலிருந்து  நாம்  கற்றுக்கொள்ள  வேண்டிய  முக்கிய  விஷயம்  பொறுப்புணர்வு.  பொறுப்புணர்வு  ஒரு  தனிமனிதனின்  வளர்ச்சிக்கு  மட்டுமல்லாமல்  சமூக  வளர்ச்சிக்கும்  மிகவும்  முக்கியமானது.  பொறுப்புணர்வு  உள்ள  தனிமனிதர்கள்  தங்களின்  பணிகளை  நிறுவனமாக  செய்து  நாட்டு  வளர்ச்சிக்காக  பங்களிப்பார்கள்."
          }
        ,
          
  {
    
          "description": "'கலைச்சொல் அறிவோம்' பகுதியில் 'Support' என்ற ஆங்கிலச் சொல்லுக்கு என்ன தமிழ்ப் பெயர்?",
          "options": [
      "a) ஆதரவு",
      "b) உதவி",
      "c) உதவுகை",
      "d)  சந்தை"
    ],
    "answer": "a",
    
          "additional_context": "'கலைச்சொல் அறிவோம்'  என்ற பகுதியில்  நிறைய ஆங்கிலச் சொற்களுக்கு தமிழ்ப் பெயர்கள் கொடுக்கப்பட்டுள்ளன. அதில் 'Support' என்ற ஆங்கிலச் சொல்லுக்கு தமிழ்ப் பெயர் 'ஆதரவு' எனக் கொடுக்கப்பட்டுள்ளது.  ஆதரவு என்பது  ஒரு  தனிமனிதனை  அல்லது  ஒரு  காரியத்தை  ஆதரிப்பதாகும்.  நாம்  இந்த  கலைச்சொற்களை  நம்  பேச்சு  மொழியில்  பயன்படுத்தும்  போது  நம்  மொழி  வளமடையும்."
          }
        ]