
[
  {
    "description": "“படமாடக் கோயில்” மற்றும் “நடமாடக் கோயில்” என்ற இரண்டு சொற்களையும் ஒப்பிட்டு கீழ்க்கண்டவற்றுள் எது சரியான விளக்கமாகும்?",
    "options": [
      "இரண்டும் இறைவன் வாழும் இடத்தை குறிக்கிறது.",
      "“படமாடக் கோயில்” என்பது இறைவனின் உடல், “நடமாடக் கோயில்” என்பது மனிதனின் உடல்.",
      "“படமாடக் கோயில்” என்பது கோயிலின் மாடம், “நடமாடக் கோயில்” என்பது கோயிலின் முன்மண்டபம்.",
      "இரண்டும் இறைவன் வாழும் இடத்தை குறிக்கிறது, ஆனால் “நடமாடக் கோயில்” என்பது “படமாடக் கோயிலை” விட உயர்ந்தது."
    ],
    "answer": [
      "B"
    ],
    "additional_context": "திருமூலர் பாடிய பாடல் வரிகள் பின்வருமாறு:\n\n*ஒன்றே குலமும் ஒருவனே தேவனும்\nநன்றே நினைமின் நமனில்லை நாணாமே\nசென்றே புகும்கதி இல்லைநும் சித்தத்து\nநின்றே நிலைபெற நீர்நினைந்து உய்ம்மினே\nபடமாடக் கோயில் பகவற்குஒன்று ஈயில்\nநடமாடக் கோயில் நம்பர்க்குஅங்கு ஆகா\nநடமாடக் கோயில் நம்பர்க்குஒன்று ஈயில்\nபடமாடக் கோயில் பகவற்குஅது ஆமே*\n\nஇந்தப் பாடலில் பகவன் வாழும் இடத்தை  “படமாடக் கோயில்” எனவும்  மனிதனை “நடமாடக் கோயில்” எனவும்  குறிப்பிட்டுள்ளார்."
  },
  {
    "description": "திருமூலர் கூறும் ஒன்றே குலம் எனும் கருத்து எந்த நவீன கருத்துடன் ஒத்திருக்கிறது?",
    "options": [
      "மதசார்பற்ற நெறி",
      "மனிதநேயம்",
      "சமூக சமத்துவம்",
      "மேற்கண்ட அனைத்தும்"
    ],
    "answer": [
      "D"
    ],
    "additional_context": "திருமூலர் பாடிய பாடலில் பகவன் வாழும் இடத்தை  “படமாடக் கோயில்” எனவும்  மனிதனை “நடமாடக் கோயில்” எனவும்  குறிப்பிட்டுள்ளார்.\n\nமனிதர்களிடையே பிறப்பால் உயர்வுதாழ்வு பாராட்டுவது\nதவறானது. உலகமக்கள் அனைவரையும் உடன்பிறந்தாராகக்\nகருதி அன்புகாட்ட வேண்டும். பிறருக்கு ஏற்படும் பசி முதலிய\nதுன்பங்களைத் தமக்கு ஏற்பட்டதாகக் கருதி அவற்றைப்போக்க\nமுயல்வதே மனிதர்களின் சிறந்த கடமையாகும். அதுவே\nஇறைத்தொண்டாகும். இக்கருத்துகளை விளக்கும் திருமூலரின்\nபாடல்களை அறிவோம்."
  },
  {
    "description": "திருமூலர் பாடல்களில் கூறப்படும் “நமனில்லை” எனும் சொல் யாரைக் குறிக்கிறது?",
    "options": [
      "இறைவனை",
      "எமனை",
      "மனிதனை",
      "மனதை"
    ],
    "answer": [
      "B"
    ],
    "additional_context": "*ஒன்றே குலமும் ஒருவனே தேவனும்\nநன்றே நினைமின் நமனில்லை நாணாமே\nசென்றே புகும்கதி இல்லைநும் சித்தத்து\nநின்றே நிலைபெற நீர்நினைந்து உய்ம்மினே\nபடமாடக் கோயில் பகவற்குஒன்று ஈயில்\nநடமாடக் கோயில் நம்பர்க்குஅங்கு ஆகா\nநடமாடக் கோயில் நம்பர்க்குஒன்று ஈயில்\nபடமாடக் கோயில் பகவற்குஅது ஆமே*\n\nஇந்தப் பாடலில்  “நமனில்லை” எனும் சொல் எமனை குறிக்கிறது. "
  },
  {
    "description": "திருமூலர் எந்த நூலின் ஆசிரியர்?",
    "options": [
      "திருவாசகம்",
      "திருக்குறள்",
      "திருமந்திரம்",
      "நாலாயிர திவ்யப் பிரபந்தம்"
    ],
    "answer": [
      "C"
    ],
    "additional_context": "அறுபத்துமூன்று நாயன்மார்களுள் ஒருவராகவும்\nபதினெண் சித்தர்களுள் ஒருவராகவும் கருதப்படுபவர்\nதிருமூலர். இவர் இயற்றிய திருமந்திரம் மூவாயிரம்\nபாடல்களைக் கொண்டது. எனவே, இந்நூலைத் தமிழ் மூவாயிரம்\nஎன்பர். இது பன்னிரு திருமுறைகளுள் பத்தாம் திருமுறையாக\nவைக்கப்பட்டுள்ளது."
  },
  {
    "description": "“படமாடக் கோயில்” எனும் சொல் எதை குறிக்கிறது?",
    "options": [
      "இறைவனின் உடல்",
      "கோயிலின் மாடம்",
      "கோயிலின் முன்மண்டபம்",
      "இறைவன் வாழும் இடம்"
    ],
    "answer": [
      "A"
    ],
    "additional_context": "*ஒன்றே குலமும் ஒருவனே தேவனும்\nநன்றே நினைமின் நமனில்லை நாணாமே\nசென்றே புகும்கதி இல்லைநும் சித்தத்து\nநின்றே நிலைபெற நீர்நினைந்து உய்ம்மினே\nபடமாடக் கோயில் பகவற்குஒன்று ஈயில்\nநடமாடக் கோயில் நம்பர்க்குஅங்கு ஆகா\nநடமாடக் கோயில் நம்பர்க்குஒன்று ஈயில்\nபடமாடக் கோயில் பகவற்குஅது ஆமே*\n\nஇந்தப் பாடலில் பகவன் வாழும் இடத்தை  “படமாடக் கோயில்” எனவும்  மனிதனை “நடமாடக் கோயில்” எனவும்  குறிப்பிட்டுள்ளார்.\n\nஇந்தப் பாடலில்  “படமாடக் கோயில்”  எனும் சொல்  இறைவனின் உடலைக் குறிக்கிறது."
  }
]
