
[
  {
    "description": "“நாவினால் சுட்ட வடு” என்ற சொற்றொடர் என்ன குறிப்பிடுகிறது?",
    "options": [
      "நெருப்பினால் ஏற்படும் காயம்",
      "வார்த்தைகளால் ஏற்படும் காயம்",
      "நாவின் காயம்",
      "வாயின் வடு"
    ],
    "answer": [
      "B"
    ],
    "additional_context": "“தீயினால் சுட்ட புண் உள்ளாறும் ஆறாதே\nநாவினால் சுட்ட வடு.”\n\nஇத்திருக்குறளில் முதலில் நெருப்பு, கொடுஞ்சொல் ஆகிய இரண்டும் சுடும்தன்மை\nஉடையவை என்று கூறப்படுகிறது. பின்னர், நெருப்பினால் சுட்ட காயம் ஆறிவிடும்;\nஉள்ளத்தில் ஏற்பட்ட வடு ஆறாது என்று இரண்டுக்கும் இடையே உள்ள வேறுபாடு\nகூறப்படுகிறது. எனவே இது வேற்றுமை அணி ஆகும்."
  },
  {
    "description": "“செங்கல்பட்டு” என்ற சொல் இரண்டு வினாக்களுக்கும் பொருத்தமான விடையாக அமைந்தது. இதில் எந்த அணி உள்ளது?",
    "options": [
      "வேற்றுமை அணி",
      "இரட்டுறமொழிதல் அணி",
      "பிறிதுமொழிதல் அணி",
      "உவமை அணி"
    ],
    "answer": [
      "B"
    ],
    "additional_context": "“காலில் காயத்திற்குக் கட்டுப்போட்டிருந்த இளைஞன் ஒருவன் பேருந்தில் ஏறினான்.\n“எந்த ஊருக்குப் பயணச்சீட்டு வேண்டும்?” என்று நடத்துநர் கேட்டார். அதேநேரம்\nஅருகிலிருந்தவர், “உன் காலில் எதனால் காயம் ஏற்பட்டது?” என்று கேட்டார். அவன்,\n“செங்கல்பட்டு” என்று கூறினான். அவன் கூறியது இருவரின் வினாக்களுக்கும்\nபொருத்தமான விடையாக அமைந்தது. அவன் செல்ல வேண்டிய ஊர் செங்கல்பட்டு என்று\nநடத்துநர் புரிந்துகொண்டார். அவன் காலில் செங்கல் பட்டதால் காயம் ஏற்பட்டது என\nமற்றவர் புரிந்துகொண்டார். இவ்வாறு ஒரு சொல் அல்லது தொடர் இருபொருள் தருமாறு\nஅமைவது இரட்டுறமொழிதல் என்னும் அணியாகும். இதனைச் சிலேடை என்றும் கூறுவர்."
  },
  {
    "description": "“தேங்காயும் நாயும்நேர் செப்பு” என்ற சொற்றொடரில் உள்ள பொருளைத் தேர்ந்தெடுக்கவும்.",
    "options": [
      "தேங்காயும் நாயும் ஒன்றே",
      "தேங்காயும் நாயும் வேறுபட்டவை",
      "தேங்காய் மற்றும் நாயின் பொதுவான பண்புகள்",
      "தேங்காய் மற்றும் நாயின் வேறுபட்ட பண்புகள்"
    ],
    "answer": [
      "C"
    ],
    "additional_context": "“ஓடும் இருக்கும் அதனுள்வாய் வெளுத்திருக்கும்\nநாடுங் குலைதனக்கு நாணாது - சேடியே\nதீங்காயது இல்லா திருமலைரா யன்வரையில்\nதேங்காயும் நாயும்நேர் செப்பு”\n\nஇப்பாடலின் பொருள் தேங்காய், நாய் ஆகிய இரண்டுக்கும் பொருந்துவதாக\nஅமைந்துள்ளது.\n\nதேங்காயில் ஓடு இருக்கும்; தேங்காயின் உட்பகுதி வெண்மை நிறத்தில் இருக்கும்;\nதேங்காய் கோணல் இல்லாமல் குலையாகத் தொங்கும்.\n\nநாய் சிலசமயம் ஓடிக்கொண்டிருக்கும்; சிலசமயம் ஓரிடத்தில் படுத்து இருக்கும்; அதன்\nவாயின் உட்பகுதி வெண்மையாக இருக்கும்; குரைப்பதற்கு வெட்கப்படாது.\n\nஇவ்வாறு இப்பாடல் இரண்டு பொருள் தரும்படி பாடப்பட்டுள்ளதால் இஃது\nஇரட்டுறமொழிதல் அணி ஆகும்."
  },
  {
    "description": "“நாடுங் குலைதனக்கு நாணாது” என்ற சொற்றொடரில் எந்த அணி இருக்கிறது?",
    "options": [
      "உவமை அணி",
      "பிறிதுமொழிதல் அணி",
      "இரட்டுறமொழிதல் அணி",
      "வேற்றுமை அணி"
    ],
    "answer": [
      "C"
    ],
    "additional_context": "“ஓடும் இருக்கும் அதனுள்வாய் வெளுத்திருக்கும்\nநாடுங் குலைதனக்கு நாணாது - சேடியே\nதீங்காயது இல்லா திருமலைரா யன்வரையில்\nதேங்காயும் நாயும்நேர் செப்பு”\n\nஇப்பாடலின் பொருள் தேங்காய், நாய் ஆகிய இரண்டுக்கும் பொருந்துவதாக\nஅமைந்துள்ளது.\n\nதேங்காயில் ஓடு இருக்கும்; தேங்காயின் உட்பகுதி வெண்மை நிறத்தில் இருக்கும்;\nதேங்காய் கோணல் இல்லாமல் குலையாகத் தொங்கும்.\n\nநாய் சிலசமயம் ஓடிக்கொண்டிருக்கும்; சிலசமயம் ஓரிடத்தில் படுத்து இருக்கும்; அதன்\nவாயின் உட்பகுதி வெண்மையாக இருக்கும்; குரைப்பதற்கு வெட்கப்படாது.\n\nஇவ்வாறு இப்பாடல் இரண்டு பொருள் தரும்படி பாடப்பட்டுள்ளதால் இஃது\nஇரட்டுறமொழிதல் அணி ஆகும்."
  },
  {
    "description": "திருக்குறளில் இடம்பெற்றுள்ள அணிகளை கண்டறிந்து அவற்றின் பெயர்களை எழுதுவது எந்த திறனைப் பரிசோதிக்கிறது?",
    "options": [
      "பாடலைப் பாடும் திறன்",
      "பாடலைப் புரிந்துகொள்ளும் திறன்",
      "பாடலை எழுதும் திறன்",
      "பாடலின் அழகை அனுபவிக்கும் திறன்"
    ],
    "answer": [
      "B"
    ],
    "additional_context": "திருக்குறளில் உள்ள பாடல்கள் சில சமயங்களில் அணிகளை கொண்டிருக்கும். அந்த அணிகளை கண்டுபிடித்து அவற்றின் பெயர்களை கூறும் போது பாடலின் அர்த்தத்தை முழுமையாக புரிந்துகொள்ள முடியும்."
  }
]
