[
          
  {
    
          "description": "'என் பொறுப்புகள்...' என்பதன் கீழ் என்ன கூறப்பட்டுள்ளது?",
          "options": [
      "தலைமைப் பண்புகள் எப்படிப்பட்டவை என்பது",
      "தலைவர்களின் வரலாறுகளை அறிந்துகொள்ள வேண்டிய அவசியம்",
      "தலைவர்களின் செயல்பாடுகளைப் பற்றிய விளக்கம்",
      "தலைமைப் பண்புகளை வளர்த்துக்கொள்ளும் வழிமுறைகள்"
    ],
    "answer": "D",
    
          "additional_context": "இந்தப் பகுதி தலைமைப் பண்புகளை வளர்த்துக்கொள்வதற்கான முக்கியத்துவத்தை எடுத்துரைக்கிறது. அதாவது, தலைமைக்குரிய பண்புகளை அறிந்துகொண்டு அவற்றை வளர்த்துக்கொள்வது என்பது ஒரு முக்கியமான பொறுப்பு என்பதை  இந்தப் பகுதி வலியுறுத்துகிறது. "
          }
        ,
          
  {
    
          "description": "'தலைமைப் பண்பு' என்ற கலைச்சொல்லின் ஆங்கிலம் எது?",
          "options": [
      "Leadership",
      "Chief Minister",
      "Equestrian",
      "Victory"
    ],
    "answer": "A",
    
          "additional_context": "இந்த கேள்வி  'கலைச்சொல் அறிவோம்' என்ற பகுதியில் இருந்து எடுக்கப்பட்டிருக்கிறது. இந்தப் பகுதி  'தலைமைப் பண்பு' போன்ற சொற்களின் ஆங்கிலப் பெயர்களை அறிந்து கொள்ள வேண்டும் என்பதை வலியுறுத்துகிறது.  இங்கே  'Leadership'  என்பது  'தலைமைப்பண்பு' என்ற சொல்லின் ஆங்கிலப் பெயர்."
          }
        ,
          
  {
    
          "description": "'இந்தியப் பிரதமர்களின் பெயர்ப்பட்டியலை இணையத்தில் தேடி எடுத்து எழுது' என்ற பகுதி எதைப் பற்றியது?",
          "options": [
      "இணையத்தில் தேடுதல் எப்படி என்பதை கற்றுக் கொள்ள வேண்டும்.",
      "இந்தியப் பிரதமர்களைப் பற்றி அறிந்து கொள்ள வேண்டும்.",
      "இந்திய வரலாற்றைப் பற்றி அறிந்து கொள்ள வேண்டும்.",
      "இணையத்தில் பெயர்ப்பட்டியல் எப்படி உருவாக்குவது என்பதை கற்றுக் கொள்ள வேண்டும்."
    ],
    "answer": "B",
    
          "additional_context": "இந்தப் பகுதி  'இணையத்தில் காண்க'  என்ற தலைப்பின் கீழ் அமைந்திருக்கிறது. இங்கே  'இந்தியப் பிரதமர்களின் பெயர்ப்பட்டியலை இணையத்தில் தேடி எடுத்து எழுதுக'  என்பது  இந்தியப் பிரதமர்கள் மற்றும் அவர்களின் வரலாறு பற்றி அறிந்து கொள்வதற்கான ஒரு பயிற்சி. இது இந்திய வரலாற்றைப் பற்றி அறிந்து கொள்வதற்கும்  உதவும்."
          }
        ]