[
          
  {
    
          "description": "நீதிநெறி விளக்கப்பாடலில் எத்தனை வெண்பாக்கள் உள்ளன?",
          "options": [
      "100",
      "101",
      "102",
      "103"
    ],
    "answer": [
      "C"
    ],
    
          "additional_context": "குமரகுருபரரின் நீதிநெறி விளக்கப்பாடல் கடவுள் வாழ்த்து உட்பட 102 வெண்பாக்கள் கொண்டது. இந்த பாடல் மக்களின் வாழ்வுக்குத் தேவையான நீதிகளைச் சுட்டிக்காட்டும் விதமாக எழுதப்பட்டது. "
          }
        ,
          
  {
    
          "description": "'கற்பவை கற்றபின்' என்ற பகுதியில் கேட்கப்பட்ட கேள்வி எது?",
          "options": [
      "கல்வி குறித்து வழங்கப்படும் பழமொழிகளைத் தொகுத்து எழுதுக.",
      "கற்றோரின் சிறப்புகளைப் பற்றிப் பிற நூல்களில் இடம்பெற்ற பாடல்களைத் தொகுத்து எழுதுக.",
      "பின்வரும் நாலடியார் பாடலைப் படித்துச் சுவைக்க.",
      "மேற்கண்ட மூன்றும் சரி"
    ],
    "answer": [
      "D"
    ],
    
          "additional_context": "'கற்பவை கற்றபின்' என்ற பகுதியில் கல்வி குறித்து வழங்கப்படும் பழமொழிகளைத் தொகுத்து எழுதுக, கற்றோரின் சிறப்புகளைப் பற்றிப் பிற நூல்களில் இடம்பெற்ற பாடல்களைத் தொகுத்து எழுதுக, பின்வரும் நாலடியார் பாடலைப் படித்துச் சுவைக்க, என்ற கேள்விகள் கேட்கப்பட்டுள்ளன."
          }
        ,
          
  {
    
          "description": "'நாள சில' என்ற சொல்லின் பொருள் என்ன?",
          "options": [
      "சில நாட்கள்",
      "சில காலம்",
      "சில நிமிடங்கள்",
      "சில மணி நேரங்கள்"
    ],
    "answer": [
      "B"
    ],
    
          "additional_context": "'கல்வி கரையில கற்பவர் நாள் சில' என்ற வரியில் 'நாள சில' என்பது சில காலத்தை குறிக்கிறது. "
          }
        ,
          
  {
    
          "description": "பாடலின் கடைசி வரியில் குறிப்பிடப்பட்டுள்ள குருகின் பெயர் என்ன?",
          "options": [
      "குயில்",
      "கிளி",
      "பறவை",
      "பாலுண் குருகி"
    ],
    "answer": [
      "D"
    ],
    
          "additional_context": "பாடலின் கடைசி வரியில் 'பாலுண் குருகின் தெரிந்து' என்று குறிப்பிடப்பட்டுள்ளது. "
          }
        ,
          
  {
    
          "description": "'கல்வியின் பயன்களாக நீங்கள் கருதுவனவற்றை எழுதுக' என்ற கேள்வி எதற்காக கேட்கப்பட்டுள்ளது?",
          "options": [
      "கல்வி பற்றிய மாணவரின் புரிதலை மதிப்பிட",
      "மாணவர்களின் சொல்லாற்றலை மதிப்பிட",
      "கல்வியின் மதிப்பை எடுத்துரைக்க",
      "மேற்கண்ட மூன்றும் சரி"
    ],
    "answer": [
      "D"
    ],
    
          "additional_context": "'கல்வியின் பயன்களாக நீங்கள் கருதுவனவற்றை எழுதுக' என்ற கேள்வி மாணவர்களின் கல்வி பற்றிய புரிதல், சொல்லாற்றல் மற்றும் கல்வியின் மதிப்பை எடுத்துரைக்கும் திறனை மதிப்பிட கேட்கப்பட்டுள்ளது. "
          }
        ]