[
          
  {
    
          "description": "கலித்தொகை நூல் எத்தனை பாடல்களைக் கொண்டது?",
          "options": [
      "150",
      "100",
      "200",
      "50"
    ],
    "answer": "A",
    
          "additional_context": "கலித்தொகை என்பது எட்டுத்தொகை நூல்களில் ஒன்று. இது கலிப்பா எனும் பாவகையால் ஆன நூல். கலித்தொகை  நூற்று ஐம்பது பாடல்களைக் கொண்டது. குறிஞ்சிக்கலி, முல்லைக்கலி, மருதக்கலி, நெய்தற்கலி, பாலைக்கலி என்னும் ஐந்து பிரிவுகளை  உடையது. கலித்தொகையைத் தொகுத்தவர் நல்லந்துவனார். இவர் சங்ககாலப் புலவர்களுள் ஒருவர்.  "
          }
        ,
          
  {
    
          "description": "கலித்தொகையின் ஐந்து பிரிவுகள் யாவை?",
          "options": [
      "குறிஞ்சி, முல்லை, மருதம், நெய்தல், பாலை",
      "குறிஞ்சி, மருதம், நெய்தல், பாலை, காடு",
      "குறிஞ்சி, மருதம், பாலை, காடு, கடல்",
      "முல்லை, மருதம், நெய்தல், பாலை, காடு"
    ],
    "answer": "A",
    
          "additional_context": "கலித்தொகை  நூற்று ஐம்பது பாடல்களைக் கொண்டது. குறிஞ்சிக்கலி, முல்லைக்கலி, மருதக்கலி, நெய்தற்கலி, பாலைக்கலி என்னும் ஐந்து பிரிவுகளை  உடையது. "
          }
        ,
          
  {
    
          "description": "'பாடறிந்து ஒழுகுதல்' என்பதன் பொருள் யாது?",
          "options": [
      "பாடலைப் பாடிக் கொண்டே இருத்தல்",
      "பாடலைக் கேட்டு மகிழ்வது",
      "சான்றோர் காட்டிய வழியில் நடத்தல்",
      "பாடல்களைப் பற்றித் தெரிந்துகொள்ளுதல்"
    ],
    "answer": "C",
    
          "additional_context": "கலித்தொகையில் கூறப்பட்டுள்ள பண்பு எனப்படுவது பாடறிந்து ஒழுகுதல். இதன் பொருள் சான்றோர் காட்டிய வழியில் நடத்தல். "
          }
        ,
          
  {
    
          "description": "'கிளை செறாஅமை' என்பதன் பொருள் யாது?",
          "options": [
      "கிளையை வெட்டுவது",
      "கிளையைப் பறிப்பது",
      "உறவினர்களோடு வெறுப்பின்றி வாழ்தல்",
      "கிளையைப் பாதுகாத்தல்"
    ],
    "answer": "C",
    
          "additional_context": "கலித்தொகையில் கூறப்பட்டுள்ள அன்பு எனப்படுவது தன்கிளை செறாஅமை. இதன் பொருள் உறவினர்களோடு வெறுப்பின்றி வாழ்தல். "
          }
        ,
          
  {
    
          "description": "கலித்தொகையைத் தொகுத்தவர் யார்?",
          "options": [
      "நல்லந்துவனார்",
      "திருவள்ளுவர்",
      "கம்பர்",
      "இளங்கோவடிகள்"
    ],
    "answer": "A",
    
          "additional_context": "கலித்தொகையைத் தொகுத்தவர் நல்லந்துவனார். இவர் சங்ககாலப் புலவர்களுள் ஒருவர்.  "
          }
        ]