
[
  {
    "description": "'கற்றுஅறிந்தார் கல்வி விளங்கும் கசடறச் சொல்தெரிதல் வல்லார் அகத்து' என்ற குறள் எந்த சூழலைப் பற்றி பேசுகிறது?",
    "options": [
      "அறிஞர் நிறைந்த அவையில்தான் பல நூல்கள் கற்றவரின் கல்வி பெருமையடையும்",
      "கல்வி பெற்றவர்கள் சிறந்த சொற்களைத் தெரிந்துகொள்ள வேண்டும்",
      "கல்வியைப் பெறுவதன் மூலம் தூய்மையான சொற்களைப் பயன்படுத்தலாம்",
      "சொற்களின் மதிப்பைப் புரிந்துகொண்டு பேச வேண்டும்"
    ],
    "answer": "A",
    "additional_context": "சொற்களை ஆராயும் அறிஞர்நிறைந்த அவையில் பேசும்போதுதான் பலநூல்களைக் கற்றவரின் கல்வி பெருமையடையும் என்பதை இந்த குறள் கூறுகிறது. அறிஞர் நிறைந்த அவையில்  கல்வி பெற்றவர்களின் கல்வி விளங்கும் என்பதை இக்குறள்  பொருள்  கூறுகிறது."
  },
  {
    "description": "கலையரசன் கலைக்குழுத் தலைவராகத் தேர்ந்தெடுக்கப்பட்டதை விளக்கும் பொருத்தமான திருக்குறள் எது?",
    "options": [
      "இதனை இதனால் இவன்முடிக்கும் என்றுஆய்ந்து அதனை அவன்கண் விடல்",
      "ஓர்ந்துகண் ணோடாது இறைபுரிந்து யார்மாட்டும் தேர்ந்துசெய் வஃதே முறை",
      "அவைஅறிந்து ஆராய்ந்து சொல்லுக சொல்லின் தொகைஅறிந்த தூய்மை யவர்"
    ],
    "answer": "B",
    "additional_context": "கலையரசன் கலைக்குழு தலைவராகத் தேர்ந்தெடுக்கப்பட்டதை விளக்கும் பொருத்தமான திருக்குறள் இது.  கலைக்குழு தலைவர் பதவிக்குத் தகுதியானவர் யார் என்பதை ஆராய்ந்து நடுவுநிலையில் நின்று தேர்ந்தெடுக்கப்பட்டதை இந்த குறள் விளக்குகிறது."
  },
  {
    "description": "'கண்ணோடாது' என்னும் சொல்லைப் பிரித்து எழுதக் கிடைப்பது எது?",
    "options": [
      "கண் + ஓடாது",
      "க + ஓடாது",
      "கண் + ணோடாது",
      "கண்ணோ + ஆடாது"
    ],
    "answer": "C",
    "additional_context": "சொற்களை பிரித்து எழுதும் பயிற்சி  சொல்லாற்றலை வளர்க்கும். 'கண்ணோடாது' என்பதை 'கண் + ணோடாது' என பிரிக்கலாம்."
  },
  {
    "description": "'கசடற' என்னும் சொல்லைப் பிரித்து எழுதக் கிடைப்பது எது?",
    "options": [
      "கச + டற",
      "கசட + அற",
      "கசடு + அற",
      "கசடு + உற"
    ],
    "answer": "C",
    "additional_context": "சொற்களைப் பிரித்து எழுதும் பயிற்சி  சொல்லாற்றலை வளர்க்கும். 'கசடற' என்பதை 'கசடு + அற' என பிரிக்கலாம்."
  },
  {
    "description": "என்று + ஆய்ந்து என்பதனைச் சேர்த்தெழுதக் கிடைக்கும் சொல் எது?",
    "options": [
      "என்றாய்ந்து",
      "என்றய்ந்து",
      "என்றுஆய்ந்து",
      "என்ஆய்ந்து"
    ],
    "answer": "C",
    "additional_context": "சொற்களை சேர்த்து எழுதும் பயிற்சி  சொல்லாற்றலை வளர்க்கும். 'என்று + ஆய்ந்து' என்பதை 'என்றுஆய்ந்து'  எனச் சேர்த்து எழுதலாம்."
  }
]
