[
          
  {
    
          "description": "தேவாரப் பாடல்களைத் தொகுத்தவர் யார்?",
          "options": [
      "சேக்கிழார்",
      "நம்பியாண்டார் நம்பி",
      "சுந்தரர்",
      "திருஞானசம்பந்தர்"
    ],
    "answer": "B",
    
          "additional_context": "திருஞானசம்பந்தர், திருநாவுக்கரசர், சுந்தரர் ஆகிய மூவர் பாடிய பாடல்களின் தொகுப்பே தேவாரம் ஆகும். இந்நூலைத் தொகுத்தவர் நம்பியாண்டார் நம்பி ஆவார். இந்நூலில் சுந்தரர் பாடியுள்ள கேதாரப்பதிகப்பாடல் ஒன்று இங்குத் தரப்பட்டுள்ளது."
          }
        ,
          
  {
    
          "description": "'பதிகம்' என்பது என்னைக் குறிக்கிறது?",
          "options": [
      "பத்துப் பாடல்களை",
      "ஒரு இசைக்கருவியை",
      "ஒரு வகை இசை பாணியை",
      "ஒரு இசை ஓசையை"
    ],
    "answer": "A",
    
          "additional_context": "தே + ஆரம் – இறைவனுக்குச் சூட்டப்படும் மாலை என்றும், தே + வாரம் - இனிய இசை பொருந்திய பாடல்கள் எனவும் பொருள் கொள்ளப்படும். பதிகம் என்பது பத்துப் பாடல்களைக் கொண்டது."
          }
        ,
          
  {
    
          "description": "பாடலில் 'திருக்கேதாரம்' எந்த இடத்தைப் பற்றி குறிப்பிடுகிறது?",
          "options": [
      "நம்பியாரூரை",
      "திருச்செந்தூரை",
      "சிதம்பரத்தை",
      "திருவாரூரை"
    ],
    "answer": "D",
    
          "additional_context": "சுந்தரர் இயற்றிய தேவாரப் பாடல்களில் ஒன்றான திருக்கேதாரப் பதிகம்,  திருவாரூர் கோவிலைப் பற்றியது. இப்பாடல் திருக்கேதாரத்தின் அழகான இயற்கை, இசை, மதயானைகள் போன்றவற்றை விவரிக்கிறது."
          }
        ,
          
  {
    
          "description": "'தே + ஆரம்' என்ற சொற்களை இணைத்து என்ன பொருள் கொள்ளலாம்?",
          "options": [
      "இறைவனுக்குச் சூட்டப்படும் மாலை",
      "இறைவனின் கோவில்",
      "இறைவனின் அருள்",
      "இறைவனின் பெயர்"
    ],
    "answer": "A",
    
          "additional_context": "தே + ஆரம் – இறைவனுக்குச் சூட்டப்படும் மாலை என்றும், தே + வாரம் - இனிய இசை பொருந்திய பாடல்கள் எனவும் பொருள் கொள்ளப்படும். பதிகம் என்பது பத்துப் பாடல்களைக் கொண்டது."
          }
        ,
          
  {
    
          "description": "பாடல் மூலம் சுந்தரர் எதைப் பற்றி விவரிக்க முயல்கிறார்?",
          "options": [
      "திருக்கேதாரத்தில் உள்ள இயற்கை அழகை",
      "திருக்கேதாரத்தில் உள்ள இசைக்கருவிகளை",
      "திருக்கேதாரத்தில் உள்ள மதயானைகளை",
      "திருக்கேதாரத்தில் உள்ள இறைவனின் அருளை"
    ],
    "answer": "A",
    
          "additional_context": "சுந்தரர் இயற்றிய தேவாரப் பாடல்களில் ஒன்றான திருக்கேதாரப் பதிகம்,  திருவாரூர் கோவிலைப் பற்றியது. இப்பாடல் திருக்கேதாரத்தின் அழகான இயற்கை, இசை, மதயானைகள் போன்றவற்றை விவரிக்கிறது."
          }
        ]