
[
  {
    "description": "பழைய வீடுகளிலிருந்து பிரிக்கப்பட்ட ஆச்சா மரக்கட்டைகளைக் கொண்டே நாகசுரம் செய்யப்படுகிறது என்பதற்கான காரணம் என்ன?",
    "options": [
      "பழைய மரங்கள் வலுவானவை",
      "பழைய மரங்கள் இசைக்கு ஏற்றவை",
      "பழைய மரங்கள் அரிதானவை",
      "பழைய மரங்கள் மணம் நிறைந்தவை"
    ],
    "answer": "B",
    "additional_context": "நாகசுரம் என்ற பெயரே சரியானது. நாகசுரக் கருவி ஆச்சா மரத்தில் செய்யப்படுகிறது. வெட்டப்பட்ட ஆச்சா மரத்துண்டுகளை நீண்ட நாள்கள் வைத்திருந்த பிறகே இக்கருவி உருவாக்கப்படுகிறது. எனவே பழைய வீடுகளிலிருந்து பிரிக்கப்பட்ட ஆச்சா மரக்கட்டைகளைக் கொண்டே நாகசுரம் செய்யப்படுகிறது."
  },
  {
    "description": "\"உலகில் அமைதியை நிலவச் செய்வதில் இசைக்கு நிகர் வேறெதுவும் இல்லை\" - இந்தத் தொடரின் அர்த்தம் என்ன?",
    "options": [
      "இசை மனிதர்களை அமைதியானவர்களாக ஆக்குகிறது.",
      "இசை மனிதர்களுக்கு இடையே அமைதியை ஏற்படுத்துகிறது.",
      "இசை உலகில் அமைதியை நிலவச் செய்வதற்கான ஒரு சாதனம்.",
      "இசை மனிதர்களுக்கு இடையேயான போர்களைத் தடுக்கிறது."
    ],
    "answer": "C",
    "additional_context": "இந்திய இசையின் அழகான நுட்பங்களைத் தெளிவாக வாசித்துக் காட்டக்கூடிய இசைக் கருவிகளில் நாகசுரமும் ஒன்று. மங்கலமான பல நிகழ்வுகளில் இக்கருவி இசைக்கப்படுகிறது.  இந்தச் சிறப்பான கருவி 600 ஆண்டுகளுக்கு முன்புதான் தமிழகத்தில் வாசிக்கப்பட்டது. 13ஆம் நூற்றாண்டில் எழுதப்பட்ட சங்கீத இரத்னாகரம் என்னும் நூலில் இந்தக் கருவி கூறப்படவில்லை. 13ஆம் நூற்றாண்டு வரையிலுள்ள எந்தப் பதிவுகளிலும் இந்தக் கருவி பற்றிக் குறிப்பிடப்படவில்லை. தமிழகப் பழைமை வாய்ந்த கோவில் சிற்பங்களிலும் இந்தக் கருவி காணப்படவில்லை. ஆகவே இந்தக் கருவி 13ஆம் நூற்றாண்டிற்குப் பின் ஏற்பட்டிருக்கலாம் என்று அறியமுடிகிறது. "
  }
]
