[
          
  {
    
          "description": "பிறர் நலவியல் (Altruism) எந்த காலத்தில் தோன்றியது?",
          "options": [
      "மனிதன் பிறந்த காலத்தில்",
      "படிப்படியாக வளர்ந்தது",
      "பண்டைய கிரேக்க காலத்தில் மட்டும்",
      "சீனாவில் மட்டும் தோன்றியது"
    ],
    "answer": "B",
    
          "additional_context": "மக்கள் வரலாற்றில் படிப்படியாகத்தான் பிறர் நலவியல் தோன்றும். மேம்படாத சமுதாயத்தில் மனிதன் தன்னுடைய குடும்பத்தையும் தன் இனத்தையும் (tribe) காப்பாற்றவே முயல்வான். படிப்படியாக அறிவு வளர வளர எங்கு வாழ்ந்தாலும் மக்கள் அனைவரும் தன் இனத்தவர்; எல்லா உயிர்க்கும் அன்புகாட்டுதல் வேண்டும் என்னும் சிந்தனை அவனுக்குத் தோன்றும்."
          }
        ,
          
  {
    
          "description": "கிரேக்கத் தத்துவ ஞானிகளில் எவரை பிறர் நலவியல் கொள்கை குறித்து குறிப்பிடவில்லை?",
          "options": [
      "பிளேட்டோ",
      "அரிஸ்டாட்டில்",
      "ஸ்டாயிக்வாதிகள்",
      "செனக்கா"
    ],
    "answer": "C",
    
          "additional_context": "வெவ்வேறு பண்பாடுகள் வெவ்வேறு காலத்தில் பிறர் நலவியலைக் கற்பித்து வந்திருக்கின்றன. சீனநாட்டில் பொ.ஆ.மு. 604ஆம் ஆண்டில் பிறந்த லாவோட்சும் (Lao–Tse) அவருக்குப் பின்பு கன்பூசியசும் (Confucius பொ.ஆ.மு. 551-479) தம் காலத்திலேயே இந்தக் கொள்கையை ஒருவாறு தெளிவாகக் கற்பித்துள்ளனர். ஆனால், பிளேட்டோ, அரிஸ்டாட்டில் போன்ற கிரேக்கத் தத்துவ ஞானிகள் கிரேக்கக் குடியினரை மட்டுமே தம் சிந்தனைக்கு உட்படுத்தினர்."
          }
        ,
          
  {
    
          "description": "'இம்மைச் செய்தது மறுமைக்கு ஆமெனும்' என்ற பாடல் வரியில் எந்தப் பண்பைக் குறிப்பிடுகிறது?",
          "options": [
      "தன்னலமற்ற செயல்",
      "பிறருக்காக வாழ்தல்",
      "மறுமை நம்பிக்கை",
      "நன்மைக்காக நன்மை செய்தல்"
    ],
    "answer": "A",
    
          "additional_context": "கடையெழு வள்ளல்களுள் ஒருவரான ஆய் என்பவரைப் போற்றுவதற்குக் காரணம் அவர், நன்மையை நன்மைக்காகவே செய்ததுதான். பிறர் போற்றுவார்கள் என்றோ வேறு நலன்களைப் பெறலாம் என்றோ அவர் நன்மைகளைச் செய்யவில்லை. அறவிலை வணிகன் ஆய் அலன்."
          }
        ,
          
  {
    
          "description": "தமிழ் இலக்கியத்தில் 'தமிழகம்' என்ற ஒற்றுமை உணர்வு எவ்வாறு உருவானது?",
          "options": [
      "அரசர்களால் ஒன்றிணைக்கப்பட்டதால்",
      "பாணர்களும் புலவர்களும் தமிழ் வழங்கும் இடமெங்கும் சென்றதால்",
      "மொழி வழங்கும் பகுதிகளில் இலக்கியம் பரவியதால்",
      "மொழி வழங்கும் பகுதிகளில் நாடகங்கள் நடத்தப்பட்டதால்"
    ],
    "answer": "B",
    
          "additional_context": "தமிழ்நாட்டுப் பாணரும் புலவருமே ஆவர் என்பதை அறிய முடிகிறது. பாணர்க்கும் புலவர்க்கும் சொந்த ஊரும் நாடும் உண்டு. ஆயினும், அவர்கள் தமிழ் வழங்கும் இடமெங்கும் சென்று அரசர்களையும் வள்ளல்களையும் மக்களையும் வாழ்த்தி வந்ததால் 'தமிழகம்' என்ற ஒற்றுமை உணர்வு உண்டானது. அம்மொழி பரவிய நிலம் அனைத்தையும் 'தமிழகம்' என்றும் 'தமிழ்நாடு' என்றும் வாழ்த்தினர்."
          }
        ,
          
  {
    
          "description": "'பண்புடைமையாவது யாவர்மாட்டும் அன்பினராய்க் கலந்து ஒழுகுதலும், அவரவர் வருத்தத்திற்குப் பரிதலும் பகுத்து உண்டலும் பழிநாணலும் முதலான நற்குணங்கள் பலவும் உடைமை' என்ற வரிகள் எந்த நூலில் இருந்து எடுக்கப்பட்டவை?",
          "options": [
      "தொல்காப்பியம்",
      "திருக்குறள்",
      "புறநானூறு",
      "பரிபாடல்"
    ],
    "answer": "D",
    
          "additional_context": "பண்புடைமை என்னும் அதிகாரத்திற்கு உரை கண்ட பரிப்பெருமாள் பின்வருமாறு கூறியுள்ளார்: 'பண்புடைமையாவது யாவர்மாட்டும் அன்பினராய்க் கலந்து ஒழுகுதலும், அவரவர் வருத்தத்திற்குப் பரிதலும் பகுத்து உண்டலும் பழிநாணலும் முதலான நற்குணங்கள் பலவும் உடைமை'."
          }
        ]