
[
  {
    "description": "சிறுபஞ்சமூலத்தின் மூலம் எது போக்கப்படுகிறது?",
    "options": [
      "உடல் நோய்",
      "மன நோய்",
      "அறியாமையால் ஏற்படும் துன்பம்",
      "பொருள் இழப்பு"
    ],
    "answer": "C",
    "additional_context": "சிறுபஞ்சமூலம் நூல் மருத்துவ நூல் அல்ல, அறநூல். இந்நூலின் ஆசிரியர் காரியாசான். இந்நூலில் ஐந்து ஐந்து கருத்துகளைக் கொண்ட பாடல்கள் உள்ளன. இந்த பாடல்கள் மக்களின் அறியாமையைப் போக்கி நல்வழிப்படுத்துவனவாய் அமைந்துள்ளன."
  },
  {
    "description": "சிறுபஞ்சமூலம் நூலின் ஐந்து சிறிய வேர்கள் எவை?",
    "options": [
      "a) பூக்கள், இலைகள், தண்டு, வேர், கனி",
      "b) கண்டங்கத்திரி, சிறுவழுதுணை, சிறுமல்லி, பெருமல்லி, நெருஞ்சி",
      "c) பனை, தென்னை, மா, பலா, வாழை",
      "d) நெல், கரும்பு, கம்பு, சோளம், பருத்தி"
    ],
    "answer": "B",
    "additional_context": "சிறுபஞ்சமூலம் என்ற பெயர்க்காரணம் இந்த ஐந்து மருத்துவ மூலிகைகளால் தான். இம்மூலிகைகளைப் பயன்படுத்தி உடல் நலம் சீராக இருக்கலாம். சிறுபஞ்சமூலம் நூல் மருத்துவ நூல் அல்ல, அறநூல். இந்நூலின் ஆசிரியர் காரியாசான். இந்நூலில் ஐந்து ஐந்து கருத்துகளைக் கொண்ட பாடல்கள் உள்ளன. இந்த பாடல்கள் மக்களின் அறியாமையைப் போக்கி நல்வழிப்படுத்துவனவாய் அமைந்துள்ளன."
  },
  {
    "description": "சிறுபஞ்சமூலம் நூலின் ஆசிரியர் யார்?",
    "options": [
      "a) மாக்காயனார்",
      "b) காரியாசான்",
      "c) வள்ளலார்",
      "d) பாரதியார்"
    ],
    "answer": "B",
    "additional_context": "சிறுபஞ்சமூலம் நூல் மருத்துவ நூல் அல்ல, அறநூல். இந்நூலின் ஆசிரியர் காரியாசான். இந்நூலில் ஐந்து ஐந்து கருத்துகளைக் கொண்ட பாடல்கள் உள்ளன. இந்த பாடல்கள் மக்களின் அறியாமையைப் போக்கி நல்வழிப்படுத்துவனவாய் அமைந்துள்ளன."
  },
  {
    "description": "சிறுபஞ்சமூலம் நூலில் இடம்பெறும் பாடல்கள் எதைக் குறித்து எடுத்துக்காட்டுகின்றன?",
    "options": [
      "a) நட்சத்திரங்கள் பற்றிய விளக்கம்",
      "b) கடல் வாழ் உயிரினங்களைப் பற்றிய விளக்கம்",
      "c) வாழ்வியல் உண்மைகள்",
      "d) இறைவனின் பெருமையைப் பற்றிய விளக்கம்"
    ],
    "answer": "C",
    "additional_context": "சிறுபஞ்சமூலம் நூல் மருத்துவ நூல் அல்ல, அறநூல். இந்நூலின் ஆசிரியர் காரியாசான். இந்நூலில் ஐந்து ஐந்து கருத்துகளைக் கொண்ட பாடல்கள் உள்ளன. இந்த பாடல்கள் மக்களின் அறியாமையைப் போக்கி நல்வழிப்படுத்துவனவாய் அமைந்துள்ளன."
  },
  {
    "description": "பாடலில் \"உரையாமை செல்லும் உணர்வு\" என்ற தொடர் என்ன பொருள் தருகிறது?",
    "options": [
      "a) யாரும் சொல்லாமல் தானாகவே அறிந்துகொள்ளும் திறன்",
      "b) அடுத்தவர்களைப் பார்த்துப் பின்பற்றுவது",
      "c) கற்றுக்கொண்டதைப் பிறருக்குச் சொல்லும் திறன்",
      "d) சரியானதைச் செய்யாமல் தவறானதைச் செய்வது"
    ],
    "answer": "A",
    "additional_context": "சிறுபஞ்சமூலம் நூல் மருத்துவ நூல் அல்ல, அறநூல். இந்நூலின் ஆசிரியர் காரியாசான். இந்நூலில் ஐந்து ஐந்து கருத்துகளைக் கொண்ட பாடல்கள் உள்ளன. இந்த பாடல்கள் மக்களின் அறியாமையைப் போக்கி நல்வழிப்படுத்துவனவாய் அமைந்துள்ளன. \"உரையாமை செல்லும் உணர்வு\" என்ற தொடர் தானாகவே அறிந்துகொள்ளும் திறனை குறிக்கிறது. அதாவது யாரும் சொல்லாமல் தானாகவே உணர்ந்துகொள்பவர்களின் தன்மையைக் குறிக்கிறது."
  }
]
