[
          
  {
    
          "description": "______ போன்ற இருபெரும் கடைத் தெருக்கள் என்று மதுரைக்காஞ்சி குறிப்பிடுகிறது.",
          "options": [
      "கடல்",
      "மலை",
      "வானம்",
      "ஓவியம்"
    ],
    "answer": [
      "D"
    ],
    
          "additional_context": "மதுரை மாநகரின் வீதிகளில் இருந்த கடைகளை ஓவியம் போன்று இருந்தன என மதுரைக்காஞ்சி கூறுகிறது. மதுரைக்காஞ்சி நூலில் 'ஓவுக் கண்டன்ன இரு பெரு நியமத்து' என்ற வரிகள் இதைக் குறிப்பிடுகின்றன."
          }
        ,
          
  {
    
          "description": "மதுரைக்காஞ்சியில் 'தெய்வத் தன்மை பொருந்திய நெடுவாசல்' எனக் குறிப்பிடப்படுவது எதைக் குறிக்கிறது?",
          "options": [
      "மதுரை மாநகரின் அகழியை",
      "மதுரை மாநகரின் மதில்களை",
      "மதுரை மாநகரின் வாயில்களை",
      "மதுரை மாநகரின் கோபுரங்களை"
    ],
    "answer": [
      "C"
    ],
    
          "additional_context": "மதுரைக்காஞ்சி நூலில் 'தொல்வலி நிலைஇய, அணங்குடை நெடுநிலை' என்ற வரிகள் மதுரை மாநகரின் வாயில்களை விவரிக்கிறது. மதுரை மாநகரின் வாயில்கள் பழமையானவை மற்றும் வலிமையானவை. அதை தவிர, இவை தெய்வத்தன்மை பொருந்தியவை."
          }
        ,
          
  {
    
          "description": "மதுரைக்காஞ்சி நூலில் 'ஓவியம் போன்ற இரு பெரு நியமத்து' என்ற வரிகள் எதைக் குறிப்பிடுகின்றன?",
          "options": [
      "மதுரை மாநகரின் வீடுகளின் அழகை",
      "மதுரை மாநகரின் வாயில்களின் வடிவமைப்பை",
      "மதுரை மாநகரின் தெருக்களில் உள்ள கடைகளை",
      "மதுரை மாநகரின் வணிக மையங்களை"
    ],
    "answer": [
      "C"
    ],
    
          "additional_context": "மதுரை மாநகரின் வீதிகளில் இருந்த கடைகளை ஓவியம் போன்று இருந்தன என மதுரைக்காஞ்சி கூறுகிறது. மதுரைக்காஞ்சி நூலில் 'ஓவுக் கண்டன்ன இரு பெரு நியமத்து' என்ற வரிகள் இதைக் குறிப்பிடுகின்றன."
          }
        ,
          
  {
    
          "description": "'பொறிமயிர் வாரணம்' என்ற வார்த்தைகள் மதுரைக்காஞ்சியில் எந்த வகையான விலங்குகளைக் குறிப்பிடுகின்றன?",
          "options": [
      "புலிகள்",
      "யானைகள்",
      "சிங்கங்கள்",
      "காட்டெருமைகள்"
    ],
    "answer": [
      "B"
    ],
    
          "additional_context": "மதுரைக்காஞ்சி நூலில் 'பொறிமயிர் வாரணம்' என்ற வார்த்தைகள் யானைகளைக் குறிப்பிடுகின்றன. யானைகள் மதுரை மாநகரில் இருந்ததற்கான சான்று இதன் மூலம் கிடைக்கிறது."
          }
        ,
          
  {
    
          "description": "மதுரைக்காஞ்சியில் 'மாகால் எடுத்த முந்நீர் போல' என்ற வரிகள் எந்த ஒலியை விவரிக்கின்றன?",
          "options": [
      "மதுரை மாநகரில் மக்கள் பேசும் ஒலியை",
      "மதுரை மாநகரில் வீசும் காற்றின் ஒலியை",
      "மதுரை மாநகரில் விழாக்களின் போது ஒலிக்கும் முரசு ஒலியை",
      "மதுரை மாநகரில் இசைக்கருவிகள் இசைக்கும் ஒலியை"
    ],
    "answer": [
      "C"
    ],
    
          "additional_context": "மதுரைக்காஞ்சி நூலில் 'மாகால் எடுத்த முந்நீர் போல' என்ற வரிகள் மதுரை மாநகரில் விழாக்களின் போது ஒலிக்கும் முரசு ஒலியை விவரிக்கிறது. இதன் மூலம் மதுரை மாநகரில் விழாக்கள் நடந்ததற்கான சான்று கிடைக்கிறது."
          }
        ]