
[
  {
    "description": "நாகசுரத்தின் மேல்பகுதியில் பொருத்தப்படும் கருவியின் பெயர் என்ன?",
    "options": [
      "சீவாளி",
      "சாரங்கம்",
      "மிருதங்கம்",
      "தவில்"
    ],
    "answer": "A",
    "additional_context": "நாகசுரம் என்பது ஒரு மங்கலமான இசைக் கருவியாகும். இது  ஆச்சா மரத்தில் தயாரிக்கப்படும் ஒரு பாரம்பரிய இசைக் கருவியாகும். நாகசுரத்தின் மேல்பகுதியில்  சீவாளி என்ற கருவி பொருத்தப்படுகிறது. சீவாளி என்பது  புல் வகையை கொண்டு செய்யப்படுகிறது. நாகசுரம் தமிழகத்தில் 600 ஆண்டுகளுக்கு முன்புதான் வாசிக்கப்படுகிறது."
  },
  {
    "description": "நாகசுரம் எந்த நூற்றாண்டில் இருந்து தமிழகத்தில் வாசிக்கப்படுகிறது?",
    "options": [
      "13 ஆம் நூற்றாண்டு",
      "14 ஆம் நூற்றாண்டு",
      "15 ஆம் நூற்றாண்டு",
      "16 ஆம் நூற்றாண்டு"
    ],
    "answer": "B",
    "additional_context": "நாகசுரம் என்பது ஒரு மங்கலமான இசைக் கருவியாகும். இது  ஆச்சா மரத்தில் தயாரிக்கப்படும் ஒரு பாரம்பரிய இசைக் கருவியாகும். நாகசுரத்தின் மேல்பகுதியில்  சீவாளி என்ற கருவி பொருத்தப்படுகிறது. சீவாளி என்பது  புல் வகையை கொண்டு செய்யப்படுகிறது. நாகசுரம் தமிழகத்தில் 600 ஆண்டுகளுக்கு முன்புதான் வாசிக்கப்படுகிறது. 13ஆம் நூற்றாண்டில் எழுதப்பட்ட சங்கீத இரத்னாகரம் என்னும் நூலில் இந்தக் கருவி கூறப்படவில்லை. 13ஆம் நூற்றாண்டு வரையிலுள்ள எந்தப் பதிவுகளிலும் இந்தக் கருவி பற்றிக் குறிப்பிடப்படவில்லை. தமிழகப் பழைமை வாய்ந்த கோவில் சிற்பங்களிலும் இந்தக் கருவி காணப்படவில்லை. ஆகவே இந்தக் கருவி 13ஆம் நூற்றாண்டிற்குப் பின் ஏற்பட்டிருக்கலாம் என்று அறியமுடிகிறது."
  },
  {
    "description": "\"அவரவர் அனுபவிப்பதும் எழுத்தாக வடிப்பதும் அவரவர் முறை\" - இந்தக் கோட்பாட்டை யார் கூறினார்கள்?",
    "options": [
      "உ.வே. சாமிநாதர்",
      "மௌனி",
      "தி.ஜானகிராமன்",
      "தஞ்சை பிரகாஷ்"
    ],
    "answer": "C",
    "additional_context": "தி. ஜானகிராமன் ஒரு தமிழ் எழுத்தாளர் மற்றும்  கல்வி நிபுணர். தஞ்சை மண்வாசனையுடன் கதைகளைப் படைத்தவர். உயர்நிலைப்பள்ளி ஆசிரியராகவும் வானொலியில் கல்வி ஒலிபரப்பு அமைப்பாளராகவும் பணியாற்றியவர். வடமொழி அறிவும் சிறந்த இசையறிவும் கொண்ட இவர்தம் கதைகள் மணிக்கொடி, கிராம ஊழியன், கணையாழி, கலைமகள், சுதேசமித்திரன், ஆனந்த விகடன், கல்கி போன்ற இதழ்களில் வெளிவந்தன. நாவல்களையும் நாடகங்களையும் இவர் படைத்துள்ளார்.  'அவரவர் அனுபவிப்பதும் எழுத்தாக வடிப்பதும் அவரவர் முறை' என்னும் கோட்பாட்டைக் கொண்டவர் இவர். தமிழ்க் கதையுலகம் நவீனமயமானதில் இவரது பங்களிப்பு குறிப்பிடத்தக்கது. "
  },
  {
    "description": "நாகசுரம் எந்த நூலில் கூறப்படவில்லை?",
    "options": [
      "சங்கீத இரத்னாகரம்",
      "சங்கீத சாரம்",
      "நாடக நிரூபணம்",
      "சங்கீத மகாரத்னம்"
    ],
    "answer": "A",
    "additional_context": "நாகசுரம் என்பது ஒரு மங்கலமான இசைக் கருவியாகும். இது  ஆச்சா மரத்தில் தயாரிக்கப்படும் ஒரு பாரம்பரிய இசைக் கருவியாகும். நாகசுரத்தின் மேல்பகுதியில்  சீவாளி என்ற கருவி பொருத்தப்படுகிறது. சீவாளி என்பது  புல் வகையை கொண்டு செய்யப்படுகிறது. நாகசுரம் தமிழகத்தில் 600 ஆண்டுகளுக்கு முன்புதான் வாசிக்கப்படுகிறது. 13ஆம் நூற்றாண்டில் எழுதப்பட்ட சங்கீத இரத்னாகரம் என்னும் நூலில் இந்தக் கருவி கூறப்படவில்லை. 13ஆம் நூற்றாண்டு வரையிலுள்ள எந்தப் பதிவுகளிலும் இந்தக் கருவி பற்றிக் குறிப்பிடப்படவில்லை. தமிழகப் பழைமை வாய்ந்த கோவில் சிற்பங்களிலும் இந்தக் கருவி காணப்படவில்லை. ஆகவே இந்தக் கருவி 13ஆம் நூற்றாண்டிற்குப் பின் ஏற்பட்டிருக்கலாம் என்று அறியமுடிகிறது."
  },
  {
    "description": "தி.ஜானகிராமன் எழுதிய \"செய்தி\" என்ற சிறுகதை எந்த தொகுப்பில் இடம்பெற்றுள்ளது?",
    "options": [
      "a) கிராம ஊழியன்",
      "b) சிவப்பு ரிக்ஷா",
      "c) கணையாழி",
      "d) கலைமகள்"
    ],
    "answer": "b",
    "additional_context": "தி. ஜானகிராமன் ஒரு தமிழ் எழுத்தாளர் மற்றும்  கல்வி நிபுணர். தஞ்சை மண்வாசனையுடன் கதைகளைப் படைத்தவர். உயர்நிலைப்பள்ளி ஆசிரியராகவும் வானொலியில் கல்வி ஒலிபரப்பு அமைப்பாளராகவும் பணியாற்றியவர். வடமொழி அறிவும் சிறந்த இசையறிவும் கொண்ட இவர்தம் கதைகள் மணிக்கொடி, கிராம ஊழியன், கணையாழி, கலைமகள், சுதேசமித்திரன், ஆனந்த விகடன், கல்கி போன்ற இதழ்களில் வெளிவந்தன. நாவல்களையும் நாடகங்களையும் இவர் படைத்துள்ளார்.  'அவரவர் அனுபவிப்பதும் எழுத்தாக வடிப்பதும் அவரவர் முறை' என்னும் கோட்பாட்டைக் கொண்டவர் இவர். தமிழ்க் கதையுலகம் நவீனமயமானதில் இவரது பங்களிப்பு குறிப்பிடத்தக்கது. செய்தி என்னும் சிறுகதை சிவப்பு ரிக்ஷா என்ற தொகுப்பில் இடம்பெற்றுள்ளது. மிகவும் உயர்ந்த இசை சிறந்த கலைஞனால் கையாளப்படும்போது சொற்களின் எல்லையைத் தாண்டி இசையின் மூலமாகவே பொருள் கொடுக்கிறது என்பதை இக்கதை உணர்த்துகிறது."
  }
]
