
[
  {
    "description": "'கத்தியை __விட' என்ற தொடரில், விடுபட்ட இடத்தில் என்ன வர வேண்டும்?",
    "options": [
      "வி",
      "வ்",
      "வ",
      "ஸ"
    ],
    "answer": "B",
    "additional_context": "வல்லினம் மிகும் இடங்களை இனங்கண்டு பயன்படுத்தத் தொடங்கினாலே, தவறுகளைத் தவிர்த்துவிடலாம். மரபையும் பட்டறிவையும் அ, இ என்னும் சுட்டெழுத்துகளுக்குப் பின்னும், அந்த, இந்த என்னும் சுட்டுப் பெயர்களின் பின்னும், எ என்னும் வினாவெழுத்தின் பின்னும், எந்த என்னும் வினாச் சொல்லின் பின்னும் வல்லினம் மிகும்."
  },
  {
    "description": "'கார் __பருவம்' என்ற தொடரில், விடுபட்ட இடத்தில் என்ன வர வேண்டும்?",
    "options": [
      "ப",
      "ப்",
      "பி",
      "ஸ"
    ],
    "answer": "B",
    "additional_context": "வல்லினம் மிகும் இடங்களை இனங்கண்டு பயன்படுத்தத் தொடங்கினாலே, தவறுகளைத் தவிர்த்துவிடலாம். மரபையும் பட்டறிவையும் அ, இ என்னும் சுட்டெழுத்துகளுக்குப் பின்னும், அந்த, இந்த என்னும் சுட்டுப் பெயர்களின் பின்னும், எ என்னும் வினாவெழுத்தின் பின்னும், எந்த என்னும் வினாச் சொல்லின் பின்னும் வல்லினம் மிகும்."
  },
  {
    "description": "'சின்னக்கொடி' மற்றும் 'சின்னகொடி' என்ற இரு தொடர்களும் ஒரே பொருளைத் தருகின்றனவா?",
    "options": [
      "ஆம்",
      "இல்லை"
    ],
    "answer": "B",
    "additional_context": "தொடர்களின் பொருள் வேறுபடுகிறது. சின்னக்கொடி - சிறிய கொடி; சின்னகொடி - சின்னத்தைக் கொண்ட கொடி."
  },
  {
    "description": "'தோப்புக்கள்' மற்றும் 'தோப்புகள்' என்ற இரு தொடர்களும் ஒரே பொருளைத் தருகின்றனவா?",
    "options": [
      "ஆம்",
      "இல்லை"
    ],
    "answer": "B",
    "additional_context": "தொடர்களின் பொருள் வேறுபடுகிறது. தோப்புக்கள் - பல தோப்புகள்; தோப்புகள் - தோப்புகளின் பன்மை."
  },
  {
    "description": "'கடைப்பிடி' மற்றும் 'கடைபிடி' என்ற இரு தொடர்களும் ஒரே பொருளைத் தருகின்றனவா?",
    "options": [
      "ஆம்",
      "இல்லை"
    ],
    "answer": "B",
    "additional_context": "தொடர்களின் பொருள் வேறுபடுகிறது. கடைப்பிடி - கடையைப் பிடித்தல்; கடைபிடி - பின்பற்றுதல்."
  }
]
