[
          
  {
    
          "description": "'பெண்களுக்கெனத் தொடங்கப்பட்ட பள்ளியில் ஆசிரியராகப் பணியாற்றியவர்' என்று குறிப்பிடப்படும் சாவித்திரிபாய் பூலேவைப் பற்றிய விவரம் எந்தப் பகுதியில் உள்ளது?",
          "options": [
      "வில்லுப்பாட்டு பகுதி",
      "பெண்மை - புரட்சி பகுதி",
      "பெண்மை - அறிவு பகுதி",
      "பெண்மை - உயர்வு பகுதி"
    ],
    "answer": "C",
    
          "additional_context": "வில்லுப்பாட்டுக் குழுத்தலைவர்: தம்பி 1882இல் ஹண்டர் குழு முதன்முதலில் பெண் கல்விக்குப் பரிந்துரை செய்தது. அந்த அறிக்கையின்படி மராட்டிய மாநிலத்தில் ஜோதிராவ் பூலே, சாவித்திரிபாய் பூலே இணையர் முதன் முதலாகப் பெண்களுக்கான பள்ளியைத் தொடங்கினாங்க."
          }
        ,
          
  {
    
          "description": "வில்லுப்பாட்டு பகுதியில் குறிப்பிடப்படும் 'கைலாஷ் சத்யார்த்தி' யார்?",
          "options": [
      "நோபல் பரிசு பெற்றவர்",
      "பெண்கள் கல்வி நிறுவனங்களைத் தொடங்கியவர்",
      "சமூக சீர்திருத்தவாதி",
      "மருத்துவர்"
    ],
    "answer": "A",
    
          "additional_context": "குழுத்தலைவர்: 2014இல் நோபல் பரிசு வாங்கின பெருமைக்குரியவரு. அவர்தான் நம்ம கைலாஷ் சத்யார்த்தி."
          }
        ]