
[
  {
    "description": "'மல்லிகைப்பூ' என்ற தொடரில் வல்லினம் மிகும் இடம் எது?",
    "options": [
      "மல்லிகை என்ற சொல்லின் தொடக்கத்தில்",
      "மல்லிகை என்ற சொல்லின் இறுதியில்",
      "பூ என்ற சொல்லின் தொடக்கத்தில்",
      "பூ என்ற சொல்லின் இறுதியில்"
    ],
    "answer": "B",
    "additional_context": "இரு பெயரொட்டுப் பண்புத் தொகையில் வல்லினம் மிகும் என்பதை நாம் அறிவோம். மல்லிகைப்பூ என்பது ஒரு பண்புத் தொகை.  மல்லிகை என்ற சொல்லின் இறுதியில் 'ய்' மெய் புணர்தல் அல்லது மிகுதல் நிகழ்கிறது. இதனால் 'மல்லிகைப்பூ' என்ற சொல்லில் வல்லினம் மிகுகிறது.  "
  },
  {
    "description": "'தவச்சிறிது' என்ற தொடரில் வல்லினம் மிகும் இடம் எது?",
    "options": [
      "தவ என்ற சொல்லின் தொடக்கத்தில்",
      "தவ என்ற சொல்லின் இறுதியில்",
      "சிறிது என்ற சொல்லின் தொடக்கத்தில்",
      "சிறிது என்ற சொல்லின் இறுதியில்"
    ],
    "answer": "B",
    "additional_context": "சால, தவ, தட, குழ என்னும் உரிச்சொற்களின்பின் வல்லினம் மிகும் என்பதை நாம் அறிவோம். தவச்சிறிது என்ற சொல்லில், தவ என்ற சொல்லின் இறுதியில் வல்லினம் மிகுவதைக் காணலாம். "
  },
  {
    "description": "'கனாக் கண்டேன்' என்ற தொடரில் வல்லினம் மிகும் இடம் எது?",
    "options": [
      "கனாக் என்ற சொல்லின் தொடக்கத்தில்",
      "கனாக் என்ற சொல்லின் இறுதியில்",
      "கண்டேன் என்ற சொல்லின் தொடக்கத்தில்",
      "கண்டேன் என்ற சொல்லின் இறுதியில்"
    ],
    "answer": "B",
    "additional_context": "சில உருவகச் சொற்களில் வல்லினம் மிகும் என்பதை நாம் அறிவோம். 'கனாக் கண்டேன்' என்ற சொல்லில், 'கனாக்' என்பது உருவகச் சொல்.  கனாக் என்ற சொல்லின் இறுதியில் 'க்' மெய் புணர்தல் அல்லது மிகுதல் நிகழ்கிறது. இதனால் 'கனாக் கண்டேன்' என்ற சொல்லில் வல்லினம் மிகுகிறது.  "
  },
  {
    "description": "'உலகப்பந்து' என்ற தொடரில் வல்லினம் மிகும் இடம் எது?",
    "options": [
      "உலக என்ற சொல்லின் தொடக்கத்தில்",
      "உலக என்ற சொல்லின் இறுதியில்",
      "பந்து என்ற சொல்லின் தொடக்கத்தில்",
      "பந்து என்ற சொல்லின் இறுதியில்"
    ],
    "answer": "B",
    "additional_context": "உவமைத் தொகையில் வல்லினம் மிகும் என்பதை நாம் அறிவோம். 'உலகப்பந்து' என்ற சொல் உவமைத் தொகை.  உலக என்ற சொல்லின் இறுதியில் 'க்' மெய் புணர்தல் அல்லது மிகுதல் நிகழ்கிறது. இதனால் 'உலகப்பந்து' என்ற சொல்லில் வல்லினம் மிகுகிறது.  "
  },
  {
    "description": "'பெட்டி __செய்தி' என்ற தொடரில், விடுபட்ட இடத்தில் என்ன வர வேண்டும்?",
    "options": [
      "செ",
      "ச்",
      "சி",
      "ஸ"
    ],
    "answer": "B",
    "additional_context": "அ, இ என்னும் சுட்டெழுத்துகளுக்குப் பின்னும் வல்லினம் மிகும் என்பதை நாம் அறிவோம். 'பெட்டி' என்ற சொல்லின் இறுதியில் 'ய்' மெய் புணர்தல் அல்லது மிகுதல் நிகழ்கிறது. இதனால் 'பெட்டிச்செய்தி' என்ற சொல்லில் வல்லினம் மிகுகிறது.  "
  }
]
