
[
  {
    "description": "1. தமிழ்நாட்டின் பழங்காலக் கட்டிடக்கலை எவ்வாறு வளர்ந்தது?",
    "options": [],
    "answer": [],
    "additional_context": "தமிழ்நாட்டின் பழங்காலக் கட்டிடக்கலை பல நூற்றாண்டுகளாக வளர்ந்து வந்துள்ளது. இது தமிழர்களின் கலை, கலாச்சாரம் மற்றும் தொழில்நுட்ப வளர்ச்சியை பிரதிபலிக்கிறது. தமிழர்களின்  கட்டிடக்கலையில்,  கல், மரம், செங்கல் மற்றும் மண் போன்ற பொருட்கள் பயன்படுத்தப்பட்டன.  இந்தியாவின் மிகப் பழமையான கட்டிடக்கலை அமைப்புகளான மெகாலிதிக் கற்களும், தூபிகளும் தமிழ்நாட்டில் காணப்படுகின்றன.  தமிழர்களின் கட்டிடக்கலை தங்களைச் சுற்றியுள்ள இயற்கை சூழலைப் பிரதிபலித்து,  அவர்களின் வாழ்க்கை முறையை  கூடுதலாக விளக்குகிறது.  இந்த கட்டிடங்கள் பல ஆயிரம் ஆண்டுகள் பழமையானவை,  மேலும் மதம், அரசியல் மற்றும் சமூக வாழ்க்கை ஆகியவற்றைப் பிரதிபலிக்கின்றன.  தமிழ்நாட்டின் கட்டிடக்கலையின் முக்கிய அம்சங்கள் பின்வருமாறு:  \n\n * கோயில்கள்:   தமிழ்நாட்டில் உள்ள  தென்னிந்திய கோயில்கள்,  தமிழர்களின்   கட்டிடக்கலை  நுட்பத்திற்கான  ஒரு   சிறந்த   உதாரணம்.  \n * மண்டபங்கள்:  கோயில்கள், அரண்மனைகள் மற்றும் வீடுகளில்  மண்டபங்கள்   பொதுவான   ஒரு   அம்சமாகும். \n * தூண்கள்:  தமிழ்நாட்டு   கட்டிடங்களில்   தூண்கள்  ஒரு   முக்கிய   பங்கு   வகிக்கின்றன.   \n * அலங்காரம்:  சிலைகள்,   ஓவியங்கள்   மற்றும்   கல்வெட்டுகள்  போன்றவற்றின் மூலம்  தமிழ்நாட்டு   கட்டிடங்கள்   அலங்கரிக்கப்படுகின்றன. "
  },
  {
    "description": "2. தமிழ்நாட்டின் மரபு வழக்கங்களில் சிலவற்றை விவரி.",
    "options": [],
    "answer": [],
    "additional_context": "தமிழ்நாட்டில்  மரபு   வழக்கங்கள்   மிகவும்  வளம்   மிகுந்தவை.   தமிழர்களின்   வாழ்க்கை   முறையை    பிரதிபலிக்கும்   இந்த   வழக்கங்கள்   தலைமுறையாக   தொடர்ந்து   வருகின்றன.  இந்த   வழக்கங்களில்    சில  முக்கிய   உதாரணங்கள்   பின்வருமாறு:  \n\n* திருமணம்:  தமிழ்நாட்டில்    திருமணம்   மிகவும்    முக்கியமான    ஒரு    விழா.    இந்த    விழா    மிகவும்    சம்பிரதாயபூர்வமாக    நடத்தப்படுகிறது.   \n* வழிபாடு:  தமிழ்நாட்டில்    பல    தெய்வங்கள்   வழிபாடு   செய்யப்படுகிறார்கள்.   இந்த    வழிபாடுகள்   கோயில்களிலும்   வீடுகளிலும்    நடத்தப்படுகின்றன.   \n* பண்டிகைகள்:  தமிழ்நாட்டில்    பல    பண்டிகைகள்    கொண்டாடப்படுகின்றன.    இந்த    பண்டிகைகள்    தமிழர்களின்   கலாச்சாரத்தையும்   மரபுகளையும்   பிரதிபலிக்கின்றன.   \n* உணவு:  தமிழ்நாட்டில்    பல    வகையான    உணவுகள்    உண்ணப்படுகின்றன.   இந்த    உணவுகள்   தமிழர்களின்   வாழ்க்கை   முறையை    பிரதிபலிக்கின்றன.   \n * ஆடை:   தமிழ்நாட்டில்    பல    வகையான   ஆடைகள்    உடுத்தப்படுகின்றன.   இந்த    ஆடைகள்   தமிழர்களின்    கலாச்சாரத்தையும்   மரபுகளையும்   பிரதிபலிக்கின்றன. "
  },
  {
    "description": "3. தமிழ்நாட்டின் கலை மற்றும் இலக்கியத்தின் மீது, வேறு மொழிகளின் செல்வாக்கு எவ்வாறு இருந்தது?",
    "options": [],
    "answer": [],
    "additional_context": "தமிழ்நாட்டின் கலை மற்றும் இலக்கியத்தின் மீது, வேறு மொழிகளின் செல்வாக்கு குறிப்பிடத்தக்கது.  தமிழர்களின் கலை மற்றும் இலக்கியம் பல நூற்றாண்டுகளாக வளர்ந்து வந்துள்ளது.  பண்டைய காலத்தில், தமிழர்கள் சங்க கால இலக்கியம்,  சித்தர் இலக்கியம்,  பக்தி இலக்கியம் மற்றும் பிற இலக்கியப் படைப்புகளை உருவாக்கினர்.  தமிழ் இலக்கியத்தின் மீது பல மொழிகளின் செல்வாக்கு இருந்தது.  \n\n* சமஸ்கிருதம்:  தமிழ் இலக்கியத்தில் சமஸ்கிருத மொழியின் செல்வாக்கு மிக அதிகம்.  பல தமிழ் இலக்கியப் படைப்புகள் சமஸ்கிருத மொழி மற்றும் கருத்துக்களைப் பயன்படுத்துகின்றன.  \n* பாலி:  பாலி மொழியும் தமிழ் இலக்கியத்தை பாதித்தது.  பௌத்த மதம் தமிழ்நாட்டிற்கு பரவியதன் மூலம்,  பாலி மொழி வழக்கத்திலிருந்தது.  \n* அரபு:  தமிழ் இலக்கியத்தில் அரபு மொழியின் செல்வாக்கு  வணிகத் தொடர்புகள் மற்றும் இஸ்லாமிய மதம் பரவியதன் மூலம்  காணப்படுகிறது.  \n\nஇந்த மொழி செல்வாக்குகள், தமிழ் இலக்கியத்தில் புதிய கருத்துக்கள், படைப்புத்திறன் மற்றும் அழகியல் அம்சங்களை அறிமுகப்படுத்தின.  தமிழ் இலக்கியம்  பல மொழிகளின்  குறுக்கு  செல்வாக்கை    பிரதிபலிக்கிறது."
  },
  {
    "description": "4. தமிழ்நாட்டின் சுற்றுச்சூழல் சவால்கள் மற்றும் அவற்றை எதிர்கொள்ளும் வழிமுறைகள் யாவை?",
    "options": [],
    "answer": [],
    "additional_context": "தமிழ்நாடு   பல    சுற்றுச்சூழல்    சவால்களை    எதிர்கொள்கிறது.    இந்த    சவால்களை    எதிர்கொள்ள    பல   நடவடிக்கைகள்    எடுக்கப்பட   வேண்டும்.  \n\n* தண்ணீர் பற்றாக்குறை:  தமிழ்நாட்டில்   தண்ணீர்   பற்றாக்குறை   ஒரு   பெரிய   சவால்.   குடிநீர்    மற்றும்    விவசாயத்திற்கு    தேவையான    தண்ணீர்    பற்றாக்குறை    மக்கள்    வாழ்வாதாரத்தை    பாதிக்கிறது.   \n* காற்று மாசு:   தமிழ்நாட்டில்   காற்று    மாசு   ஒரு   பெரிய   சவால்.    வாகனங்கள்,   தொழிற்சாலைகள்    மற்றும்    மற்ற    மனித   செயல்பாடுகள்    காற்று    மாசை    உருவாக்குகின்றன.   \n* மண் அரிப்பு:   தமிழ்நாட்டில்   மண்    அரிப்பு   ஒரு   பெரிய   சவால்.    விவசாயம்,   காடுகள்    அழிப்பு    மற்றும்    மற்ற    செயல்பாடுகள்    மண்    அரிப்பை    உருவாக்குகின்றன.   \n* கழிவு மேலாண்மை:  தமிழ்நாட்டில்   கழிவு   மேலாண்மை   ஒரு   பெரிய   சவால்.    நகரங்களில்   உருவாகும்    கழிவுகளை    சரியாக    நிர்வகிக்க    முடியாமல்   இருக்கிறது.   \n\nஇந்த   சவால்களை    எதிர்கொள்ள,    பின்வரும்   நடவடிக்கைகள்    எடுக்கப்பட   வேண்டும்:   \n\n* தண்ணீர்   மேலாண்மை   வளர்ச்சி:    தண்ணீர்    சேமிப்பு    மற்றும்    பயன்பாடு   குறித்த    நடவடிக்கைகள்    எடுக்கப்பட   வேண்டும்.   \n* காற்று    மாசு    குறைப்பு:   வாகனங்கள்,    தொழிற்சாலைகள்    மற்றும்    மற்ற    மனித   செயல்பாடுகளிலிருந்து   காற்று   மாசு   குறைக்கப்பட   வேண்டும்.   \n* மண்    அரிப்பு    நிறுத்த:    விவசாய   நடைமுறைகள்    மாற்றப்பட   வேண்டும்.    காடுகள்   நடப்பட   வேண்டும்.   \n* கழிவு    மேலாண்மை    வளர்ச்சி:    கழிவுகளை    சரியாக    நிர்வகிக்க    நடவடிக்கைகள்    எடுக்கப்பட   வேண்டும்.   \n\nஇந்த    நடவடிக்கைகள்    எடுக்கப்பட்டு    சரியான    அணுகுமுறையுடன்    பணி    செய்யப்பட்டால்    தமிழ்நாட்டின்   சுற்றுச்சூழலை    பாதுகாக்க    முடியும்."
  },
  {
    "description": "5. தமிழ்நாட்டின் தற்போதைய சமூக மற்றும் பொருளாதார நிலையை பற்றி எழுதுக.",
    "options": [],
    "answer": [],
    "additional_context": "தமிழ்நாடு   சமூக   மற்றும்   பொருளாதாரத்தில்    வளர்ச்சியடைந்த    ஒரு    மாநிலம்.   தமிழ்நாட்டில்   பல    வளர்ந்த    நகரங்கள்    மற்றும்    கிராமங்கள்    இருக்கின்றன.  \n\n* சமூக   வளர்ச்சி:    தமிழ்நாடு    சமூக    வளர்ச்சியில்    முன்னணி    வைத்திருக்கிறது.    கல்வி,    சுகாதாரம்    மற்றும்    மனித   வளர்ச்சி   குறியீடுகளில்   தமிழ்நாடு    தொடர்ந்து    முன்னிலை    வைத்திருக்கிறது.   \n* பொருளாதார   வளர்ச்சி:    தமிழ்நாடு    பொருளாதார    வளர்ச்சியில்    முன்னணி    வைத்திருக்கிறது.    தொழில்    முனைவோர்    மற்றும்    நிறுவனங்கள்   தமிழ்நாட்டில்    வளர்ந்து    வருகின்றன.    தமிழ்நாடு    தொழில்நுட்ப    மையமாக    வளர்ந்து    வருகிறது.   \n* கல்வி   வளர்ச்சி:    தமிழ்நாடு    கல்வியில்    முன்னணி    வைத்திருக்கிறது.    தமிழ்நாட்டில்   பல    புகழ்பெற்ற    கல்வி   நிறுவனங்கள்    இருக்கின்றன.    கல்வி   குறியீடுகளில்   தமிழ்நாடு    தொடர்ந்து    முன்னிலை    வைத்திருக்கிறது.   \n* சுகாதார   வளர்ச்சி:    தமிழ்நாடு    சுகாதாரத்தில்    முன்னணி    வைத்திருக்கிறது.    தமிழ்நாட்டில்    பல    புகழ்பெற்ற    மருத்துவமனைகள்    இருக்கின்றன.    சுகாதார   குறியீடுகளில்   தமிழ்நாடு    தொடர்ந்து    முன்னிலை    வைத்திருக்கிறது.   \n\nஆனால்    சில    சவால்களும்    இருக்கின்றன.    \n\n* வேலைவாய்ப்பு:    தமிழ்நாட்டில்    வேலைவாய்ப்பு    ஒரு    பெரிய    சவால்.    வளர்ந்து    வருகின்ற    இளம்    தலைமுறையினருக்கு    வேலைவாய்ப்பு    தேவை.   \n* சமூக   அநீதி:    தமிழ்நாட்டில்   சமூக   அநீதி    ஒரு    பெரிய    சவால்.    சாதி,    பாலினம்    மற்றும்    பொருளாதார    நிலை    ஆகியவை    சமூக   அநீதியை    உருவாக்குகின்றன.   \n\nதமிழ்நாடு    தொடர்ந்து    வளர்ச்சியடைந்து   சமூக    மற்றும்    பொருளாதார    நிலையை    மேம்படுத்த    பணியாற்ற    வேண்டும்."
  }
]
