[
          
  {
    
          "description": "இராவண காவியத்தின் ஆசிரியர் யார்?",
          "options": [
      "புலவர் குழந்தை",
      "பாரதியார்",
      "கம்பர்",
      "திருவள்ளுவர்"
    ],
    "answer": "A",
    
          "additional_context": "இராவண காவியம் 20-ஆம் நூற்றாண்டின் இறுதியில் தோன்றிய தனித்தமிழ்ப் பெருங்காப்பியமாகும். இதனைப் புலவர் குழந்தை அவர்கள் இயற்றினார். இராவணனை முதன்மை நாயகனாகக் கொண்டு இயற்றப்பட்ட இக்காவியம் தமிழகக் காண்டம், இலங்கைக் காண்டம், விந்தக் காண்டம், பழிபுரி காண்டம், போர்க்காண்டம் என ஐந்து காண்டங்களைக் கொண்டது. இந்நூலில் 3100 பாடல்கள் உள்ளன."
          }
        ,
          
  {
    
          "description": "இராவண காவியத்தில் எத்தனை காண்டங்கள் உள்ளன?",
          "options": [
      "நான்கு",
      "ஐந்து",
      "ஆறு",
      "ஏழு"
    ],
    "answer": "B",
    
          "additional_context": "இராவண காவியம் 20-ஆம் நூற்றாண்டின் இறுதியில் தோன்றிய தனித்தமிழ்ப் பெருங்காப்பியமாகும். இதனைப் புலவர் குழந்தை அவர்கள் இயற்றினார். இராவணனை முதன்மை நாயகனாகக் கொண்டு இயற்றப்பட்ட இக்காவியம் தமிழகக் காண்டம், இலங்கைக் காண்டம், விந்தக் காண்டம், பழிபுரி காண்டம், போர்க்காண்டம் என ஐந்து காண்டங்களைக் கொண்டது. இந்நூலில் 3100 பாடல்கள் உள்ளன."
          }
        ,
          
  {
    
          "description": "'அருவிய முருகியம் ஆர்ப்பப் பைங்கிளி...' என்ற பாடல் எந்த நிலத்தைப் பற்றியது?",
          "options": [
      "முல்லை",
      "பாலை",
      "குறிஞ்சி",
      "நெய்தல்"
    ],
    "answer": "C",
    
          "additional_context": "இந்தப் பாடல் குறிஞ்சி நிலத்தின் இயற்கை அழகைப் பற்றிப் பேசுகிறது. அருவியின் ஓசை, மயிலின் பாடல், பூக்கள் நிறைந்த மரக்கிளைகள் என அழகிய சூழலை இப்பாடல் விவரிக்கிறது. குறிஞ்சி என்பது ஐவகை நிலங்களில் ஒன்று. மலை, காடு ஆகியவை குறிஞ்சி நிலத்தின் இயல்பு. இந்த நிலத்தில் மலைவாழ் மக்கள் வாழ்ந்து வருகின்றனர்."
          }
        ,
          
  {
    
          "description": "'கல்லிடைப் பிறந்த ஆறும்...' என்ற பாடல் எந்த நிலத்தின் தன்மையை விவரிக்கிறது?",
          "options": [
      "முல்லை",
      "பாலை",
      "குறிஞ்சி",
      "மருதம்"
    ],
    "answer": "D",
    
          "additional_context": "இந்தப் பாடல் மருத நிலத்தின் தன்மையைப் பற்றிப் பேசுகிறது. மலைகளுக்கு இடையே தோன்றும் ஆறு, குளத்து நீர், காட்டாறு, நெல் பயிர், கரும்பு, கால்வாய்கள் என மருத நிலத்தின் அடையாளங்களை இப்பாடல் விவரிக்கிறது. வளமான மண், நீர்வளம் ஆகியவை மருத நிலத்தின் சிறப்பு."
          }
        ,
          
  {
    
          "description": "'கடிக்கமழ் மராமலர்க் கண்ணி அம்சிறார்...' என்ற பாடலில் 'கண்ணி' என்ற சொல்லுக்கு என்ன பொருள்?",
          "options": [
      "மலர் மாலை",
      "கண்",
      "நிறம்",
      "வாசனை"
    ],
    "answer": "A",
    
          "additional_context": "பாலை நிலத்தில் சிறுவர்கள் மலர் மாலையை அணிந்திருந்தனர். அவர்கள் பாலைக்காயை நிலத்தில் விழ வெடிக்குமாறு அடித்து விளையாடினர். 'கண்ணி' என்ற சொல் மலர் மாலை என்பதைக் குறிக்கிறது. இது பாலை நிலத்தின் இயல்பு, அங்கு வாழும் மக்களின் வாழ்க்கை முறை ஆகியவற்றைப் பற்றிச் சொல்கிறது."
          }
        ]