[
          
  {
    
          "description": "'கண்டெடுக்கப்பட்டுள்ளன' என்ற சொல்லைப் பிரித்து எழுதும்போது எது சரியானது?",
          "options": [
      "அ) கண்டு + எடுக்கப்பட்டு + உள்ளன",
      "ஆ) கண்டு + எடுக்கப் + பட்டுள்ளன",
      "இ) கண்டெடுக்க + பட்டு + உள்ளன",
      "ஈ) கண் + டெடுக்க + பட்டு + உள்ளன"
    ],
    "answer": [
      "அ"
    ],
    
          "additional_context": "இந்த கேள்வி சொற்களைப் பிரித்து எழுதுவது பற்றியது. சொற்களைப் பிரித்து எழுதுவதற்கு சில விதிகள் உள்ளன. அதில்  ஒரு முக்கிய விதி என்னவென்றால்  ஒரு சொல் எழுதப்படும்  போது  ஒரு  சொல்லாகத்தான்  அதைக்  கருத வேண்டும். அதாவது,  இரண்டு  சொற்கள்  சேர்ந்து  ஒரு  சொல்  என  கருதப்பட  மாட்டாது. 'கண்டெடுக்கப்பட்டுள்ளன' என்ற சொல்லைப் பிரிக்கும் போது,  அது 'கண்டு' + 'எடுக்கப்பட்டு' + 'உள்ளன'  என  மூன்று  சொற்களாக  பிரிக்கப்பட வேண்டும்.  மற்ற  விருப்பங்கள்  சரியானவை  அல்ல,  ஏனெனில்  அவை  இரண்டு  சொற்களை  சேர்த்து  ஒரு  சொல்லாக  கருதுகின்றன."
          }
        ,
          
  {
    
          "description": "'தென்னிந்தியாவின் அடையாளச் சின்னமாகக் காங்கேயம் மாடுகள் போற்றப்படுகின்றன' - இது எவ்வகைத் தொடர்?",
          "options": [
      "அ) வினாத்தொடர்",
      "ஆ) கட்டளைத்தொடர்",
      "இ) செய்தித்தொடர்",
      "ஈ) உணர்ச்சித்தொடர்"
    ],
    "answer": [
      "இ"
    ],
    
          "additional_context": "இந்த கேள்வி  தொடர்களின்  வகைகளைப்  பற்றியது.  தொடர்களைப்  பொதுவாக  நான்கு  வகையாகப்  பிரிக்கலாம்:  வினாத்தொடர்,  கட்டளைத்தொடர்,  செய்தித்தொடர்  மற்றும்  உணர்ச்சித்தொடர். வினாத்தொடர்  என்பது  ஒரு  கேள்வியைக்  கேட்கும்  தொடர்.  கட்டளைத்தொடர்  என்பது  ஒரு  வேண்டுகோளை  வலியுறுத்தும்  தொடர். செய்தித்தொடர்  என்பது  ஒரு  செய்தியை  தெரிவிக்கும்  தொடர்.  உணர்ச்சித்தொடர்  என்பது  ஒரு  உணர்ச்சியை  வெளிப்படுத்தும்  தொடர்.  இந்த  வகைகளைப்  பார்க்கும் போது,  'தென்னிந்தியாவின் அடையாளச் சின்னமாகக் காங்கேயம் மாடுகள் போற்றப்படுகின்றன'  என்ற  தொடர்  ஒரு  செய்தியைத்  தெரிவிக்கிறது.  ஆகையால்,  இது  ஒரு  செய்தித்தொடர்."
          }
        ,
          
  {
    
          "description": "'குளவி, குழவி' - இவற்றைப் பயன்படுத்தி ஒரு பொருள் எழுதித் தொடரமைக்க:",
          "options": [
      "அ) குளவி குழவியைத் தேடிப் பறந்தது.",
      "ஆ) குழவி குளவியைப் பார்த்து பயந்தது.",
      "இ) குளவியின் குழவி மிகவும் அழகாக இருந்தது.",
      "ஈ) குளவி குழவியின் மீது பறந்து அமர்ந்தது."
    ],
    "answer": [
      "அ",
      "ஆ",
      "இ",
      "ஈ"
    ],
    
          "additional_context": "இந்த கேள்வி  சொற்களைப்  பயன்படுத்தி  தொடர்களை  உருவாக்குவது  பற்றியது.  'குளவி'  மற்றும்  'குழவி'  என்ற  சொற்களைப்  பயன்படுத்தி  பல  தொடர்களை  உருவாக்க  முடியும்.  எடுத்துக்காட்டாக: குளவி குழவியைத் தேடிப் பறந்தது, குழவி குளவியைப் பார்த்து பயந்தது, குளவியின் குழவி மிகவும் அழகாக இருந்தது, குளவி குழவியின் மீது பறந்து அமர்ந்தது.  இந்தத்  தொடர்கள்  அனைத்தும்  சரியானவை  மற்றும்  இந்த  சொற்களைப்  பயன்படுத்தி  பல  விதமான  தொடர்களை  உருவாக்க  முடியும்."
          }
        ,
          
  {
    
          "description": "'வைக்காதீர்கள்' என்ற சொல்லைப் பயன்படுத்தி 'காலங்களில் தெருவில் வைக்காதீர்கள் காப்புக் கம்பிகள் கவனக் குறைவுடன் ஆகியவற்றின் மீது காலை அறுந்த மழை மின்கம்பிகள்' - இதனைச் சரியான வாக்கியமாக மாற்றும்போது எது சரியானது?",
          "options": [
      "அ) காலங்களில் தெருவில் காப்புக் கம்பிகள் கவனக் குறைவுடன் ஆகியவற்றின் மீது காலை அறுந்த மழை மின்கம்பிகள் வைக்காதீர்கள்.",
      "ஆ) காலங்களில் தெருவில் வைக்காதீர்கள் காப்புக் கம்பிகள், கவனக் குறைவுடன் ஆகியவற்றின் மீது காலை அறுந்த மழை மின்கம்பிகள்.",
      "இ) கவனக் குறைவுடன் ஆகியவற்றின் மீது காலை அறுந்த மழை மின்கம்பிகள் காலங்களில் தெருவில் வைக்காதீர்கள்.",
      "ஈ) காலங்களில் தெருவில் காப்புக் கம்பிகள் வைக்காதீர்கள். கவனக் குறைவுடன் ஆகியவற்றின் மீது காலை அறுந்த மழை மின்கம்பிகள்."
    ],
    "answer": [
      "இ"
    ],
    
          "additional_context": "இந்த கேள்வி  வாக்கியங்களை  சரியாக  அமைப்பது  பற்றியது.  சொற்களின்  வரிசை  சரியாக  இருப்பது  ஒரு  வாக்கியத்தை  சரியானதாக  மாற்றுகிறது.  'காலங்களில் தெருவில் வைக்காதீர்கள் காப்புக் கம்பிகள் கவனக் குறைவுடன் ஆகியவற்றின் மீது காலை அறுந்த மழை மின்கம்பிகள்'  என்ற  தொடரில்  சொற்களின்  வரிசை  சரியாக  இல்லை.  இதை  சரியாக  அமைக்க,  'கவனக் குறைவுடன் ஆகியவற்றின் மீது காலை அறுந்த மழை மின்கம்பிகள் காலங்களில் தெருவில் வைக்காதீர்கள்'  என  சொற்களின்  வரிசையை  மாற்ற  வேண்டும்.  இது  சரியான  வாக்கியமாகும்."
          }
        ,
          
  {
    
          "description": "'பௌரி' என்ற சொல்லுக்கான பொருள் எது?",
          "options": [
      "அ) சின்னஞ்சிறு பறவை",
      "ஆ) நீண்ட நிறம்",
      "இ) ஒருவகை பூ",
      "ஈ) கனமான துணி"
    ],
    "answer": [
      "அ"
    ],
    
          "additional_context": "இந்த கேள்வி  சொற்களின்  பொருளை  பற்றியது.  'பௌரி'  என்ற  சொல்  சின்னஞ்சிறு  பறவையைக்  குறிக்கும்.  இந்த  சொல்  பொதுவாக  குழந்தைகள்  பாடும்  பாட்டு  நூல்களில்  காணப்படுகிறது.  இந்த  சொல்லுக்கு  மற்ற  பொருட்கள்  இல்லை."
          }
        ]