[
          
  {
    
          "description": "அறிஞர் அண்ணாவின் கருத்துப்படி, வீட்டிற்கோர் புத்தகசாலை இருப்பதன் முக்கியத்துவம் என்ன?",
          "options": [
      "நாட்டுக்கு நல்லநிலை ஏற்படும்.",
      "மனவளத்தை அதிகரிக்க வழிவகுக்கும்.",
      "அறிவுப் பெருக்கத்துக்கு உதவும்.",
      "மேற்கண்ட அனைத்தும்."
    ],
    "answer": "D",
    
          "additional_context": "நாட்டுநிலை, உலகநிலைக்கு ஏற்ப வளர்ந்தாக வேண்டும். இதற்கு வீட்டுநிலை மாற வேண்டும். வீட்டிற்கோர் புத்தகசாலை என்ற இலட்சியம், நாட்டுக்கோர் நல்லநிலை ஏற்படச் செய்ய வேண்டும் என்ற திட்டத்துக்கு அடிப்படை. மலை கண்டு, நதி கண்டு, மாநிதி கண்டு அல்ல, ஒரு நாட்டை உலகம் மதிப்பது அந்த நாட்டு மக்களின் மனவளத்தைக் கண்டே. மாநிலம் மதிக்கும் மனவளம் வேண்டும். எழுத்தறிவற்றவர் ஏராளம் இந்நாட்டில். இது பெருங்கேடு. கல்வி பெற்றவர்கள் அனைவருக்குமாவது மனவளம் இருக்கிறதா? அவர்களின் வீடுகளாவது நாட்டுக்குச் சிறப்பளிக்கும் நற்பண்புகள் செழிக்கும் பண்ணைகளாக, நாட்டுக்கு வலிவும் வனப்பும் தேடித்தரும் கருத்துகள் மலரும் சோலையாக உள்ளனவா என்றால், இல்லை என்று பெருமூச்சுடன் கூறித்தான் ஆகவேண்டும். உள்ளதை மறைக்காதிருக்க வேண்டுமானால், நாட்டுநிலை கண்டு உலகம் மதிக்கவேண்டுமானால், இந்தச் சூழ்நிலை மாறியாக வேண்டும்."
          }
        ,
          
  {
    
          "description": "அண்ணாவின் கூற்றுப்படி,  வீட்டிற்கோர் புத்தகசாலை இல்லாமை ஒரு நாட்டின் மனவளத்தைக் குறித்துக் காட்டும் ஒரு குறியீடாகும்.  இந்தப் பகுதிக்கு ஆதரவாகக் கூறப்பட்டுள்ள விஷயங்கள் எவை?",
          "options": [
      "எழுத்தறிவற்றவர்களின் எண்ணிக்கை அதிகம் இருப்பது.",
      "கல்வி பெற்றவர்களின் வீடுகள் நாட்டுக்குச் சிறப்பளிக்கும் நற்பண்புகள் செழிக்கும் பண்ணைகளாகவோ, கருத்துகள் மலரும் சோலையாகவோ இல்லை என்பது.",
      "வீடுகளில் மனவளத்தை அதிகரிக்கவோ பாதுகாக்கவோ முயற்சி செய்யாதது.",
      "மேற்கண்ட அனைத்தும்."
    ],
    "answer": "D",
    
          "additional_context": "வீட்டிற்கோர் புத்தகசாலை என்ற இலட்சியத்தை நடைமுறைத் திட்டமாக்கி, சற்றுச் சிரமப்பட்டால், நமது நாட்டிலே நிச்சயமாக மனவளத்தைப் பெறமுடியும். நமது முன் சந்ததியார்களுக்கு இருந்ததைவிட, அதிகமான வசதிகள் நமக்கு உள்ளன. அவர்களின் காலம் அடவியில் ஆற்றோரத்தில் பர்ணசாலைக்குப் பக்கத்தில் ஆலமரத்தடியில் சிறுவர்கள் அமர்ந்திருக்க, குரு காலைக் கடன்களை முடித்துக்கொண்டு வந்து, பாடங்களைச் சொல்லித்தரும் முறை இருந்த காலம்; ஏடும் எழுத்தாணியும் இருந்த காலம். இப்போதுள்ளது உலகை நமது வீட்டுக்கு அழைத்துவந்து காட்டக்கூடிய காலம். பாமர மக்கள் பாராளும் காலம்; மனவளத்தை அதிகப்படுத்தும் மார்க்கம் முன்பு இருந்ததைவிட அதிகம் உள்ள காலம். இதோ நான் பேசுகிறேன். நீங்கள் கேட்கிறீர்கள். இடையே பலப்பல மைல்கள். இந்த ஒலி கேட்பது அறிவின் துணைகொண்டு. தெரியுமா? விஞ்ஞானி ஆக்கித் தந்த சாதனம் நமக்குக் கிடைத்திருக்கிறது. இவ்வதிசயச் சாதனங்கள் இல்லாதிருந்த நாட்கள் நமது முன்னோர்கள் காலம். இவ்வளவு வசதிகள் நமக்கிருக்கிறது. ஏன், மனவளம் இவ்வளவு குறைவாக இருக்கிறது? வீடுகளிலே, மனவளத்தை அதிகரிக்கவோ பாதுகாக்கவோ நாம் முயற்சி செய்வதில்லை; வழிவகை தேடிக் கொள்வதில்லை."
          }
        ,
          
  {
    
          "description": "அண்ணாவின் வானொலி உரையின்படி, நமது முன் சந்ததியார்களின் காலம் எப்படி இருந்தது?",
          "options": [
      "கற்றல்  சிறிய அளவில், குரு மூலம் மட்டுமே நடைபெற்றது.",
      "குழந்தைகளுக்கு கல்வி அளிக்க குறைந்த வசதிகளே இருந்தன.",
      "கல்விப் பெற ஏடுகளும்,  எழுத்தாணியும் மட்டுமே பயன்படுத்தப்பட்டன.",
      "மேற்கண்ட அனைத்தும்."
    ],
    "answer": "D",
    
          "additional_context": "நமது முன் சந்ததியார்களுக்கு இருந்ததைவிட, அதிகமான வசதிகள் நமக்கு உள்ளன. அவர்களின் காலம் அடவியில் ஆற்றோரத்தில் பர்ணசாலைக்குப் பக்கத்தில் ஆலமரத்தடியில் சிறுவர்கள் அமர்ந்திருக்க, குரு காலைக் கடன்களை முடித்துக்கொண்டு வந்து, பாடங்களைச் சொல்லித்தரும் முறை இருந்த காலம்; ஏடும் எழுத்தாணியும் இருந்த காலம். இப்போதுள்ளது உலகை நமது வீட்டுக்கு அழைத்துவந்து காட்டக்கூடிய காலம். பாமர மக்கள் பாராளும் காலம்; மனவளத்தை அதிகப்படுத்தும் மார்க்கம் முன்பு இருந்ததைவிட அதிகம் உள்ள காலம். இதோ நான் பேசுகிறேன். நீங்கள் கேட்கிறீர்கள். இடையே பலப்பல மைல்கள். இந்த ஒலி கேட்பது அறிவின் துணைகொண்டு. தெரியுமா? விஞ்ஞானி ஆக்கித் தந்த சாதனம் நமக்குக் கிடைத்திருக்கிறது. இவ்வதிசயச் சாதனங்கள் இல்லாதிருந்த நாட்கள் நமது முன்னோர்கள் காலம்."
          }
        ,
          
  {
    
          "description": "'கற்பவை கற்றபின்...'  என்று தொடங்கும் வாக்கியத்தில் அண்ணா என்ன கருத்தை வெளிப்படுத்துகிறார்?",
          "options": [
      "கல்வி பெற்ற பிறகு, புத்தகசாலை அமைப்பதன் முக்கியத்துவத்தை.",
      "புத்தகசாலை அமைப்பது ஒரு மனிதனின் கடமை.",
      "வாழ்க்கைத் தேவைகளைப் பூர்த்தி செய்த பின்பு புத்தகசாலைக்கு முன்னுரிமை தர வேண்டும்.",
      "வீட்டில் புத்தகசாலை இருப்பது ஒரு அலங்காரப் பொருள்."
    ],
    "answer": "C",
    
          "additional_context": "வீட்டிற்கோர் புத்தகசாலை நிச்சயம் வேண்டும். வாழ்க்கையில் அடிப்படைத் தேவைகளுக்கு அடுத்த இடம், அலங்காரப் பொருள்களுக்கும் போக போக்கியப் பொருள்களுக்கும் தரப்படும் நிலைமாறி, புத்தகசாலைக்கு அந்த இடம் தரப்படவேண்டும். உணவு, உடை, அடிப்படைத் தேவை-அந்தத் தேவையைப் பூர்த்தி செய்தானதும் முதல் இடம் புத்தகசாலைக்குத் தரப்படவேண்டும்."
          }
        ,
          
  {
    
          "description": "'வீட்டிற்கோர் புத்தகசாலை'  என்னும்  அண்ணாவின் உரையில்,   புத்தகசாலையில் இருக்க வேண்டிய முக்கிய நூல்கள் என்னவென்று அவர் குறிப்பிடுகிறார்?",
          "options": [
      "பூகோள, சரித ஏடுகள், திருக்குறள், சங்க இலக்கியச் சாரம்,  விஞ்ஞானக் கண்டுபிடிப்புகளைப் பற்றிய நூல்கள்.",
      "பழங்கால நூல்கள்,  தத்துவ நூல்கள்,  கவிதைத் தொகுப்புகள்.",
      "திரைப்படக் கதைகள்,  வாழ்க்கை வரலாறு நூல்கள்.",
      "மேற்கண்ட அனைத்தும்."
    ],
    "answer": "A",
    
          "additional_context": "சுலபத்தில் ஒரு சிறு புத்தகசாலையை அமைத்துவிடலாம். உலக அறிவை, உருப்படியான காரியத்துக்குப் பயன்படும் அறிவைத் தரக்கூடிய புத்தகங்களைச் சேகரிக்க வேண்டும். பூகோள, சரித ஏடுகள் இருக்க வேண்டும். நமக்கு உண்மை உலகைக் காட்ட, நமக்கு ஒழுக்கத்தையும் வாழ்வுக்கான வழிகளையும் காட்ட, வீட்டிற்கோர் திருக்குறள் கட்டாயமாக இருக்கவேண்டும். நமது தமிழகத்தின் தனிச்சிறப்பு என்று கூறத்தகும் சங்க இலக்கியச் சாரத்தைச் சாமானியரும் அறிந்து வாசிக்கக் கூடிய முறையில் தீட்டப்பட்ட ஏடுகள் இருக்கவேண்டும். குறைந்தபட்சம் மக்கள் முன்னேற்றத்துக்கும் வாழ்க்கை வசதிக்கும் உதவும் விஞ்ஞானக் கண்டுபிடிப்புகளைப் பற்றிய முக்கியமான தகவலைத் தெரிவிக்கும் நூல்கள் இருக்க வேண்டும்."
          }
        ]