
[
  {
    "description": "கீழ்க்கண்டவற்றுள் எது  \"மறுநாள் வீட்டுக்கு வருவதாக முரளி கூறினார்\" என்ற வாக்கியத்தை நேர்க்கூற்றாக மாற்றியது?",
    "options": [
      "முரளி வீட்டுக்கு வருவதாக கூறினார்.",
      "முரளி மறுநாள் வீட்டுக்கு வருவதாக கூறினார்.",
      "முரளி மறுநாள் வீட்டுக்கு வர வேண்டும் என்று கூறினார்.",
      "முரளி மறுநாள் வீட்டுக்கு வருகிறார்."
    ],
    "answer": "D",
    "additional_context": "நேர்க்கூற்று என்பது நேரடியாக ஒரு செயல் அல்லது நிகழ்வைப் பற்றிய ஒரு கூற்று.  இந்த வாக்கியத்தில், 'முரளி' என்பவர்  'மறுநாள் வீட்டுக்கு வருகிறார்'  என்று கூறியுள்ளார்.  எனவே,  'முரளி மறுநாள் வீட்டுக்கு வருகிறார்'  என்பது நேர்க்கூற்றாகும்."
  },
  {
    "description": "\"தென்னாட்டுப் பெர்னாட்ஷா என்று அறிஞர் அண்ணாவைப் புகழ்கிறோம்\"  என்ற வாக்கியத்தில்  \"தென்னாட்டுப் பெர்னாட்ஷா\"  என்ற சொல் எதைக் குறிக்கிறது?",
    "options": [
      "அறிஞர் அண்ணாவின் புகழை",
      "அறிஞர் அண்ணாவின் எழுத்து நடையை",
      "தென்னாட்டின் ஒரு பிரபலமான எழுத்தாளரை",
      "அறிஞர் அண்ணாவின் அரசியல் தலைமையை"
    ],
    "answer": "B",
    "additional_context": "இந்த வாக்கியத்தில், 'தென்னாட்டுப் பெர்னாட்ஷா'  என்ற சொல்  'அறிஞர் அண்ணா'வின் எழுத்து நடையைக் குறிக்கிறது.  பெர்னாட்ஷா என்பவர் ஒரு பிரபலமான இங்கிலீஷ் நாடக எழுத்தாளர்,  'அறிஞர் அண்ணா'வின் எழுத்து நடை 'பெர்னாட்ஷா'வின் எழுத்து நடைக்கு ஒப்பாக இருந்ததால், அவர் 'தென்னாட்டுப் பெர்னாட்ஷா'  என்று அழைக்கப்பட்டார்."
  },
  {
    "description": "\"மார்னிங் நாஷ்டாவுக்கு இரண்டு தோசைகள் ஹோட்டலில் சாப்பிட்டான்\" என்ற வாக்கியத்தில்  \"மார்னிங் நாஷ்டா\"  எதற்கு சமமானது?",
    "options": [
      "மதிய உணவு",
      "காலை உணவு",
      "இரவு உணவு",
      "சாப்பாடு"
    ],
    "answer": "B",
    "additional_context": "'மார்னிங் நாஷ்டா' என்பது ஆங்கில சொல்,  'காலை உணவு' என்ற பொருள் கொண்டது.  'மார்னிங் நாஷ்டா'  என்ற சொல்லைத் தமிழில் 'காலை உணவு' என்று கூறலாம்."
  },
  {
    "description": "கவிதை வரிகளில் \"தங்குபுயல் சூழுமலை\"  என்ற வரி எதைக் குறிக்கிறது?",
    "options": [
      "மழைக்காலத்தில் மலைகளின் நிலையை ",
      "மலை உச்சியில் உள்ள வானிலையை",
      "மலைகளில் காற்று வீசுவதைக் குறிக்கிறது",
      "மலைகள்  பல வானிலைகளை சந்திப்பதைக் குறிக்கிறது."
    ],
    "answer": "D",
    "additional_context": "'தங்குபுயல் சூழுமலை' என்ற வரி மலைகள் பல வானிலைகளை சந்திப்பதைக் குறிக்கிறது.  'தங்குபுயல்'  என்ற சொல் மழை, காற்று,  மற்றும்  மற்ற  வானிலை மாற்றங்களை  குறிக்கிறது.  'சூழுமலை'  என்பது  மலைகள்  அனைத்து  வானிலைகளையும்  சந்திக்கின்றன  என்ற   பொருளை  தருகிறது.  இந்த  வரி  மலைகள்  எப்போதும்  மாறிக்கொண்டே  இருக்கும்  என்ற  உண்மையை  எடுத்துக்காட்டுகிறது. "
  },
  {
    "description": "கவிதையில்  \"பொதியமலை\"  என்ற சொல் எதைக் குறிக்கிறது?",
    "options": [
      "மலைகளில் உள்ள மரங்களை",
      "மலையின் அழகை",
      "மலைகளின்  தன்மையை",
      "மலைகளின் உயரத்தை"
    ],
    "answer": "C",
    "additional_context": "கவிதையில்  'பொதியமலை'  என்ற சொல் மலைகளின் தன்மையைக் குறிக்கிறது.   இந்த  சொல்  மலைகளின்  நிலையைக்  குறிக்கிறது.  அதாவது,  மலைகள்  எப்போதும்  மாறாதவை,  அவை  நிலையானவை  என்பதை   குறிக்கிறது."
  }
]
