
[
  {
    "description": "பெரியாரின் சிந்தனைகள் எதன் அடிப்படையில் அமைந்தவை?",
    "options": [
      "a) மத நம்பிக்கைகள்",
      "b) மரபு வழக்கங்கள்",
      "c) அறிவியல்",
      "d) தத்துவம்"
    ],
    "answer": "C",
    "additional_context": "பெரியாரின் சிந்தனைகள்  தொலைநோக்கு உடையவை; அறிவியல் அடிப்படையில் அமைந்தவை; மனிதநேயம் வளர்க்கப் பிறந்தவை. நடைமுறைக்கு ஒவ்வாத கருத்துகளை அவர் எப்பொழுதும் கூறியதில்லை. மேலும், தமது சீர்திருத்தக் கருத்துகளுக்கேற்ப வாழ்ந்து காட்டினார்; தம் வாழ்நாள் முழுவதும் பகுத்தறிவுக் கருத்துகளைப் பரப்புரை செய்தார்; சமுதாயம் மூடப்பழக்கங்களிலிருந்து மீண்டெழ அரும்பாடுபட்டார்; அதற்காகப் பலமுறை சிறை சென்றார்; பலரின் கடும் எதிர்ப்புகளைச் சந்தித்தார். இறுதி மூச்சுவரை சமூகச் சீர்திருத்தப் போராளியாகவே வாழ்ந்து மறைந்தார்."
  },
  {
    "description": "பெரியார் தமது சீர்திருத்தக் கருத்துகளுக்கேற்ப எப்படி வாழ்ந்து காட்டினார்?",
    "options": [
      "a) கோயில்களுக்கு சென்று வழிபாடு செய்து",
      "b) பகட்டான உடை அணிந்து",
      "c) தமது வாழ்நாள் முழுவதும் பகுத்தறிவுக் கருத்துகளைப் பரப்புரை செய்து",
      "d) அரசியலில் ஈடுபட்டு"
    ],
    "answer": "C",
    "additional_context": "பெரியாரின் சிந்தனைகள்  தொலைநோக்கு உடையவை; அறிவியல் அடிப்படையில் அமைந்தவை; மனிதநேயம் வளர்க்கப் பிறந்தவை. நடைமுறைக்கு ஒவ்வாத கருத்துகளை அவர் எப்பொழுதும் கூறியதில்லை. மேலும், தமது சீர்திருத்தக் கருத்துகளுக்கேற்ப வாழ்ந்து காட்டினார்; தம் வாழ்நாள் முழுவதும் பகுத்தறிவுக் கருத்துகளைப் பரப்புரை செய்தார்; சமுதாயம் மூடப்பழக்கங்களிலிருந்து மீண்டெழ அரும்பாடுபட்டார்; அதற்காகப் பலமுறை சிறை சென்றார்; பலரின் கடும் எதிர்ப்புகளைச் சந்தித்தார். இறுதி மூச்சுவரை சமூகச் சீர்திருத்தப் போராளியாகவே வாழ்ந்து மறைந்தார்."
  },
  {
    "description": "பெரியார் இயக்கம் எந்த ஆண்டில் தொடங்கப்பட்டது?",
    "options": [
      "a) 1915",
      "b) 1925",
      "c) 1935",
      "d) 1945"
    ],
    "answer": "B",
    "additional_context": "பெரியார் இயக்கம் சுயமரியாதை இயக்கமாகும். இது 1925 ஆம் ஆண்டில் தொடங்கப்பட்டது."
  },
  {
    "description": "பெரியார் நடத்திய இதழ்களில் ஒன்று எது?",
    "options": [
      "a) தினமணி",
      "b) தினத்தந்தி",
      "c) குடியரசு",
      "d) தினமலர்"
    ],
    "answer": "C",
    "additional_context": "பெரியார் நடத்திய இதழ்கள் - குடியரசு, விடுதலை, உண்மை, ரிவோல்ட் (ஆங்கில இதழ்)"
  },
  {
    "description": "பெரியார் இயக்கத்தின் மையக்கருத்து எது?",
    "options": [
      "a) மத நம்பிக்கை",
      "b) ஜாதி அழிப்பு",
      "c) சுயமரியாதை",
      "d) தேசியம்"
    ],
    "answer": "C",
    "additional_context": "பெரியார் இயக்கத்தின் மையக்கருத்து சுயமரியாதை ஆகும். இது மனித நேயம், சமத்துவம் மற்றும் ஜாதி அழிப்பு போன்ற கருத்துகளை முன்னிறுத்தி செயல்பட்டது."
  }
]
