
[
  {
    "description": "'நடுக்கல்' மற்றும் 'நடுகல்' என்ற இரு தொடர்களும் ஒரே பொருளைத் தருகின்றனவா?",
    "options": [
      "ஆம்",
      "இல்லை"
    ],
    "answer": "B",
    "additional_context": "'நடுக்கல்' என்பது 'நடுவு' என்னும் சொல்லிலிருந்து வந்தது. இது 'நடுவில் வைத்தல்' என்னும் பொருளைத் தருகிறது. ஆனால் 'நடுகல்' என்பது 'நடு' என்னும் சொல்லிலிருந்து வந்தது. இது 'கல்லில் நடுதல்' என்னும் பொருளைத் தருகிறது. அதாவது மரணமடைந்தவர்களை அடக்கம் செய்யும் இடத்தில் வைக்கும் கல்."
  },
  {
    "description": "'கைம்மாறு' மற்றும் 'கைமாறு' என்ற இரு தொடர்களும் ஒரே பொருளைத் தருகின்றனவா?",
    "options": [
      "ஆம்",
      "இல்லை"
    ],
    "answer": "B",
    "additional_context": "'கைம்மாறு' என்பது 'கை' என்னும் சொல்லிலிருந்து வந்தது. இது 'கைமாற்றம்' என்னும் பொருளைத் தருகிறது. அதாவது ஒரு பொருளை ஒருவரிடமிருந்து மற்றொருவருக்கு மாற்றுதல். ஆனால் 'கைமாறு' என்பது 'மாறு' என்னும் சொல்லிலிருந்து வந்தது. இது 'மாறும்' என்னும் பொருளைத் தருகிறது. அதாவது திசை மாறுதல்."
  }
]
