
[
  {
    "description": "பாடல் எண் 37 யாருடையது?",
    "options": [
      "a) பாலை பாடிய பெருங்கடுங்கோ",
      "b) ஔவையார்",
      "c) கம்பர்",
      "d) திருவள்ளுவர்"
    ],
    "answer": "A",
    "additional_context": "குறுந்தொகை நூலில் உள்ள 37-வது பாடல் 'பாலை பாடிய பெருங்கடுங்கோ' என்பவரால் இயற்றப்பட்டது. இவர் ஒரு சேர மன்னர். கலித்தொகையில் 'பாலை' என்னும் திணையைப் பாடியதால் இவர் 'பாலை பாடிய பெருங்கடுங்கோ' என அழைக்கப்பட்டார்."
  },
  {
    "description": "______  என்ற வரியில் \"______ \"  என்பது ______ தொகையாகும். (பூர்த்தி செய்க.)",
    "options": [
      "a) பிடிபசி களைஇய பெருங்கை வேழம், பெருங்கை, பண்புத் தொகை",
      "b) மென்சினை யாஅம் பொளிக்கும், யாஅம், இயல்பொருள் தொகை",
      "c) அன்பின தோழி அவர் சென்ற ஆறே, தோழி,  பண்புத் தொகை",
      "d) மலரினும் மெல்லியளே மனக்கவலை கொள்ளாதே, மலரினும்,  இயல்பொருள் தொகை"
    ],
    "answer": "A",
    "additional_context": "குறுந்தொகை 37-வது பாடலில் 'பிடிபசி களைஇய பெருங்கை வேழம்' என்ற வரியில் 'பெருங்கை' என்பது பண்புத் தொகையாகும். பெருங்கை எனும் சொல் வேழத்தின் பண்பு. 'பெரிய கை' என்பது பெருங்கையின் பொருள்."
  },
  {
    "description": "குறுந்தொகை நூலை முதன் முதலில் பதிப்பித்தவர் யார்?",
    "options": [
      "a) பாரதியார்",
      "b) சௌரிப்பெருமாள் அரங்கனார்",
      "c) இராமலிங்க அடிகள்",
      "d) காளிதாசர்"
    ],
    "answer": "B",
    "additional_context": "குறுந்தொகை நூலை முதன் முதலில் பதிப்பித்தவர் சௌரிப்பெருமாள் அரங்கனார் ஆவார். இவர் 1915ஆம் ஆண்டில் இந்நூலைப் பதிப்பித்தார். இந்நூல் 401 பாடல்களைக் கொண்டது."
  }
]
