
[
  {
    "description": "சோழர் காலச் சிற்பக்கலையின் 'பொற்காலம்' என்று அழைக்கப்படும் காரணம் என்ன?",
    "options": [
      "கற்சிற்பங்கள் அமைக்கும் கலை வளர்ச்சி பெற்றது",
      "செப்புத்திருமேனிகள் மிகுதியாக உருவாக்கப்பட்டன",
      "பௌத்த-சமணச் சிற்பங்கள் அதிகமாக அமைக்கப்பட்டன",
      "விஜயநகர மன்னர் காலச் சிற்பக் கலையின் தாக்கம் அதிகம் ஏற்பட்டது"
    ],
    "answer": "B",
    "additional_context": "சோழர் காலத்தில் செப்புத்திருமேனிகளின் உருவாக்கம் மிகுந்த வளர்ச்சியைப் பெற்றது. கடவுளின் உருவங்களும், மனித உருவங்களும் மிகுந்த கலைநுட்பத்தோடு வடிவமைக்கப்பட்டன. சோழர்காலம் செப்புத்திருமேனிகளின் 'பொற்காலம்' என்று அழைக்கப்படும் அளவிற்கு அவை அழகுற அமைந்துள்ளன."
  },
  {
    "description": "நாயக்கர் காலத்தில் ஆயிரங்கால் மண்டபத் தூண்களில் காணப்படும் சிற்பங்களில் எது அடங்கும்?",
    "options": [
      "யாளி உருவங்கள் மட்டுமே",
      "தெய்வ உருவங்கள் மட்டுமே",
      "கண்ணப்பர், குறவன் குறத்தி, அரிச்சந்திரன், சந்திரமதி போன்றவை",
      "மரத்தால் செய்யப்பட்ட உருவங்கள் மட்டுமே"
    ],
    "answer": "C",
    "additional_context": "நாயக்கர் காலத்தில் பல இடங்களில் ஆயிரங்கால் மண்டபங்களை அமைத்தனர். அம்மண்டபத் தூண்களில் அழகிய சிற்பங்களைச் செதுக்கினர். மதுரை மீனாட்சி அம்மன் கோவில் ஆயிரங்கால் மண்டபத் தூண்களில் கண்ணப்பர், குறவன் குறத்தி போன்ற சிற்பங்கள் உள்ளன. அரிச்சந்திரன், சந்திரமதி சிற்பங்களில் ஆடை, ஆபரணங்கள் கலை நயத்துடன் காணப்படுகின்றன."
  },
  {
    "description": "தமிழகச் சிற்பங்களின் தனிச்சிறப்பு என்ன?",
    "options": [
      "கல் மற்றும் செப்பு மட்டுமே பயன்படுத்தப்பட்டது",
      "யோகக்கலை மற்றும் நாட்டியக்கலைக் கூறுகள் இடம்பெறவில்லை",
      "பிறநாட்டுச் சிற்பங்களின் தாக்கம் அதிகமாகக் காணப்படுகிறது",
      "யோகக்கலை, நாட்டியக்கலைக் கூறுகள் மற்றும் மிகுந்த கலைநுட்பம்"
    ],
    "answer": "D",
    "additional_context": "பிறநாட்டுச் சிற்பங்களைக் காட்டிலும் தமிழகச் சிற்பங்கள் தனித்தன்மையுடன் திகழ்கின்றன. யோகக்கலை, நாட்டியக்கலைக் கூறுகளும் தமிழகச் சிற்பக்கலையில் இடம் பெற்றுள்ளன."
  },
  {
    "description": "இன்றைய சிற்பக்கலை எந்த இடங்களில் காணப்படுகிறது?",
    "options": [
      "கோவில்கள் மட்டுமே",
      "கோவில்கள், அரங்குகள், காட்சிக்கூடங்கள், வரவேற்பறைகள் ",
      "அரங்குகள் மற்றும் காட்சிக்கூடங்கள் மட்டுமே",
      "வீடுகள் மற்றும் பள்ளிகளில் மட்டுமே"
    ],
    "answer": "B",
    "additional_context": "தமிழகத்தில் கட்டப்படும் கோவில்களில் இன்றும் சுதைச் சிற்பங்களும் கற்சிற்பங்களும் அமைக்கப்பட்டு வருகின்றன. இன்றைய சிற்பக்கலை கோவில்களைக் கடந்தும் பலதுறைகளில் தன் இடத்தை நிறைவு செய்கிறது. பெரும் அரங்குகளில், காட்சிக்கூடங்களில், வரவேற்பறைகளில் காணப்படுகிற கலைநயம் மிக்க சிற்பங்கள்"
  },
  {
    "description": "பௌத்த-சமணச் சிற்பங்கள் எந்த வகையான உருவங்களை பிரதிபலிக்கின்றன?",
    "options": [
      "கிருஷ்ணர் மற்றும் ராமர்",
      "சந்திரமதி மற்றும் கண்ணப்பர்",
      "புத்தர் மற்றும் தீர்த்தங்கரர்",
      "யாளி மற்றும் சிங்கம்"
    ],
    "answer": "C",
    "additional_context": "பௌத்த மதத்தைத் தழுவிய தமிழர்கள், புத்தரின் உருவத்தை அமர்ந்த, நின்ற, படுத்த (கிடை) நிலைகளில் சிற்பங்களாகப் படைத்து வழிபட்டனர். சமண மதத்தினர் அருகக் கடவுளின் உருவத்தையும், இருபத்து நான்கு தீர்த்தங்கரர் உருவங்களையும் சிற்பங்களாக்கியுள்ளனர்."
  }
]
