
[
  {
    "description": "1. \"மிசை\" - என்பதன் எதிர்ச்சொல் என்ன?",
    "options": [
      "அ) கீழே",
      "ஆ) மேலே",
      "இ) இசை",
      "ஈ) வசை"
    ],
    "answer": [
      "அ"
    ],
    "additional_context": "நாம்  'மிசை' என்ற சொல்லை நம் மொழியில் பல இடங்களில் பயன்படுத்துகிறோம். 'மேல்' என்ற பொருளைத் தரும் 'மிசை'  சொல்லுக்கு எதிர்ச்சொல் 'கீழே' என்பது உங்களுக்குப் புரியும். 'இசை' என்றால் இனிமையான ஒலி. 'வசை' என்றால் திட்டு. இரண்டும்  'மிசை' என்ற சொல்லுடன் எந்த தொடர்பும் இல்லை."
  },
  {
    "description": "2. நீர் நிலைகளோடு தொடர்பில்லாதது எது?",
    "options": [
      "அ) அகழி",
      "ஆ) ஆறு",
      "இ) இலஞ்சி",
      "ஈ) புலரி"
    ],
    "answer": [
      "ஈ"
    ],
    "additional_context": " 'அகழி' என்பது நீரால் சூழப்பட்ட ஒரு நீர்நிலை. 'ஆறு' என்பது ஒரு பெரிய நீர்நிலை. 'இலஞ்சி' என்பது நிறைய நீர் இருக்கும் ஒரு பெரிய நீர்நிலை.  'புலரி' என்றால்  பகல் தொடங்கும் நேரம்.  எனவே நீர் நிலைகளோடு தொடர்பில்லாதது 'புலரி'  என்பதுதான்."
  },
  {
    "description": "3. \"நீரின்று அமையாது உலகு\" - இந்தக் குறள் இடம் பெறும் நூல் எது?",
    "options": [
      "அ) திருக்குறள்",
      "ஆ) பழமொழி நானூறு",
      "இ) களவழி நாற்பது",
      "ஈ) ஔவையார் பாடல்கள்"
    ],
    "answer": [
      "அ"
    ],
    "additional_context": "\"நீரின்று அமையாது உலகு\" என்னும் குறள் திருவள்ளுவர் இயற்றிய திருக்குறளில் உள்ளது.   திருக்குறள் நூலில் 1330 குறள்கள்  133 அத்தியாயங்களாகப் பிரிக்கப்பட்டுள்ளன. இந்தக் குறள்  நீதி  அத்தியாயத்தில்  இடம்பெற்றுள்ளது."
  },
  {
    "description": "4. \"மல்லல் மூதூர் வயவேந்தே\" - கோடிட்ட சொல்லின் பொருள் என்ன?",
    "options": [
      "அ) மறுமை",
      "ஆ) பூவரசு மரம்",
      "இ) வளம்",
      "ஈ) பெரிய"
    ],
    "answer": [
      "ஈ"
    ],
    "additional_context": "\"மல்லல் மூதூர் வயவேந்தே\" - என்ற வரிகளில் 'வய'  என்ற சொல் 'பெரிய' என்ற பொருளைத் தருகிறது. 'மல்லல்' என்றால்  வீரன். 'மூதூர்'  என்றால்  பழைய ஊர்.  எனவே  இந்த வரிகள் 'வீரனே! பழைய ஊரின் பெரிய மன்னனே!' என்று பொருள்படும்."
  },
  {
    "description": "5. சோழர்காலத்தில் குமிழித்தூம்பு எதற்காகப் பயன்படுத்தப்பட்டது?",
    "options": [
      "அ) பூக்கள் வைக்க",
      "ஆ) தண்ணீர் எடுக்க",
      "இ) போர் செய்ய",
      "ஈ) வீடுகள் கட்ட"
    ],
    "answer": [
      "ஆ"
    ],
    "additional_context": "சோழர் காலத்தில்  குமிழித்தூம்பு தண்ணீர் எடுக்கப் பயன்படுத்தப்பட்டது.   இது மண் பானை போன்ற ஒரு வடிவத்தில் இருக்கும்.  இந்தத் தூம்பை  நிலத்தில் குழியில் புதைத்து  நீர் எடுப்பார்கள்."
  }
]
