
[
  {
    "description": "கீழே உள்ள தொடர்களில் எந்த தொடரில் இடவாகுபெயர் பயன்படுத்தப்பட்டுள்ளது?",
    "options": [
      "நாடு முழுவதும் கடும் மழை பெய்து வருகிறது.",
      "வகுப்பறை முழுவதும் அமைதி நிலவுகிறது.",
      "காலையில் சூரிய உதயத்தை ரசித்தோம்.",
      "மாலையில் சில நேரங்களில் மழை பெய்யும்."
    ],
    "answer": [
      "B"
    ],
    "additional_context": "இடவாகுபெயர் என்பது ஒரு இடத்தின் பெயரை அதில் உள்ள பொருள்களுக்குப் பயன்படுத்துவதைக் குறிக்கும்.  'வகுப்பறை முழுவதும் அமைதி நிலவுகிறது' என்ற தொடரில் 'வகுப்பறை' என்னும் இடம்,  அங்கு இருக்கும் மாணவர்களுக்கு  ஆகி வந்துள்ளது.  இதனால் இது இடவாகுபெயர் ஆகும்."
  },
  {
    "description": "\"சினையாகுபெயர்\" என்பது எந்த உறுப்பை குறிப்பிடுகிறது?",
    "options": [
      "பொருளின் முதற்பொருள்",
      "இடத்தின் பெயர்",
      "காலத்தின் பெயர்",
      "பொருளின் ஒரு பகுதி"
    ],
    "answer": [
      "D"
    ],
    "additional_context": "சினையாகுபெயர் என்பது ஒரு பொருளின் உறுப்பை அதற்குரிய முதற்பொருளுக்கு ஆகி வரும் பெயர்.  எடுத்துக்காட்டாக,  'மருக்கொழுந்து' என்ற  சினைப் பெயர் (உறுப்பு) அதன் செடிக்கு ஆகிவந்தது.  இதன் மூலம் சினையாகுபெயர்  ஒரு பொருளின் ஒரு பகுதியைக் குறிக்கிறது என்பது தெளிவாகிறது."
  },
  {
    "description": "கீழே உள்ளவற்றில் எது பண்பாகுபெயர்க்கு உதாரணம்?",
    "options": [
      "காரை ஓட்டிக்கொண்டு செல்கிறான்.",
      "மஞ்சள் நிறப் பூக்கள் மணக்கின்றன.",
      "நீண்ட நேரம் படித்தால் மனம் சோர்ந்துவிடும்.",
      "புத்தகம் படித்து கற்றுக்கொள்கிறான்."
    ],
    "answer": [
      "B"
    ],
    "additional_context": "பண்பாகுபெயர் என்பது ஒரு பொருளின் பண்பைக் குறிப்பிடுவதைக் குறிக்கும்.  'மஞ்சள் நிறப் பூக்கள் மணக்கின்றன' என்ற தொடரில் 'மஞ்சள்' என்ற பண்பு, அந்தப் பூக்களுக்கு ஆகி வந்துள்ளது.  இதனால் இது பண்பாகுபெயர்க்கு உதாரணம் ஆகும்."
  },
  {
    "description": "\"இரண்டு கிலோ கொடு\" என்ற தொடரில் எந்த அளவைப் பெயர் பயன்படுத்தப்பட்டுள்ளது?",
    "options": [
      "நிறுத்தி அளக்கும் அளவைப் பெயர்",
      "முகந்து அளக்கும் அளவைப் பெயர்",
      "நீட்டி அளக்கும் அளவைப் பெயர்",
      "எண்ணுப் பெயர்"
    ],
    "answer": [
      "A"
    ],
    "additional_context": "'கிலோ' என்பது நிறுத்தி அளக்கும் அளவைப் பெயர்.  இரண்டு கிலோ கொடு என்ற தொடரில்,  இரண்டு என்பது எண்ணுப் பெயர்,  கிலோ என்பது நிறுத்தி அளக்கும் அளவைப் பெயர். இதன் மூலம் 'கிலோ'  என்பது நிறுத்தி அளக்கும் அளவைப் பெயர் என்பது தெளிவாகிறது."
  },
  {
    "description": "கீழே உள்ள தொடர்களில் எது ஆகுபெயர் பயன்படுத்தப்படவில்லை?",
    "options": [
      "பள்ளி மாணவர்கள் புத்தகங்களை வாங்கினர்.",
      "தமிழரசி வள்ளுவரைப் படித்தாள்.",
      "கலைச்செல்வி பச்சை உடுத்தினாள்.",
      "நாலடி நானூறும் இரண்டடித் திருக்குறளும் வாழ்வுக்கு உறுதி தரும்."
    ],
    "answer": [
      "A"
    ],
    "additional_context": "ஆகுபெயர் என்பது  ஒன்றின் இயற்பெயர் அதனோடு தொடர்புடைய மற்றொன்றிற்குத் தொன்றுதொட்டு ஆகி வருவதைக் குறிக்கும்.  'பள்ளி மாணவர்கள் புத்தகங்களை வாங்கினர்' என்ற தொடரில்  பள்ளி என்ற இடப்பெயர் மாணவர்களுக்கு  ஆகி வரவில்லை.  மாறாக,  'பள்ளியில்  படிக்கும் மாணவர்கள்'  என்ற பொருள் கொடுக்கப்பட்டுள்ளது.  இதனால் இது ஆகுபெயர் பயன்படுத்தப்படாத தொடர் ஆகும்."
  }
]
