
[
  {
    "description": "ந. பிச்சமூர்த்தி  ____  வகைமைகளை  படைத்தவர்.",
    "options": [
      "கவிதை, நாடகம்",
      "சிறுகதை, கட்டுரை",
      "கவிதை, சிறுகதை",
      "கவிதை, சிறுகதை, ஓரங்க நாடகங்கள், கட்டுரைகள்"
    ],
    "answer": [
      "D"
    ],
    "additional_context": "ந. பிச்சமூர்த்தி தொடக்க காலத்தில் வழக்குரைஞராகவும் பின்னர் இந்து சமய அறநிலையப் பாதுகாப்புத் துறை அலுவலராகவும் பணியாற்றினார். ஹனுமான், நவஇந்தியா ஆகிய இதழ்களின் துணை ஆசிரியராகவும் இருந்தார். இவர் புதுக்கவிதை, சிறுகதை, ஓரங்க நாடகங்கள், கட்டுரைகள் ஆகிய இலக்கிய வகைமைகளைப் படைத்தவர். இவரின் முதல் சிறுகதை - \"ஸயன்ஸுக்கு பலி\" என்பதாகும். 1932 இல் கலைமகள் இதழ் வழங்கிய பரிசைப் பெற்றார். பிக்ஷு, ரேவதி ஆகிய புனைபெயர்களில் படைப்புகளை எழுதினார்."
  },
  {
    "description": "“ஸயன்ஸுக்கு பலி”  என்பது  ந. பிச்சமூர்த்தியின்  ____  .",
    "options": [
      "முதல் சிறுகதை",
      "முதல் கவிதை",
      "முதல் ஓரங்க நாடகம்",
      "முதல் கட்டுரை"
    ],
    "answer": [
      "A"
    ],
    "additional_context": "ந. பிச்சமூர்த்தி தொடக்க காலத்தில் வழக்குரைஞராகவும் பின்னர் இந்து சமய அறநிலையப் பாதுகாப்புத் துறை அலுவலராகவும் பணியாற்றினார். ஹனுமான், நவஇந்தியா ஆகிய இதழ்களின் துணை ஆசிரியராகவும் இருந்தார். இவர் புதுக்கவிதை, சிறுகதை, ஓரங்க நாடகங்கள், கட்டுரைகள் ஆகிய இலக்கிய வகைமைகளைப் படைத்தவர். இவரின் முதல் சிறுகதை - \"ஸயன்ஸுக்கு பலி\" என்பதாகும். 1932 இல் கலைமகள் இதழ் வழங்கிய பரிசைப் பெற்றார். பிக்ஷு, ரேவதி ஆகிய புனைபெயர்களில் படைப்புகளை எழுதினார்."
  },
  {
    "description": "“புவிஈர்ப்பு விசையை எதிர்த்து விண்ணோக்கி விரைவது  ____  ”  என்று கவிதையில் குறிப்பிடப்பட்டுள்ளது.",
    "options": [
      "மனிதனின் தனித்துவம்",
      "விலங்குகளின் தனித்துவம்",
      "பறவைகளின் தனித்துவம்",
      "தாவரத்தின் தனித்துவம்"
    ],
    "answer": [
      "D"
    ],
    "additional_context": "புவிஈர்ப்பு விசையை எதிர்த்து விண்ணோக்கி விரைவது தாவரத்தின் தனித்துவம். வேர் வளர்க்கும் கதிரவன் ஒளியும் காற்றும் நீரும் பசுமரத்தின் வேருக்கு நெக்குவிடும் பாறையும் என எல்லாம் இணைந்தே இயற்கையைப் போற்றி வளர்க்கின்றன. போட்டியின்றி வாழ்க்கையில்லை; வலிகளின்றி வெற்றியில்லை. ஒன்றையொன்று அடுத்தும் படுத்தும் மென்மேலும் முன்னேறுவது இயற்கைக்கு மட்டுமன்று, வாழ்க்கைக்கும்தான்!"
  },
  {
    "description": "“அதுவே வாழ்க்கைப் போர், முண்டி மோதும் துணிவே இன்பம்”  என்ற வரி  ____  குறித்துப் பேசுகிறது.",
    "options": [
      "வாழ்க்கையின் இன்பங்கள்",
      "வாழ்க்கைப் போராட்டத்தின் அவசியம்",
      "துணிச்சலின் முக்கியத்துவம்",
      "வெற்றிக்கான  முயற்சிகள்"
    ],
    "answer": [
      "B"
    ],
    "additional_context": "அதுவே வாழ்க்கைப் போர்\nமுண்டி மோதும் துணிவே இன்பம்\nஉயிரின் முயற்சியே வாழ்வின் மலர்ச்சி."
  }
]
