
[
  {
    "description": "தமிழ் இலக்கியத்தில் உள்ள அறம் சார்ந்த இலக்கியங்களின் பண்புகள் யாவை?",
    "options": [
      "அவை வாசகர்களை மகிழ்விக்கின்றன.",
      "அவை வாழ்க்கை நெறிகளை அறிவுறுத்துகின்றன.",
      "அவை உலகப் பொதுமறையான திருக்குறளைப் போன்றவை.",
      "மேற்கண்ட அனைத்தும்."
    ],
    "answer": [
      "D"
    ],
    "additional_context": "தமிழ் இலக்கியத்தில் உள்ள அறம் சார்ந்த இலக்கியங்கள் வாசகர்களை மகிழ்விப்பதுடன் வாழ்க்கை நெறிகளை அறிவுறுத்துவதும் உலகப் பொதுமறையான திருக்குறளைப் போன்றதும் ஆகும். இவைகள் எல்லாம் மகிழ்விப்பதோடு மட்டுமல்லாமல், வாழ்க்கை நெறிகளைப் பின்பற்றவும் வழிகாட்டுபவை. அவை அறிவுறுத்தும் நெறிகளும் உலகப் பொதுமறையான திருக்குறளின் நெறிகளும் ஒத்திருப்பதால், திருக்குறளைப் போன்றவை எனலாம்."
  },
  {
    "description": "மேற்கண்ட பாடல் வரிகளில் குறிப்பிடப்பட்டுள்ள \"வெகுளி\" என்ற சொல்லின் பொருள் என்ன?",
    "options": [
      "அன்பு",
      "மகிழ்ச்சி",
      "சினம்",
      "துன்பம்"
    ],
    "answer": [
      "C"
    ],
    "additional_context": " \"ஆக்குவது ஏதெனில் அறத்தை ஆக்குக, போக்குவது ஏதெனில் வெகுளி போக்குக, நோக்குவது ஏதெனில் ஞானம் நோக்குக, காக்குவது ஏதெனில் விரதம் காக்கவே.\" எனும் பாடல் வரிகளில் வெகுளி என்பது சினம் என்ற பொருளை குறிக்கிறது. இதன் பொருள் நம்மை ஆட்சி செய்யும் பண்புகளில் சினம் இருக்கக் கூடாது என்பதே."
  },
  {
    "description": "'யசோதர காவியம்' என்னும் நூலின்  முக்கிய  உள்ளடக்கம் என்ன?",
    "options": [
      "யசோதரன் என்னும்  சமண முனிவரின் வாழ்க்கை வரலாறு",
      "யசோதரன் என்னும் அவந்தி நாட்டு மன்னனின்  வரலாறு",
      "யசோதரன் என்னும்  கிராமத்து இளைஞனின்  வாழ்க்கை வரலாறு",
      "யசோதரன் என்னும்  தெய்வத்தின் வரலாறு"
    ],
    "answer": [
      "B"
    ],
    "additional_context": "ஐஞ்சிறு காப்பியங்களுள் ஒன்று யசோதர காவியம். இந்நூல் வடமொழியிலிருந்து தமிழில் தழுவி எழுதப் பெற்றதாகும். இந்நூலின் ஆசிரியர் பெயரை அறிய முடியவில்லை. இது சமண முனிவர் ஒருவரால் இயற்றப்பட்டது என்பர். யசோதர காவியம், 'யசோதரன்' என்னும் அவந்தி நாட்டு மன்னனின் வரலாற்றைக் கூறுகிறது. இந்நூல் ஐந்து சருக்கங்களைக் கொண்டது; பாடல்கள் எண்ணிக்கை 320 எனவும் 330 எனவும் கருதுவர்."
  },
  {
    "description": "“யசோதர காவியம்” எந்த மொழியில் இருந்து தமிழில் தழுவி எழுதப்பட்டது?",
    "options": [
      "சமஸ்கிருதம்",
      "பிராகிருதம்",
      "பாலி",
      "கிரேக்கம்"
    ],
    "answer": [
      "A"
    ],
    "additional_context": "ஐஞ்சிறு காப்பியங்களுள் ஒன்று யசோதர காவியம். இந்நூல் வடமொழியிலிருந்து தமிழில் தழுவி எழுதப் பெற்றதாகும். இந்நூலின் ஆசிரியர் பெயரை அறிய முடியவில்லை. இது சமண முனிவர் ஒருவரால் இயற்றப்பட்டது என்பர். யசோதர காவியம், 'யசோதரன்' என்னும் அவந்தி நாட்டு மன்னனின் வரலாற்றைக் கூறுகிறது. இந்நூல் ஐந்து சருக்கங்களைக் கொண்டது; பாடல்கள் எண்ணிக்கை 320 எனவும் 330 எனவும் கருதுவர்."
  },
  {
    "description": "யசோதர காவியம் எத்தனை சருக்கங்களைக் கொண்டது?",
    "options": [
      "மூன்று",
      "நான்கு",
      "ஐந்து",
      "ஆறு"
    ],
    "answer": [
      "C"
    ],
    "additional_context": "ஐஞ்சிறு காப்பியங்களுள் ஒன்று யசோதர காவியம். இந்நூல் வடமொழியிலிருந்து தமிழில் தழுவி எழுதப் பெற்றதாகும். இந்நூலின் ஆசிரியர் பெயரை அறிய முடியவில்லை. இது சமண முனிவர் ஒருவரால் இயற்றப்பட்டது என்பர். யசோதர காவியம், 'யசோதரன்' என்னும் அவந்தி நாட்டு மன்னனின் வரலாற்றைக் கூறுகிறது. இந்நூல் ஐந்து சருக்கங்களைக் கொண்டது; பாடல்கள் எண்ணிக்கை 320 எனவும் 330 எனவும் கருதுவர்."
  }
]
