
[
  {
    "description": "'கால்முளைத்த கதைகள்' என்ற நூலின் ஆசிரியர் யார்?",
    "options": [
      "வாலி",
      "இன்சுவை",
      "பூங்குழலி",
      "எஸ். இராமகிருஷ்ணன்"
    ],
    "answer": "D",
    "additional_context": "உங்களின் நண்பர், பிறந்த நாள் பரிசாக அனுப்பிய எழுத்தாளர் எஸ். இராமகிருஷ்ணனின், \"கால்முளைத்த கதைகள்\" என்னும் நூல் குறித்த கருத்துகளைக் கடிதமாக எழுதுக."
  },
  {
    "description": "தங்கப்பாவின் கவிதையில், 'மெய்யே, மக்கள் அகத்திலும் நீ குடியிருக்க வேண்டுவேனே' என்ற வரி எதை வலியுறுத்துகிறது?",
    "options": [
      "அழகு மக்களின் உள்ளத்தில் இருக்க வேண்டும்",
      "மொழி மக்களின் வாழ்வில் இன்றியமையாதது",
      "மொழி மக்களின் அகத்திலும் குடியிருக்க வேண்டும்",
      "மொழி மக்களின் உள்ளத்தை வளப்படுத்த வேண்டும்"
    ],
    "answer": "C",
    "additional_context": "விரிகின்ற நெடுவானில், கடற்பரப்பில்\nவிண்ணோங்கு பெருமலையில், பள்ளத்தாக்கில்\nபொழிகின்ற புனலருவிப் பொழிலில், காட்டில்\nபுல்வெளியில், நல்வயலில், விலங்கில், புள்ளில்\nதெரிகின்ற பொருளிலெல்லாம் திகழ்ந்து நெஞ்சில்\nதெவிட்டாத நுண்பாட்டே, தூய்மை ஊற்றே,\nஅழகு என்னும் பேரொழுங்கே, மெய்யே, மக்கள்\nஅகத்திலும் நீ குடியிருக்க வேண்டுவேனே!"
  },
  {
    "description": "திராவிட மொழிகளின் ஒப்பிலக்கணம் குறித்து எழுதியவர் யார்?",
    "options": [
      "வாலி",
      "தங்கப்பா",
      "மணவை முஸ்தபா",
      "ராபர்ட் கால்டுவெல்"
    ],
    "answer": "D",
    "additional_context": "திராவிட மொழிகளின் ஒப்பிலக்கணம் - ராபர்ட் கால்டுவெல்"
  },
  {
    "description": "'கேழ்பு' என்ற சொல் எந்தப் பொருளைக் குறிக்கிறது?",
    "options": [
      "அழகு",
      "கேள்வி",
      "மகிழ்ச்சி",
      "சந்தேகம்"
    ],
    "answer": "D",
    "additional_context": "அகராதியில் காண்க.\nநயவாமை, கிளத்தல், கேழ்பு, செம்மல், புரிசை."
  },
  {
    "description": "'அது வந்தது' என்பது எந்தக் காலத்திற்கான வினைமுற்று?",
    "options": [
      "இறந்த காலம்",
      "நிகழ்காலம்",
      "எதிர்காலம்",
      "நிபந்தனை காலம்"
    ],
    "answer": "A",
    "additional_context": "கொடுக்கப்பட்ட வேர்ச்சொற்களைப் பயன்படுத்தி விடுபட்ட கட்டங்களில் காலத்திற்கேற்ற வினைமுற்றுகளை நிறைவு செய்க.\n\n| வா | இறந்த காலம் | நிகழ்காலம் | எதிர்காலம் |\n|---|---|---|---| \n| நான் | வந்தேன் | வருகிறேன் | வருவேன் |\n| நாங்கள் | வந்தோம் | வருகிறோம் | வருவோம் |\n| நீ | வந்தாய் | வருகிறாய் | வருவாய் |\n| நீங்கள் | வந்தீர்கள் | வருகிறீர்கள் | வருவீர்கள் |\n| அவன் | வந்தான் | வருகிறான் | வருவான் |\n| அவள் | வந்தாள் | வருகிறாள் | வருவாள் |\n| அவர் | வந்தார் | வருகிறார் | வருவார் |\n| அவர்கள் | வந்தார்கள் | வருகிறார்கள் | வருவார்கள் |\n| அது | வந்தது | வருகிறது | வரும் |\n| அவை | வந்தன | வருகின்றன | வருகின்றன |"
  }
]
