[
          
  {
    
          "description": "“மாமாவின் வருகைக்கு வீடே மகிழ்கிறது” என்ற தொடரில், 'வீடே' என்பது எதற்கு ஆகி வருகிறது?",
          "options": [
      "மாமாவின் வருகைக்கு",
      "வீட்டில் உள்ள மக்களுக்கு",
      "வீட்டின் சுவர்களுக்கு",
      "வீட்டின் அமைப்புக்கு"
    ],
    "answer": [
      "B"
    ],
    
          "additional_context": "“மாமாவின் வருகைக்கு வீடே மகிழ்கிறது” என்ற தொடரில்,  “வீடே” என்ற சொல் “வீட்டில் உள்ள மக்கள்” என்பதற்கு ஆகி வருகிறது. இதில் 'வீடு' என்பது இயற்பெயர். அதன் இயல்புடைய பொருளாகிய 'வீட்டில் உள்ள மக்கள்' என்பதற்கு அது ஆகி வருவதால், இது 'இடவாகுபெயர்' எனப்படும்."
          }
        ,
          
  {
    
          "description": "“கலாம் சாட் கண்டுபிடித்த பள்ளி மாணவனை ஊரே பாராட்டியது” என்ற தொடரில், 'ஊரே' என்பது எந்த வகை ஆகுபெயர்?",
          "options": [
      "இடவாகுபெயர்",
      "காலவாகுபெயர்",
      "பண்பாகுபெயர்",
      "தொழிலாகுபெயர்"
    ],
    "answer": [
      "A"
    ],
    
          "additional_context": "“கலாம் சாட் கண்டுபிடித்த பள்ளி மாணவனை ஊரே பாராட்டியது” என்ற தொடரில், 'ஊரே' என்ற சொல் 'ஊரில் உள்ள மக்கள்' என்பதற்கு ஆகி வருகிறது. இதில் 'ஊர்' என்பது இயற்பெயர். அதன் இயல்புடைய பொருளாகிய 'ஊரில் உள்ள மக்கள்' என்பதற்கு அது ஆகி வருவதால், இது 'இடவாகுபெயர்' எனப்படும்."
          }
        ,
          
  {
    
          "description": "“பச்சை நிற ஆடையை உடுத்தினாள்” என்பதை “கலைச்செல்வி பச்சை உடுத்தினாள்” என மாற்றும்போது எந்த வகை ஆகுபெயர் பயன்படுத்தப்படுகிறது?",
          "options": [
      "காலவாகுபெயர்",
      "பண்பாகுபெயர்",
      "தொழிலாகுபெயர்",
      "கருவியாகுபெயர்"
    ],
    "answer": [
      "B"
    ],
    
          "additional_context": "“பச்சை நிற ஆடையை உடுத்தினாள்” என்பதை “கலைச்செல்வி பச்சை உடுத்தினாள்” என மாற்றும்போது, 'பச்சை' என்ற சொல் 'பச்சை நிற ஆடை' என்பதற்கு ஆகி வருகிறது. 'பச்சை' என்பது இயற்பெயர். அதன் இயல்புடைய பொருளாகிய 'பச்சை நிற ஆடை' என்பதற்கு அது ஆகி வருவதால், இது 'பண்பாகுபெயர்' எனப்படும்."
          }
        ,
          
  {
    
          "description": "“ஐந்து மீட்டர் வெட்டினான்” என்ற தொடரில், 'ஐந்து மீட்டர்' எதற்கு ஆகி வருகிறது?",
          "options": [
      "நீளத்துக்கு",
      "வெட்டும் கருவிக்கு",
      "வெட்டும் பொருளுக்கு",
      "வெட்டும் நபருக்கு"
    ],
    "answer": [
      "A"
    ],
    
          "additional_context": "“ஐந்து மீட்டர் வெட்டினான்” என்ற தொடரில், 'ஐந்து மீட்டர்' என்ற சொல் வெட்டப்பட்ட பொருளின் நீளத்தைக் குறிப்பிடுகிறது. 'மீட்டர்' என்பது அளவீட்டுக்குரிய சொல். அது  வெட்டப்பட்ட பொருளின் நீளத்தைக் குறிப்பிடுவதால், இது 'நீட்டலளவை ஆகுபெயர்' எனப்படும்."
          }
        ,
          
  {
    
          "description": "“இந்திய வீரர்கள் எளிதில் வென்றனர்” என்ற தொடரில், 'இந்திய' என்பது எதற்கு ஆகி வருகிறது?",
          "options": [
      "இந்தியாவிற்கு",
      "இந்தியாவில் இருக்கும் மக்களுக்கு",
      "இந்திய வீரர்களுக்கு",
      "இந்தியாவின் பண்பாட்டிற்கு"
    ],
    "answer": [
      "C"
    ],
    
          "additional_context": "“இந்திய வீரர்கள் எளிதில் வென்றனர்” என்ற தொடரில், 'இந்திய' என்ற சொல் 'இந்திய வீரர்கள்' என்பதற்கு ஆகி வருகிறது. 'இந்திய' என்பது இயற்பெயர். அதன் இயல்புடைய பொருளாகிய 'இந்திய வீரர்கள்' என்பதற்கு அது ஆகி வருவதால், இது 'இடவாகுபெயர்' எனப்படும்."
          }
        ]