
[
  {
    "description": "“கடிதம் எழுதுக” எனும் பகுதியில், எந்தப் பதிப்பகத்திற்கு கடிதம் எழுதச் சொல்லப்பட்டுள்ளது?",
    "options": [
      "சாரல் பதிப்பகம்",
      "நெய்தல் பதிப்பகம்",
      "பாரதி பதிப்பகம்",
      "காவ்யா பதிப்பகம்"
    ],
    "answer": "B",
    "additional_context": "நூலகத்திற்குத் தமிழ்- தமிழ் -ஆங்கிலம் என்னும் கையடக்க அகராதி பத்துப்படிகளைப் பதிவஞ்சலில் அனுப்புமாறு நெய்தல் பதிப்பகத்திற்கு ஒரு கடிதம் எழுதுக."
  },
  {
    "description": "“செயல்திட்டம்” பகுதியில், எந்தப் படத்தொகுப்பினை உருவாக்கச் சொல்லப்பட்டுள்ளது?",
    "options": [
      "பெண்கள் கல்வி வளர்ச்சிக்கு உழைத்தவர்கள் பற்றிய செய்திப் படத்தொகுப்பு",
      "விவசாயிகள் பற்றிய செய்திப் படத்தொகுப்பு",
      "கலைஞர்கள் பற்றிய செய்திப் படத்தொகுப்பு",
      "விஞ்ஞானிகள் பற்றிய செய்திப் படத்தொகுப்பு"
    ],
    "answer": "A",
    "additional_context": "பெண்கல்வி வளர்ச்சிக்கு உழைத்தவர்கள் பற்றிய செய்திப் படத்தொகுப்பினை உருவாக்குக."
  },
  {
    "description": "“நிற்க அதற்குத் தக” பகுதியில், யார் என்னை உயர்வாகப் பேசுவது எனக்குப் பிடிக்கும் என குறிப்பிடப்பட்டுள்ளது?",
    "options": [
      "நண்பர்கள்",
      "பெற்றோர்",
      "ஆசிரியர்கள்",
      "யாரும் இல்லை"
    ],
    "answer": "D",
    "additional_context": "எனக்குப் பிடித்தவை / என் பொறுப்புகள்\n1. என்னை உயர்வாகப் பேசுவது எனக்குப் பிடிக்கும்."
  },
  {
    "description": "“கலைச்சொல் அறிவோம்” பகுதியில், “சமூக சீர்திருத்தவாதி” என்னும் சொல்லின் ஆங்கிலப் பெயர் என்ன?",
    "options": [
      "Social Activist",
      "Social Worker",
      "Social Reformer",
      "Social Leader"
    ],
    "answer": "C",
    "additional_context": "கலைச்சொல் அறிவோம்\nசமூக சீர்திருத்தவாதி – Social Reformer"
  },
  {
    "description": "“அறிவை விரிவு செய்” பகுதியில், எந்தப் புத்தகத்தில் “ஓய்ந்திருக்கலாகாது” என்ற சிறுகதை இடம்பெற்றுள்ளது?",
    "options": [
      "“கல்விச் சிறுகதைகள்” (தொகுப்பு: அரசி -ஆதிவள்ளியப்பன்)",
      "“ஓய்ந்திருக்கலாகாது” (தொகுப்பு: சுஜாதா)",
      "“தொடர் பயணம்” (தொகுப்பு: ஜெயகாந்தன்)",
      "“கனவுகள்” (தொகுப்பு: பிரேம்)"
    ],
    "answer": "A",
    "additional_context": "அறிவை விரிவு செய்\nஓய்ந்திருக்கலாகாது – கல்விச் சிறுகதைகள் (தொகுப்பு: அரசி -ஆதிவள்ளியப்பன்)"
  }
]
