
[
  {
    "description": "“அறத்தை ஆக்குக” என்ற வரியின் பொருள் என்ன?",
    "options": [
      "அறத்தைப் பற்றிப் பேச வேண்டும்.",
      "அறத்தைப் பற்றிப் பாட வேண்டும்.",
      "அறத்தைப் பற்றி யோசிக்க வேண்டும்.",
      "அறத்தைப் பின்பற்றி வாழ வேண்டும்."
    ],
    "answer": [
      "D"
    ],
    "additional_context": "இந்த வரி ஒரு சமணத் துறவியின் வாழ்க்கை நெறிகளைப் பற்றி  கூறுகிறது. அறத்தைப் பின்பற்றுவது, அதை நமது வாழ்க்கையில் செயல்படுத்த வேண்டும் என்பது இந்த வரியின் பொருள்."
  },
  {
    "description": "யசோதர காவியத்தில் அறத்தைப் பற்றி என்ன குறிப்பிடப்பட்டுள்ளது?",
    "options": [
      "அறம் என்பது நற்செயல், வெகுளி என்பது சினம், ஞானம் என்பது அறிவு மற்றும் விரதம் என்பது மேற்கொண்ட நன்னெறி.",
      "அறம் என்பது வெறுப்பு, வெகுளி என்பது ஆத்திரம், ஞானம் என்பது துன்பம் மற்றும் விரதம் என்பது உபவாசம்.",
      "அறம் என்பது பகைமை, வெகுளி என்பது சிரிப்பு, ஞானம் என்பது சந்தேகம் மற்றும் விரதம் என்பது சத்தியம்.",
      "அறம் என்பது அன்பைப் பரப்புதல், வெகுளி என்பது இன்பம், ஞானம் என்பது வலிமை மற்றும் விரதம் என்பது பொய்."
    ],
    "answer": [
      "A"
    ],
    "additional_context": " யசோதர காவியம் ஒரு சமணத் துறவியின் வாழ்க்கை நெறிகளைப் பற்றி கூறுகிறது. இந்தக் காவியத்தில் அறம் என்பது நற்செயல், வெகுளி என்பது சினம், ஞானம் என்பது அறிவு மற்றும் விரதம் என்பது மேற்கொண்ட நன்னெறி என்று கூறப்பட்டுள்ளது."
  },
  {
    "description": "யசோதர காவியத்தின் பாடல்கள் எத்தனை?",
    "options": [
      "250",
      "300",
      "320 அல்லது 330",
      "400"
    ],
    "answer": [
      "C"
    ],
    "additional_context": "யசோதர காவியத்தின் ஆசிரியர் யார் என்பது தெரியவில்லை. இந்நூல் ஒரு சமண முனிவர் இயற்றியதாகக் கூறப்படுகிறது. இந்த காவியத்தின் பாடல்கள் எண்ணிக்கை 320 அல்லது 330 எனக் கருதப்படுகிறது."
  },
  {
    "description": "யசோதர காவியத்தின் ஆசிரியர் யார்?",
    "options": [
      "திருவள்ளுவர்",
      "கம்பர்",
      "பெயர் தெரியவில்லை",
      "சங்க இலக்கிய ஆசிரியர்கள்"
    ],
    "answer": [
      "C"
    ],
    "additional_context": "யசோதர காவியம் ஒரு சமண முனிவர் இயற்றியதாகக் கூறப்படுகிறது. ஆனால் அவரது பெயர் தெரியவில்லை."
  },
  {
    "description": "யசோதர காவியத்தில் \"போக்குக\" என்ற வார்த்தையின் பகுபத உறுப்பிலக்கணம் என்ன?",
    "options": [
      "போக்கு + ",
      "போக்கு + க",
      "போக்கு + ",
      "போக்கு + "
    ],
    "answer": [
      "B"
    ],
    "additional_context": " யசோதர காவியத்தில் \"போக்குக\" என்ற வார்த்தை \"போக்கு + க\" என்று பகுபதம் செய்யப்படுகிறது. இதில் \"போக்கு\" என்பது பகுதி மற்றும்  \"க\" என்பது வியங்கோள் வினைமுற்று விகுதி ஆகும்."
  }
]
