[
          
  {
    
          "description": "'கற்றோர்க்குச் சென்ற நன்றி மறவாது' என்ற பழமொழி எந்த தொடருக்குப் பொருத்தமானது?",
          "options": [
      "இளமையில் கல்வி __________",
      "சித்திரமும் கைப்பழக்கம் __________",
      "கல்லாடம் படித்தவரோடு __________",
      "கற்றோர்க்குச் சென்ற __________"
    ],
    "answer": "D",
    
          "additional_context": "தொடரைப் பழமொழிகொண்டு நிறைவு செய்யும் பணியைத் தருகிறது இந்தப் பக்கம்.   நான்கு தொடர்கள் தரப்பட்டுள்ளன. இதில்  'கற்றோர்க்குச் சென்ற நன்றி மறவாது' என்ற பழமொழி பொருத்தமான தொடர், 'கற்றோர்க்குச் சென்ற __________' என்பது. "
          }
        ,
          
  {
    
          "description": "'தருவாய் நிழல்தான் தருவாய்' - இந்த வரியில் உள்ள  வினையெச்சம் எது?",
          "options": [
      "தருவாய்",
      "நிழல்",
      "தருவாய்",
      "தருவாய் நிழல்"
    ],
    "answer": "A",
    
          "additional_context": "கவிஞர் வாலி எழுதிய  'மொழியை ஆள்வோம்' என்ற பகுதி இது.  'தருவாய் நிழல்தான் தருவாய்' என்ற வரியில் உள்ள வினையெச்சத்தை அடையாளம் காண வேண்டும்.  இந்த வரியில் 'தருவாய்' என்பது வினையெச்சம். "
          }
        ,
          
  {
    
          "description": "'மொழியோடு விளையாடு' பகுதியில் உள்ள அந்தாதி வார்த்தைகளில் எது 'புதுமை' எனும் வார்த்தையைத் தொடர்கிறது?",
          "options": [
      "மைனா",
      "சிறப்பு",
      "கைபேசி",
      "புன்னகை"
    ],
    "answer": "B",
    
          "additional_context": "'மொழியோடு விளையாடு' என்ற பகுதி அந்தாதிச் சொற்களைப் பயன்படுத்தி எழுத வேண்டும்.   அத்தி, குருவி, விருது, இனிப்பு, வரிசையாக என்பது  அந்தாதி வார்த்தைகளின் தொடர்.  இந்தத் தொடரில்  'புதுமை' எனும் வார்த்தையைத் தொடரும் வார்த்தை 'சிறப்பு' ஆகும். "
          }
        ,
          
  {
    
          "description": "கீழ்க்கண்டவற்றுள் எது 'ஒலியியல்' என்ற சொல்லின் ஆங்கிலப் பெயர்?",
          "options": [
      "Linguistics",
      "Phonetics",
      "Philologist",
      "Phonologist"
    ],
    "answer": "B",
    
          "additional_context": "மொழியை ஆள்வோம்' என்ற பகுதியில் உள்ள 'ஒலியியல்'  என்ற சொல்லின் ஆங்கிலப் பெயரைக் கேட்கிறது இந்தக் கேள்வி.  'Phonetics' என்பது 'ஒலியியல்' என்ற சொல்லின் ஆங்கிலப் பெயர். "
          }
        ,
          
  {
    
          "description": "'நான் வந்தேன்' என்ற வாக்கியத்தில் பயன்படுத்தப்பட்ட வினைமுற்று எந்தக் காலத்தைச் சார்ந்தது?",
          "options": [
      "நிகழ்காலம்",
      "எதிர்காலம்",
      "இறந்த காலம்",
      "எதுவும் இல்லை"
    ],
    "answer": "C",
    
          "additional_context": "கொடுக்கப்பட்ட வேர்ச்சொற்களைப் பயன்படுத்தி விடுபட்ட கட்டங்களில் காலத்திற்கேற்ற வினைமுற்றுகளை நிறைவு செய்யும் பணியைத் தருகிறது இந்தப் பக்கம். 'நான் வந்தேன்' என்ற வாக்கியத்தில் பயன்படுத்தப்பட்ட வினைமுற்று 'வந்தேன்' என்பது இறந்த காலத்தைக் குறிக்கிறது.  "
          }
        ]