[
          
  {
    
          "description": "“தந்தனத்தோம் என்று சொல்லியே வில்லினில் பாட” என்ற வரியின் பொருள் என்ன?",
          "options": [
      "வில்லுப்பாட்டுக் கலைஞர்கள் வில்லினில் பாடத் தயாராக இருக்கிறார்கள்.",
      "வில்லுப்பாட்டு குழுவை வழிநடத்தும் தலைவர், வில்லுப்பாட்டைத் தொடங்கப் போவதாக அறிவிக்கிறார்.",
      "வில்லுப்பாட்டு குழுவின் அனைத்து உறுப்பினர்களும் வில்லினில் பாட வேண்டும்.",
      "வில்லுப்பாட்டு குழுவின் வில்லினில் பாடப்படும் இசை மிகவும் சிறப்பானது."
    ],
    "answer": "A",
    
          "additional_context": "வில்லுப்பாட்டுக் குழுத்தலைவர் “தந்தனத்தோம் என்று சொல்லியே வில்லினில் பாட” என்று கூறியதைக் கேட்டு, குழு உறுப்பினர்கள் 'ஆமாம், வில்லினில் பாட' என்று கூறுகிறார்கள்.  இதிலிருந்து வில்லுப்பாட்டுக் கலைஞர்கள் வில்லினில் பாடத் தயாராக இருக்கிறார்கள் என்பது தெளிவாகிறது."
          }
        ,
          
  {
    
          "description": "“சங்ககாலப் பெண்பாற் புலவர்கள் சிலர்” என்ற பிரிவில் பட்டியலிடப்பட்டுள்ள  பெண்பாற் புலவர்களில் எவர் “தூது போனாங்க... துயரைத் தீர்த்தாங்க...” எனக் குறிப்பிடப்பட்டுள்ளார்கள்?",
          "options": [
      "ஔவையார், ஒக்கூர் மாசாத்தியார்",
      "அள்ளூர் நன்முல்லையார், காக்கைப்பாடினியார்",
      "வெள்ளிவீதியார், காவற்பெண்டு",
      "நக்கண்ணையார், நப்பசலையார்"
    ],
    "answer": "B",
    
          "additional_context": "சங்ககாலத்தில் பெண்கள் கல்வி கற்றதற்குச் சான்றாக, பல பெண்பாற் புலவர்கள் இருந்திருக்கிறார்கள். இவர்களில் அள்ளூர் நன்முல்லையார் மற்றும் காக்கைப்பாடினியார் போன்றோர் தூது சென்று துயரைத் தீர்த்த செய்திகள் சங்க இலக்கியத்தில் காணப்படுகின்றன.  இதனால்  சங்ககாலத்தில் பெண்கள் கல்வி கற்று சமுதாயத்தில் பங்கெடுத்திருக்கின்றார்கள் என்பது தெளிவாகிறது."
          }
        ,
          
  {
    
          "description": "“காரைக்கால் அம்மையார், ஔவையும் குயத்தியும் வெறிபாடிய கண்ணியும் ஆண்டாள் முதலிய பெண்கள்” எந்தக் காலத்தில் இறைவனுக்குப் பாமாலை சூட்டினார்கள்?",
          "options": [
      "சங்ககாலம்",
      "மத்திய காலம்",
      "பக்தி இயக்கம்",
      "விடுதலைக்குப் பிந்தைய காலம்"
    ],
    "answer": "C",
    
          "additional_context": "காரைக்கால் அம்மையார், ஔவை, குயத்தி, வெறிபாடிய கண்ணி, ஆண்டாள் போன்ற பெண்கள் பக்தி இயக்க காலத்தில் வாழ்ந்தவர்கள்.  இவர்கள் தங்கள் இறைவனுக்குப் பாமாலை சூட்டி, பக்திப் பாடல்களைப் பாடி,  இறைவனைத் துதித்தனர்.  இந்தப் பக்தி இயக்கம் தமிழ் மொழி வளர்ச்சிக்குப் பெரிதும் துணை புரிந்தது."
          }
        ,
          
  {
    
          "description": "“தமிழகத்தின் முதல் பெண் மருத்துவராய், சாதனை படைச்சாங்க முத்துலெட்சுமி” எனக் குறிப்பிடப்பட்டதைப் படித்து முத்துலெட்சுமியின் பங்களிப்பை பற்றிய கருத்தைத் தேர்ந்தெடுங்கள்.",
          "options": [
      "முத்துலெட்சுமி மருத்துவப் பணியை மட்டுமே செய்துவந்தார்.",
      "மருத்துவம் மட்டுமல்லாமல் அரசியல் மற்றும் சமூக சீர்திருத்தங்களிலும் ஈடுபட்டார்.",
      "மருத்துவம், சமூக சீர்திருத்தம் மற்றும் வணிகம் என பல துறைகளில் ஈடுபட்டார்.",
      "முத்துலெட்சுமி தமிழகத்தின் முதல் பெண் மருத்துவர் மட்டுமல்ல, முதல் பெண்  அரசியல்வாதி."
    ],
    "answer": "B",
    
          "additional_context": "முத்துலெட்சுமி  தமிழகத்தின் முதல் பெண் மருத்துவர்.   மருத்துவப் பணி மட்டுமல்லாமல் அரசியல் மற்றும் சமூக சீர்திருத்தங்களிலும் ஈடுபட்டவர்.   அவருடைய பங்களிப்பு  பெண்களின் சமூக மேம்பாட்டுக்கு மிகவும் முக்கியமானது.   தமிழகத்தில் மட்டுமல்ல, இந்தியா முழுவதும் பெண்கள் மருத்துவம் பயிலவும் சமூகத்தில் முன்னேறவும் அவருடைய பங்களிப்பு பெரிதும் உதவியது.   தமிழகத்தின் முதல் பெண் மருத்துவரான முத்துலெட்சுமிக்கு நாம் பெருமை கொள்ள வேண்டும்."
          }
        ,
          
  {
    
          "description": "முடியாது பெண்ணாலே என்கின்ற மாயையினை முடக்க எழுந்தவர் யாரு... என்ற வரியில் 'மாயை' எனப் பயன்படுத்தப்பட்டிருக்கும் சொல்லுக்கு என்ன பொருள்?",
          "options": [
      "கனவு போன்ற இன்பம்",
      "பெண்கள் ஆண்களை விட குறைந்தவர்கள் என்ற தவறான எண்ணம்",
      "எதார்த்தத்தை மறைக்கும் தந்திரம்",
      "யதார்த்தத்திலிருந்து விலகிய நிலை"
    ],
    "answer": "B",
    
          "additional_context": "பெண்களைப் பற்றி ஏற்படுத்தப்பட்டிருக்கும் தவறான எண்ணம்  'மாயை' என்று குறிப்பிடப்படுகிறது.   பெண்கள் ஆண்களை விட குறைந்தவர்கள், பெண்கள் படிக்கக் கூடாது, பெண்கள் வீட்டில்தான் இருக்க வேண்டும் என்று தவறான எண்ணம் பல நூற்றாண்டுகளாக இருந்து வந்தது.   இந்தத் தவறான எண்ணத்தை  'மாயை'  என்று  'வில்லுப்பாட்டு'  கூறுகிறது.  பெண்கள் முன்னேற்றம் அடைய இந்த மாயையை முடக்க வேண்டும் என்பது  'வில்லுப்பாட்டு'   கூறுவதாகும். "
          }
        ]