[
          
  {
    
          "description": "'பூத்துக் குலுங்கும் _______; அடர்ந்து வளர்ந்த ______; நீர் நிறைந்த _______...'  இந்த வரிகளில் காணப்படும் இயற்கை அழகுகள், தமிழ் இலக்கியத்தில் ____ என்ற ஐந்து நிலங்களாக வகைப்படுத்தப்பட்டுள்ளன.",
          "options": [
      "பூஞ்சோலை, பசுமரங்கள், நதிக்கரைகள், மலைகள், காடுகள்",
      "பூஞ்சோலை, பசுமரங்கள், நதிக்கரைகள், குன்றுகள்,  கடற்கரைகள்",
      "பூஞ்சோலை, பசுமரங்கள், நதிக்கரைகள், மலைகள், மருத நிலம்",
      "பூஞ்சோலை, பசுமரங்கள், நதிக்கரைகள், மலைகள், பாலை நிலம்"
    ],
    "answer": "B",
    
          "additional_context": "தமிழ் இலக்கியத்தில் ஐந்து நிலங்கள் எனப்படும்.  அவை குறிஞ்சி, முல்லை, மருதம், நெய்தல், பாலை.  இந்த வரிகள் இயற்கை அழகுகளை வர்ணித்து நிற்கின்றன.  அவை பூஞ்சோலை, பசுமரங்கள், நதிக்கரைகள், குன்றுகள், கடற்கரைகள்.  இந்த ஐந்து நிலங்களையும் தனித்தனியே வர்ணிப்பது தமிழ் இலக்கியத்தின் சிறப்பு.  குறிஞ்சி மலையும் காடுகளும், முல்லை காடுகளும் புல்வெளிகளும், மருதம் வயல்வெளிகளும், நெய்தல் கடற்கரைகளும், பாலை பாலைவனங்களும்.  "
          }
        ,
          
  {
    
          "description": "'மன்னிய _______ வளைப்ப வாய்வெரீஇ...' என்ற பாடல் எந்த நிலத்துக்குரியது?",
          "options": [
      "குறிஞ்சி",
      "முல்லை",
      "பாலை",
      "நெய்தல்"
    ],
    "answer": "C",
    
          "additional_context": "பாலை நிலத்தின் சூழலைப் பற்றியது.  இந்த வரிகள் வெயில் கொளுத்தும் பாலை நிலத்தில், தாய்க்குட்டியின்  துயரை எடுத்துரைக்கின்றன.  பாலை நிலத்தைப் பற்றிய  இந்தப் பாடல் சோர்வால் வாய் குழறுவதை மையமாகக் கொண்டு  இயற்றப்பட்டுள்ளது.  அது மட்டுமல்லாமல்,  இந்த வரிகளில் வரும் 'வலிய செந்நாய் உயங்குமே' எனும் பகுதி, பாலை நிலத்தில் காணப்படும்  சோகமான சூழலையும்  எடுத்துரைக்கின்றது.  "
          }
        ,
          
  {
    
          "description": "'இராவண காவியம் _______ இன் விளைவு. _______ இன் அறிகுறி. _______ இன் பொறி...'  இது பேரறிஞர் அண்ணாவின் கூற்று.",
          "options": [
      "காலம், ஆராய்ச்சி, புரட்சி",
      "கல்வி, ஆராய்ச்சி, புரட்சி",
      "கலை, ஆராய்ச்சி, புரட்சி",
      "கலாச்சாரம், ஆராய்ச்சி, புரட்சி"
    ],
    "answer": "A",
    
          "additional_context": "தமிழ் இலக்கியத்தில்  ஒரு மைல் கல்  'இராவண காவியம்'.  இது புலவர் குழந்தை அவர்களால் இயற்றப்பட்டது.  பெரியாரின் வேண்டுகோளுக்கிணங்க 25 நாள்களில்  இவர்  திருக்குறளுக்கு உரை எழுதியுள்ளார்.  இராவண காவியத்தில்  இராவணன்  நாயகனாக இருக்கிறான்.  தந்தை பெரியாரும் இதனை   மிகவும் பாராட்டிப் பேசியுள்ளார்.   இந்த  படைப்பை  பேரறிஞர் அண்ணாவின்   கூற்று   மிகவும் சிறப்பாக வர்ணிக்கிறது.  "
          }
        ,
          
  {
    
          "description": "'வசிபட _______ புக்கு மலையெனத் _______ நன்னீர் கசிபட _______  குவிப்பார் _______...'  இந்த வரிகள் எந்த நிலத்தைப் பற்றியது?",
          "options": [
      "குறிஞ்சி",
      "முல்லை",
      "பாலை",
      "நெய்தல்"
    ],
    "answer": "D",
    
          "additional_context": "நெய்தல் நிலத்தின்   பண்பாடு  பற்றியது.  நெய்தல் நிலத்தின்   மக்கள்   கடல்   சார்ந்த   வாழ்க்கை வாழ்பவர்கள்.  அவர்கள்   கடலில்   இறங்கி    மீன் பிடிப்பார்கள்.   மேலும்,   கடல்   நீர்  உட்புகுந்து    பாறைகள்   மீது    முத்துக்கள்   உருவாகும்.   இந்த   வரிகள்   நெய்தல் நிலத்தவர்கள்   கடலில்   இறங்கி   முத்துக்களை   தேடி  கொண்டு    வந்து    கரையில்   குவித்து    வைப்பதை    வரணிக்கிறது.  "
          }
        ,
          
  {
    
          "description": "“தெங்கின் காயைப் புரைதபப் பறித்துக் காஞ்சிப் புனைநிழல்அருந்து வாரே” என்ற வரிகளில் எந்த நிலத்தின் காட்சி வர்ணிக்கப்படுகிறது?",
          "options": [
      "குறிஞ்சி",
      "முல்லை",
      "பாலை",
      "மருதம்"
    ],
    "answer": "D",
    
          "additional_context": "மருத நிலத்தில்  இயற்கை  அழகுகளை  வரணிக்கிறது.   மருதம்  வயல்வெளிகள்,   நதிகள்,   குளங்கள்,   கரும்பு   வயல்,  தென்னை   மரங்கள்,  காய்ந்த   புல்வெளிகள்  கொண்டது.   இந்த   வரிகள்   குழந்தைகள்  தென்னை மரத்தில்   ஏறி    தென்னை   காய்களை    பறித்து   காஞ்சி    மரத்தின்   நிழலில்    அமர்ந்து   சாப்பிடுவதைக்    குறிப்பிடுகிறது.  "
          }
        ]