
[
  {
    "description": "'மயில்பொறியை வானத்தில் பறக்க வைத்தோம்' என்ற வரியில் கவிஞர் எதைக் குறிப்பிடுகிறார்?",
    "options": [
      "விமானம்",
      "செயற்கைக்கோள்",
      "ஏவுகணை",
      "வானூர்தி"
    ],
    "answer": [
      "அ"
    ],
    "additional_context": "இந்தக் கேள்வி, 9 ஆம் வகுப்பு தமிழ் பாடப் புத்தகத்தில் இடம்பெற்றுள்ள ஒரு வரியை அடிப்படையாகக் கொண்டது. 'மயில்பொறியை வானத்தில் பறக்க வைத்தோம்' என்ற வரி, இந்தியாவின் விண்வெளித் துறையில் ஏற்பட்ட முன்னேற்றத்தைக் குறிப்பிடுகிறது. இந்த வரியில் கவிஞர் 'விமானம்' குறிப்பிடுவதாகக் கூறப்பட்டுள்ளது."
  },
  {
    "description": "இந்தியத் தொடர்வண்டி உணவு வழங்கல் மற்றும் சுற்றுலாக் கழகம் பற்றிய எந்த கூற்று சரியானது?",
    "options": [
      "இது பயணச் சீட்டு எடுப்பதை எளிதாக்கிய மிகப் பெரிய இந்திய நிறுவனம்.",
      "இந்த நிறுவனம் பல்வேறு உணவு வகைகளை வழங்குகிறது.",
      "இந்த நிறுவனம் சுற்றுலா பயணிகளுக்குச் சிறந்த சேவைகளை வழங்குகிறது.",
      "மேற்கண்ட அனைத்தும்."
    ],
    "answer": [
      "ஈ"
    ],
    "additional_context": "இந்தக் கேள்வி, 9 ஆம் வகுப்பு தமிழ் பாடப் புத்தகத்தில் இடம்பெற்றுள்ள ஒரு பத்தியை அடிப்படையாகக் கொண்டது. இந்தியத் தொடர்வண்டி உணவு வழங்கல் மற்றும் சுற்றுலாக் கழகம், பயணச் சீட்டு எடுப்பதை எளிதாக்கிய மிகப் பெரிய இந்திய நிறுவனம், பல்வேறு உணவு வகைகளை வழங்குகிறது மற்றும் சுற்றுலா பயணிகளுக்குச் சிறந்த சேவைகளை வழங்குகிறது என்பதை பத்தியில் இருந்து அறிய முடிகிறது."
  },
  {
    "description": "மொழிபெயர்க்கப்பட்ட பத்தியில் 'ஸேவரி' என்ற வார்த்தைக்கு நிகரான தமிழ் வார்த்தை யாது?",
    "options": [
      "காரம்",
      "உப்பு",
      "புளிப்பு",
      "தித்திப்பு"
    ],
    "answer": [
      "அ"
    ],
    "additional_context": "இந்தக் கேள்வி, 9 ஆம் வகுப்பு தமிழ் பாடப் புத்தகத்தில் இடம்பெற்றுள்ள பத்தியை அடிப்படையாகக் கொண்டது. இந்தப் பத்தியில் 'ஸேவரி' என்ற ஆங்கில வார்த்தை பயன்படுத்தப்பட்டுள்ளது. இந்த வார்த்தைக்கு நிகரான தமிழ் வார்த்தை 'காரம்' என்பது பத்தியிலிருந்து அறிய முடிகிறது."
  },
  {
    "description": "மொழிபெயர்க்கப்பட்ட பத்தியில் 'xylophone' என்ற வார்த்தைக்கு நிகரான தமிழ் வார்த்தை யாது?",
    "options": [
      "மரக் கீழ்த்தட்டு",
      "இசைக்கருவி",
      "கீழ்த்தட்டு",
      "நாக்குப் பட்டை"
    ],
    "answer": [
      "அ"
    ],
    "additional_context": "இந்தக் கேள்வி, 9 ஆம் வகுப்பு தமிழ் பாடப் புத்தகத்தில் இடம்பெற்றுள்ள பத்தியை அடிப்படையாகக் கொண்டது. இந்தப் பத்தியில் 'xylophone' என்ற ஆங்கில வார்த்தை பயன்படுத்தப்பட்டுள்ளது. இந்த வார்த்தைக்கு நிகரான தமிழ் வார்த்தை 'மரக் கீழ்த்தட்டு' என்பது பத்தியிலிருந்து அறிய முடிகிறது."
  },
  {
    "description": "இந்த பத்தியில் இடம் பெற்றுள்ள பிற மொழிச் சொற்களைத் தமிழாக்கம் செய்யும் போது எந்தச் சொல் பொருத்தமானது?",
    "options": [
      "'எக்ஸ்பிரஷன்'  -  உணர்ச்சி",
      "'சேக் செண்ட்' -   வாசனை",
      "'டேஸ்ட்' -   ருசி",
      "மேற்கண்ட அனைத்தும்."
    ],
    "answer": [
      "ஈ"
    ],
    "additional_context": "இந்தக் கேள்வி, 9 ஆம் வகுப்பு தமிழ் பாடப் புத்தகத்தில் இடம்பெற்றுள்ள பத்தியை அடிப்படையாகக் கொண்டது. இந்தப் பத்தியில் 'எக்ஸ்பிரஷன்', 'சேக் செண்ட்', 'டேஸ்ட்' என்ற ஆங்கில வார்த்தைகள் பயன்படுத்தப்பட்டுள்ளன. 'எக்ஸ்பிரஷன்' என்ற வார்த்தைக்கு 'உணர்ச்சி', 'சேக் செண்ட்' என்ற வார்த்தைக்கு 'வாசனை', 'டேஸ்ட்' என்ற வார்த்தைக்கு 'ருசி' என்பது பத்தியிலிருந்து அறிய முடிகிறது."
  }
]
