
[
  {
    "description": "“பழையவை எல்லாம் _____ அல்ல” என்ற வரியில் உள்ள வெற்றிடத்தில் என்ன வார்த்தை வரும்?",
    "options": [
      "நல்லது",
      "கெட்டது",
      "பழமை",
      "புதியது"
    ],
    "answer": "C",
    "additional_context": "கவிஞர் வைரமுத்து தம் கவிதையில் பழையவை எல்லாம் பழமை அல்ல என்பதை வலியுறுத்துகிறார். அவரது கருத்துப்படி பண்பும் அன்பும் பழையவை தான். இளையவர் கூட்டம் ஏந்தி நடக்க இனமும் மொழியும் புதியவைதாம் என்று கவிஞர் கூறுகிறார். இந்த வரிகள் அறிவியல் வளர்ச்சியுடன் தொடர்புடைய பாரம்பரியம் மற்றும் நவீன கருத்துக்களை பிரதிபலிக்கிறது."
  },
  {
    "description": "“_____ கூட்டம் ஏந்தி நடக்க இனமும் மொழியும் புதியவைதாம்” என்ற வரியில் உள்ள வெற்றிடத்தில் என்ன வார்த்தை வரும்?",
    "options": [
      "பெரியவர்",
      "முதியவர்",
      "இளையவர்",
      "சிறியவர்"
    ],
    "answer": "C",
    "additional_context": "கவிஞர் வைரமுத்து தம் கவிதையில் இளையவர்கள் இனம் மற்றும் மொழி ஆகியவற்றைப் புதுப்பித்து வளர்க்க வேண்டும் என்ற தமது கருத்தை வெளிப்படுத்துகிறார். இளையவர்கள் காலத்துக்கு ஏற்றவாறு இனம் மற்றும் மொழியைப் பாதுகாக்க வேண்டும் என்பதை வலியுறுத்துகிறார்."
  }
]
