
[
  {
    "description": "'இனிக் காண்போம்' என்ற தொடரில் வல்லினம் மிகும் இடம் எது?",
    "options": [
      "இனிக் என்ற சொல்லின் தொடக்கத்தில்",
      "இனிக் என்ற சொல்லின் இறுதியில்",
      "காண்போம் என்ற சொல்லின் தொடக்கத்தில்",
      "காண்போம் என்ற சொல்லின் இறுதியில்"
    ],
    "answer": "B",
    "additional_context": " 'இனிக் காண்போம்'  என்ற சொல்லில்,  'இனி' என்ற சொல் தனிச்சிறப்புடைய சொல் என்பதால் அதன் பின் வல்லினம் மிகும்.  எனவே சரியான விடை  'இனிக் என்ற சொல்லின் இறுதியில்'  என்பது ஆகும்."
  },
  {
    "description": "'தீப் பிடித்தது' என்ற தொடரில் வல்லினம் மிகும் இடம் எது?",
    "options": [
      "தீப் என்ற சொல்லின் தொடக்கத்தில்",
      "தீப் என்ற சொல்லின் இறுதியில்",
      "பிடித்தது என்ற சொல்லின் தொடக்கத்தில்",
      "பிடித்தது என்ற சொல்லின் இறுதியில்"
    ],
    "answer": "B",
    "additional_context": " 'தீப் பிடித்தது' என்ற சொல்லில், 'தீ'  என்ற சொல் ஓரெழுத்து ஒரு மொழிக்குப் பின் வரும் என்பதால்  'தீ' என்ற சொல்லின் இறுதியில்  வல்லினம் மிகும்.  எனவே சரியான விடை  'தீப் என்ற சொல்லின் இறுதியில்' என்பது ஆகும்."
  },
  {
    "description": "'கூவாக் குயில்' என்ற தொடரில் வல்லினம் மிகும் இடம் எது?",
    "options": [
      "கூவாக் என்ற சொல்லின் தொடக்கத்தில்",
      "கூவாக் என்ற சொல்லின் இறுதியில்",
      "குயில் என்ற சொல்லின் தொடக்கத்தில்",
      "குயில் என்ற சொல்லின் இறுதியில்"
    ],
    "answer": "B",
    "additional_context": " 'கூவாக் குயில்'  என்ற சொல்லில்,  'கூ'  என்ற சொல் ஈறுகெட்ட எதிர்மறைப் பெயரெச்சம்.  எனவே  'கூ'  என்ற சொல்லின் இறுதியில்  வல்லினம் மிகும்.  எனவே சரியான விடை  'கூவாக் என்ற சொல்லின் இறுதியில்'  என்பது ஆகும்."
  },
  {
    "description": "'கேட்டுக் கொண்டான்' என்ற தொடரில் வல்லினம் மிகும் இடம் எது?",
    "options": [
      "கேட்டுக் என்ற சொல்லின் தொடக்கத்தில்",
      "கேட்டுக் என்ற சொல்லின் இறுதியில்",
      "கொண்டான் என்ற சொல்லின் தொடக்கத்தில்",
      "கொண்டான் என்ற சொல்லின் இறுதியில்"
    ],
    "answer": "B",
    "additional_context": " 'கேட்டுக் கொண்டான்'  என்ற சொல்லில்,  'கேட்'  என்ற சொல்  அகர ஈற்று வினையெச்சம்.  அகர ஈற்று வினையெச்சங்களுடன் புணர்கையில் வல்லினம் மிகும்.  எனவே சரியான விடை  'கேட்டுக் என்ற சொல்லின் இறுதியில்'  என்பது ஆகும்."
  },
  {
    "description": "'புலித்தோல்' என்ற தொடரில் வல்லினம் மிகும் இடம் எது?",
    "options": [
      "புலி என்ற சொல்லின் தொடக்கத்தில்",
      "புலி என்ற சொல்லின் இறுதியில்",
      "தோல் என்ற சொல்லின் தொடக்கத்தில்",
      "தோல் என்ற சொல்லின் இறுதியில்"
    ],
    "answer": "B",
    "additional_context": " 'புலித்தோல்'  என்ற சொல்லில்,  'புலி'  என்ற சொல்  திசைப்பெயர்.  திசைப் பெயர்களின் பின் வல்லினம் மிகும்.  எனவே சரியான விடை  'புலி என்ற சொல்லின் இறுதியில்'  என்பது ஆகும்."
  }
]
