
[
  {
    "description": "பெரியபுராணத்தில் எந்த விலங்கு \"வண்டலையும் குழல்அலைய\" என்று விவரிக்கப்படுகிறது?",
    "options": [
      "a) குதிரை",
      "b) எருமை",
      "c) யானை",
      "d) மான்"
    ],
    "answer": "b",
    "additional_context": "பெரியபுராணம் சோழ மன்னர்களின் வரலாறு மற்றும் அவர்களின் பக்தி  சிறப்புகளைப் பற்றி எழுதப்பட்ட ஒரு நூல். சோழ நாட்டின் இயற்கை அழகை வர்ணிக்கும் இந்நூலில், 'வண்டலையும் குழல்அலைய' என்று குறிப்பிடப்படும் விலங்கு எருமை.  சேக்கிழார் எருமையின் மெதுவான நடையில், அதன் குழல் போன்ற கொம்புகளைப் பற்றிப் பாடியுள்ளார். இது பெரியபுராணத்தில் உள்ள பாடல் எண் 63 இல் வரும் வரிகள். \n\n**மண்டுபுனல் பரந்தவயல் வளர்முதலின் சுருள்விரியக்\nகண்டுழவர் பதங்காட்ட களைகளையுங் கடைசியர்கள்\nதண்டரளஞ் சொரிபணிலம் இடறியிடை தளர்ந்தசைவார்\nவண்டலையும் குழல்அலைய மடநடையின் வரம்பணைவார்**"
  },
  {
    "description": "பெரியபுராணத்தில் குறிப்பிடப்படும் \"சுரிவளை\" என்பது எதைக் குறிக்கிறது?",
    "options": [
      "a) கடற்கரை ஓரத்தில் காணப்படும் ஒருவகை மணல்",
      "b) வளைந்த வடிவிலான ஒரு வகை கல்",
      "c) சங்கு",
      "d) கடலில் காணப்படும் ஒருவகை பாசி"
    ],
    "answer": "c",
    "additional_context": "பெரியபுராணத்தில், \"சுரிவளை\" என்பது சங்கைக் குறிக்கிறது.  நெற்கட்டுகள், மீன்கள், முத்துகள் ஆகியவற்றை அடுக்கி குவித்து வைப்பதாக சேக்கிழார் பாடியுள்ளார். அவர்களின் வைரவியலின் மெருகே அந்தச் செயல். அவர்களுக்குப் பின், இவர்களின் சொத்துக்களையும் வைரவியலையும் 'சுரிவளை சொரிந்த முத்தின் சுடர்ப்பெரும் பொருப்பு' என்கிறார்.  பெரியபுராணத்தில் உள்ள பாடல் எண் 73 இல்  இந்த வரிகள் காணப்படுகின்றன. \n\n**அரிதரு செந்நெற் சூட்டின் அடுக்கிய அடுக்கல் சேர்ப்பார்\nபரிவுறத் தடிந்த பன்மீன் படர்நெடுங் குன்று செய்வார்\nசுரிவளை சொரிந்த முத்தின் சுடர்ப்பெரும் பொருப்பு யாப்பார்\nவிரிமலர்க் கற்றை வேரி பொழிந்திழி வெற்பு வைப்பார்**"
  },
  {
    "description": "பெரியபுராணம் எந்தக் காலத்தைச் சேர்ந்தது?",
    "options": [
      "a) கி.பி. 8ஆம் நூற்றாண்டு",
      "b) கி.பி. 10ஆம் நூற்றாண்டு",
      "c) கி.பி. 12ஆம் நூற்றாண்டு",
      "d) கி.பி. 14ஆம் நூற்றாண்டு"
    ],
    "answer": "c",
    "additional_context": "பெரியபுராணம் 12ஆம் நூற்றாண்டைச் சேர்ந்த ஒரு நூல். இந்நூலை சேக்கிழார் என்பவர் எழுதியுள்ளார். பெரியபுராணம் சோழ மன்னர்களின் வரலாறு மற்றும் அவர்களின் பக்தி  சிறப்புகளைப் பற்றி எழுதப்பட்ட ஒரு நூல். சோழ நாட்டின் இயற்கை அழகை வர்ணித்து, மன்னர்களைப் புகழ்ந்து பாடியுள்ளார். இந்நூல் சைவ சமயத்தை பற்றியது.  "
  },
  {
    "description": "பெரியபுராணத்தின் ஆசிரியர் யார்?",
    "options": [
      "a) திருஞானசம்பந்தர்",
      "b) சுந்தரர்",
      "c) சேக்கிழார்",
      "d) நம்பியாண்டார் நம்பி"
    ],
    "answer": "c",
    "additional_context": "பெரியபுராணம், சேக்கிழார் என்பவரால் எழுதப்பட்ட நூல். சேக்கிழார் 12ஆம் நூற்றாண்டைச் சேர்ந்தவர். சோழ மன்னர்களின் வரலாறு மற்றும் அவர்களின் பக்தி  சிறப்புகளைப் பற்றி எழுதப்பட்ட ஒரு நூல். சோழ நாட்டின் இயற்கை அழகை வர்ணித்து, மன்னர்களைப் புகழ்ந்து பாடியுள்ளார். "
  },
  {
    "description": "பெரியபுராணத்தின் அடிப்படையில் எழுதப்பட்ட நூல்கள் எவை?",
    "options": [
      "a) திருவாசகம், திருவிசைப்பா",
      "b) திருத்தொண்டத் தொகை, திருத்தொண்டர் திருவந்தாதி",
      "c) திருப்புகழ், திருச்சந்திரமண்டலம்",
      "d) திருப்பாவை, திருவெம்பாவை"
    ],
    "answer": "b",
    "additional_context": "பெரியபுராணத்தின் அடிப்படையில் எழுதப்பட்ட நூல்கள், சுந்தரர் எழுதிய 'திருத்தொண்டத் தொகை' மற்றும் நம்பியாண்டார் நம்பி எழுதிய 'திருத்தொண்டர் திருவந்தாதி'.  இவை இரண்டுமே சைவ சமயம் தொடர்பான நூல்கள். பெரியபுராணம், இவ்விரு நூல்களையும் அடிப்படையாகக் கொண்டு எழுதப்பட்டது. "
  }
]
