[
          
  {
    
          "description": "'ஞானம் நோக்குக' என்ற வரியில் 'நோக்குக' என்பது எந்த வகை வினை?",
          "options": [
      "பகுதி வினை",
      "தன்வினை",
      "செயப்படுபொருள் வினை",
      "எதுவும் இல்லை"
    ],
    "answer": [
      "B"
    ],
    
          "additional_context": "“ஞானம் நோக்குக” என்ற வரியில் “நோக்குக” என்பது தன்வினை ஆகும். ஏனெனில் இந்த வரியில் 'ஞானம்' என்பது நோக்குகின்ற செயல் நிகழ்த்தப்படும் பொருள். இந்த செயலை யார் நிகழ்த்துகிறார்கள் என்பது தெளிவாகத் தெரியவில்லை. தன்வினையானது செயலைச் செய்பவர் யார் என்பதைப் பற்றி தெளிவாகச் சொல்லாது. இங்கே செயல் நிகழ்த்தப்படுபவர் யார் என்பது தெளிவாகத் தெரியவில்லை."
          }
        ,
          
  {
    
          "description": "யசோதர காவியம் எந்த மொழியிலிருந்து தழுவி எழுதப்பட்டது?",
          "options": [
      "சமஸ்கிருதம்",
      "பாலி",
      "பிராகிருதம்",
      "கிரேக்கம்"
    ],
    "answer": [
      "A"
    ],
    
          "additional_context": "“யசோதர காவியம்” என்பது சமஸ்கிருத மொழியிலிருந்து தழுவி எழுதப்பட்ட காவியம். இது சமண முனிவர் ஒருவரால் இயற்றப்பட்டது என்பர். இந்த காவியம், 'யசோதரன்' என்னும் அவந்தி நாட்டு மன்னனின் வரலாற்றைக் கூறுகிறது."
          }
        ,
          
  {
    
          "description": "யசோதர காவியம் எந்த நாட்டு மன்னனின் வரலாற்றைப் பற்றியது?",
          "options": [
      "சோழ நாடு",
      "பாண்டிய நாடு",
      "அவந்தி நாடு",
      "சேர நாடு"
    ],
    "answer": [
      "C"
    ],
    
          "additional_context": "'யசோதர காவியம்' என்பது சமண முனிவர் ஒருவரால் இயற்றப்பட்டது.  இது 'யசோதரன்' என்னும் அவந்தி நாட்டு மன்னனின் வரலாற்றைக் கூறுகிறது."
          }
        ,
          
  {
    
          "description": "'யசோதர காவியம்' என்னும் நூல் எந்த வகையான இலக்கியமாகும்?",
          "options": [
      "புராணம்",
      "காவியம்",
      "காப்பியம்",
      "நாடகம்"
    ],
    "answer": [
      "C"
    ],
    
          "additional_context": "“யசோதர காவியம்” என்பது சமண முனிவர் ஒருவரால் இயற்றப்பட்ட காப்பியமாகும். இது சமஸ்கிருத மொழியிலிருந்து தழுவி எழுதப்பட்டது. இந்த காவியம், 'யசோதரன்' என்னும் அவந்தி நாட்டு மன்னனின் வரலாற்றைக் கூறுகிறது. இது ஐந்து சருக்கங்களைக் கொண்டது. இதன் பாடல்கள் எண்ணிக்கை 320 அல்லது 330 என கருதுவர்."
          }
        ,
          
  {
    
          "description": "'யசோதர காவியம்' எத்தனை பாடல்களைக் கொண்டது?",
          "options": [
      "200",
      "250",
      "300",
      "320 அல்லது 330"
    ],
    "answer": [
      "D"
    ],
    
          "additional_context": "“யசோதர காவியம்” என்பது சமண முனிவர் ஒருவரால் இயற்றப்பட்ட காப்பியமாகும். இது சமஸ்கிருத மொழியிலிருந்து தழுவி எழுதப்பட்டது. இந்த காவியம், 'யசோதரன்' என்னும் அவந்தி நாட்டு மன்னனின் வரலாற்றைக் கூறுகிறது. இது ஐந்து சருக்கங்களைக் கொண்டது. இதன் பாடல்கள் எண்ணிக்கை 320 அல்லது 330 என கருதுவர்."
          }
        ]