[
          
  {
    
          "description": "'Wooden spoon'",
          "options": [],
    "answer": [],
    
          "additional_context": "நீங்கள் தேவைப்படுவது: 6 கண்ணாடி பாட்டில்கள், மரத்தாலான ஸ்பூன், தண்ணீர், உணவு நிறம்."
          }
        ,
          
  {
    
          "description": "'Water music'",
          "options": [],
    "answer": [],
    
          "additional_context": "ஒரு பாட்டிலில் தண்ணீர் நிரப்பி, பின்னர் மீதமுள்ள ஒவ்வொரு பாட்டிலையும் அதைவிட சற்று குறைவாக தண்ணீர் நிரப்பவும். பாட்டிலின் அடிப்பகுதியில் ஸ்பூனைத் தட்டவும். நீங்கள் ஒரு இசையை இசையலாம்?"
          }
        ,
          
  {
    
          "description": "'Hitting the bottles with the spoon makes them vibrate and produce a sound.'",
          "options": [],
    "answer": [],
    
          "additional_context": "ஸ்பூனைப் பயன்படுத்தி பாட்டில்களைத் தட்டுவது அவை அதிர்வுறச் செய்து ஒலி உருவாக்க வழிவகுக்கும்."
          }
        ,
          
  {
    
          "description": "'The more the bottle vibrates, the higher the note will be.'",
          "options": [],
    "answer": [],
    
          "additional_context": "பாட்டில் அதிகமாக அதிர்வுறும் போது, ஸ்வரம் உயர்வாக இருக்கும்."
          }
        ,
          
  {
    
          "description": "'The more water in a bottle, the less it vibrates, so less water means higher notes.'",
          "options": [],
    "answer": [],
    
          "additional_context": "ஒரு பாட்டிலில் அதிகமாக தண்ணீர் இருந்தால், அது குறைவாக அதிர்வுறும், எனவே குறைந்த தண்ணீர் என்பது அதிக ஸ்வரங்களைக் குறிக்கிறது."
          }
        ]