[
          
  {
    
          "description": "'மதுரை மக்கள் இரவிலும் வணிகம் செய்கின்றனர்' என்ற தொடரை ஆகுபெயர் அமையுமாறு மாற்றினால் எப்படி இருக்கும்?",
          "options": [
      "மதுரை இரவிலும் வணிகம் செய்கிறது.",
      "மதுரை மக்கள் வணிகம் செய்கிறார்கள்.",
      "மதுரை மக்கள் வணிகத்தில் ஈடுபடுகிறார்கள்.",
      "மதுரை இரவிலும் வணிகம் செய்வது வழக்கம்."
    ],
    "answer": [
      "A"
    ],
    
          "additional_context": "மதுரை மக்கள் என்பது 'மதுரை' என்னும் இடத்திற்கு ஆகி வருகிறது. இவ்வாறு ஒன்றின் இயற்பெயர், அதனோடு தொடர்புடைய மற்றொன்றிற்குத் தொன்றுதொட்டு ஆகி வருவது 'ஆகுபெயர்' எனப்படும்.  இங்கு 'மதுரை மக்கள்' என்பதற்கு பதிலாக 'மதுரை'  என்று பயன்படுத்தப்பட்டுள்ளது. "
          }
        ,
          
  {
    
          "description": "'இந்திய வீரர்கள் எளிதில் வென்றனர்' என்ற தொடரை ஆகுபெயர் அமையுமாறு மாற்றினால் எப்படி இருக்கும்?",
          "options": [
      "இந்தியா எளிதில் வென்றது.",
      "இந்தியாவின் வீரர்கள் எளிதில் வென்றனர்.",
      "இந்தியா எளிதில் வெற்றி பெற்றது.",
      "இந்திய வீரர்கள் வெற்றி பெற்றனர்."
    ],
    "answer": [
      "A"
    ],
    
          "additional_context": "இந்திய வீரர்கள் என்பது 'இந்தியா' என்னும் இடத்திற்கு ஆகி வருகிறது. இவ்வாறு ஒன்றின் இயற்பெயர், அதனோடு தொடர்புடைய மற்றொன்றிற்குத் தொன்றுதொட்டு ஆகி வருவது 'ஆகுபெயர்' எனப்படும்.  இங்கு 'இந்திய வீரர்கள்' என்பதற்கு பதிலாக 'இந்தியா'  என்று பயன்படுத்தப்பட்டுள்ளது. "
          }
        ,
          
  {
    
          "description": "'பட்டப் பெயர்கள் ஆகுபெயர்களாகும்' என்ற கூற்று சரியா?",
          "options": [
      "ஆம், சரியான கூற்று.",
      "இல்லை, தவறான கூற்று."
    ],
    "answer": [
      "B"
    ],
    
          "additional_context": "பட்டப் பெயர்கள், ஒருவரின் குணாதிசயத்தை வெளிப்படுத்தும் பெயர்கள். ஆனால், ஆகுபெயர்கள் ஒரு பொருள் அல்லது இடம் அல்லது நேரத்திற்கு பதிலாக  மற்றொரு பொருள் அல்லது இடம் அல்லது நேரத்தை குறிக்கும் பெயர்கள். உதாரணமாக, 'அறிஞர் அண்ணா' என்பது கருத்தாவாகுபெயர். ஆனால், 'அண்ணா' என்பது பட்டப் பெயர்.  "
          }
        ,
          
  {
    
          "description": "“அறிஞர் அண்ணாவைப் படித்திருக்கிறேன்” என்ற தொடரில், 'அறிஞர் அண்ணா' என்பது எந்த வகை ஆகுபெயர்?",
          "options": [
      "பொருளாகுபெயர்",
      "கருத்தாவாகுபெயர்",
      "இடவாகுபெயர்",
      "காலவாகுபெயர்"
    ],
    "answer": [
      "B"
    ],
    
          "additional_context": "'அறிஞர் அண்ணா' என்பது  'அறிஞர்'  என்னும்  கருத்தாவின் பெயர், அவர் இயற்றிய நூல்களுக்கு ஆகி வருகிறது. இவ்வாறு ஒன்றின் இயற்பெயர், அதனோடு தொடர்புடைய மற்றொன்றிற்குத் தொன்றுதொட்டு ஆகி வருவது 'ஆகுபெயர்' எனப்படும். 'அறிஞர் அண்ணா' என்பது 'அறிஞர்' என்பதன் கருத்தை வெளிப்படுத்துகிறது.  "
          }
        ,
          
  {
    
          "description": "“நாலும் இரண்டும் சொல்லுக்கு உறுதி” என்ற தொடரில், 'நாலும் இரண்டும்' எதற்கு ஆகி வருகிறது?",
          "options": [
      "எண்ணிக்கைக்கு",
      "திருக்குறளுக்கு",
      "சொல்லுக்கு",
      "வாழ்வுக்கு"
    ],
    "answer": [
      "C"
    ],
    
          "additional_context": "'நாலும் இரண்டும்' என்பது 'சொல்லுக்கு' ஆகி வருகிறது.  இவ்வாறு ஒன்றின் இயற்பெயர், அதனோடு தொடர்புடைய மற்றொன்றிற்குத் தொன்றுதொட்டு ஆகி வருவது 'ஆகுபெயர்' எனப்படும். 'நாலும் இரண்டும்'  என்பது  'திருக்குறள்'  என்ற சொல்லை குறிக்கிறது. "
          }
        ]