[
          
  {
    
          "description": "“படம் வரைந்தான்” என்ற தொடரில் துணைவினையாக மாற்றப்பட்ட தொடர் எது?",
          "options": [
      "வரைந்து",
      "வரையப்",
      "வரைந்த",
      "வரைந்துவிட்டு"
    ],
    "answer": "B",
    
          "additional_context": "இந்த கேள்வி துணைவினைச்சொற்களைப் பற்றியது. 'வரைந்தான்' என்ற வினைச்சொல் துணைவினையாக மாற்றப்பட்டு 'வரைந்துவிட்டு' என்ற தொடராக மாற்றப்பட வேண்டும். 'வரைந்துவிட்டு' என்பது துணைவினைச்சொல்லாகும். இது ஒரு செயலை முடித்த பின்பு மற்றுமொரு செயல் செய்யப்படுவதை குறிக்கிறது. உதாரணமாக, 'படம் வரைந்துவிட்டு' அவர் தூங்கினார். இந்த வாக்கியத்தில் 'வரைந்துவிட்டு' என்பது படம் வரைந்த பின்பு தூங்கியதை குறிக்கிறது."
          }
        ,
          
  {
    
          "description": "“சூரிய அஸ்தமனம் இன்னும் எனக்குப் பிடித்த நிறம், ______ இரண்டாவது” என்ற பொன்மொழி மட்டி ஸ்டெபனெக் அவர்களின் வாக்கு.",
          "options": [
      "வானவில்",
      "மழை",
      "காற்று",
      "பனி"
    ],
    "answer": "A",
    
          "additional_context": "இந்த கேள்வி பழக்கமான பொன்மொழிகளைப் பற்றியது.  இந்த பொன்மொழி மட்டி ஸ்டெபனெக் அவர்களின் வாக்கு. சூரிய அஸ்தமன நிறத்தை மிகவும் விரும்பும் ஸ்டெபனெக், மழை வானவில் நிறத்தை இரண்டாவது விரும்பும் நிறமாகக் குறிப்பிடுகிறார்."
          }
        ,
          
  {
    
          "description": "______ என்ற சொல்லின் உட்பொருளைத் தெளிவுபடுத்தும் சொற்களின் தொகுப்பு பூச்சி, எட்டு, கால்.",
          "options": [
      "கடையெழுவள்ளல்கள்",
      "எட்டுக்கால்பூச்சி",
      "தமிழ்விடுதூது",
      "பாய்மரக்கப்பல்"
    ],
    "answer": "B",
    
          "additional_context": "இந்த கேள்வி ஒரு வார்த்தையின் அர்த்தத்தைப் புரிந்துணர்வதில் உள்ளது. 'எட்டுக்கால்பூச்சி' என்ற சொல்லின் உட்பொருளைப் புரிந்துணர்வதற்கு 'பூச்சி', 'எட்டு', 'கால்'  என்ற சொற்கள் பயன்படுத்தப்படுகின்றன."
          }
        ,
          
  {
    
          "description": "______ போடுகிறேன்” என்ற தொடரில் துணைவினையாக மாற்றப்பட்ட தொடர் “புறாவுக்கு” போடுகிறேன்.",
          "options": [
      "அரிசி",
      "தண்ணீர்",
      "உணவு",
      "சாப்பாடு"
    ],
    "answer": "A",
    
          "additional_context": "இந்த கேள்வி துணைவினைச்சொற்களைப் பற்றியது.  'அரிசி' என்ற வார்த்தை, 'போடுகிறேன்' என்ற வினைச்சொல்லை துணைவினையாக மாற்றி 'புறாவுக்கு' என்ற தொடராக மாற்றப்பட்டு  'புறாவுக்கு அரிசி போடுகிறேன்' என்ற தொடராக உருவாகிறது."
          }
        ,
          
  {
    
          "description": "______” என்ற வினையடியை “வை” என்ற வினையடியாக மாற்றித் தொடர் உருவாக்கலாம்.",
          "options": [
      "கொடு",
      "எழுது",
      "விடு",
      "போடு"
    ],
    "answer": "D",
    
          "additional_context": "இந்த கேள்வி வினையடிகளைப் பற்றியது. 'போடு' என்ற வினையடியை 'வை' என்ற வினையடியாக மாற்றித் தொடர் உருவாக்கலாம். உதாரணமாக, 'புத்தகத்தைப் போடு' என்ற வாக்கியத்தை 'புத்தகத்தை வை' என்ற வாக்கியமாக மாற்றலாம்.  'வை' என்ற வினையடி ஒரு பொருளை ஒரு இடத்தில் வைப்பதை குறிக்கிறது.  "
          }
        ]