[
          
  {
    
          "description": "'வஞ்சப்புகழ்ச்சியணி' என்பது எதைப் பற்றியது?",
          "options": [
      "புகழ்வது போலப் புகழ்வது.",
      "புகழ்வது போலப் பழிப்பது.",
      "பழிப்பது போலப் புகழ்வது.",
      "பழிப்பது போலப் பழிப்பது."
    ],
    "answer": [
      "B",
      "C"
    ],
    
          "additional_context": "வஞ்சப்புகழ்ச்சியணி என்பது புகழ்வது போலப் பழிப்பதும், பழிப்பது போலப் புகழ்வதுமாகும். உதாரணமாக, தேவ ரனையர் கயவர் அவருந்தாம் மேவன செய்தொழுக லான். இந்த பாடலில், கயவர்கள் தேவர்களுக்கு ஒப்பானவர்கள் என்று புகழப்படுவது போலத் தோன்றினாலும், கயவர்கள் இழிந்த செயல்களையே செய்வர் என்னும் பொருளைக் குறிப்பால் உணர்த்துகிறது. எனவே, இது புகழ்வது போலப் பழிப்பது ஆகும்."
          }
        ,
          
  {
    
          "description": "'மலர்ப்பாதம் – மலர் போன்ற பாதம்'  என்ற தொடரில் பயன்படுத்தப்பட்ட அணி எது?",
          "options": [
      "உவமையணி",
      "உருவக அணி",
      "சொற்பொருள் பின்வருநிலையணி",
      "வஞ்சப்புகழ்ச்சியணி"
    ],
    "answer": "A",
    
          "additional_context": "இந்தத் தொடரில், 'பாதம்' என்ற பொருளுக்கு 'மலர்' என்ற பொருளை உவமையாகக் கூறுகிறோம். உவமையணி என்பது ஒரு பொருளை விவரிக்க, அதற்கு ஒப்பான வேறொரு பொருளை உவமையாகக் கூறுவதாகும். 'பாதம்' என்ற பொருளுக்கு 'மலர்' என்ற பொருள் உவமையாகக் கூறப்பட்டுள்ளது. எனவே, இது உவமையணி."
          }
        ,
          
  {
    
          "description": "கீழ்க்காணும் குறட்பாவில் பயன்படுத்தப்பட்ட அணி எது?  \n    \n    'அவிழ்ந்தன தோன்றி யலர்ந்தன காயா\n    நெகிழ்ந்தன நேர்முகை முல்லை – மகிழ்ந்திதழ்\n    விண்டன கொன்றை விரிந்த கருவிளை\n    கொண்டன காந்தள் குலை.'",
          "options": [
      "சொல் பின்வருநிலையணி",
      "பொருள் பின்வருநிலையணி",
      "சொற்பொருள் பின்வருநிலையணி",
      "வஞ்சப்புகழ்ச்சியணி"
    ],
    "answer": "B",
    
          "additional_context": "இந்தக் குறட்பாவில்,  'அவிழ்ந்தன', 'அலர்ந்தன', 'நெகிழ்ந்தன', 'விண்டன', 'விரிந்தன', 'கொண்டன' ஆகிய சொற்கள்  'மலர்ந்தன' என்ற ஒரு பொருளையே தருகின்றன. பொருள் பின்வருநிலையணி என்பது, ஒரு செய்யுளில் முன் வந்த ஒரு சொல்லின் பொருளே, பின்னரும் பல இடங்களில் வருவது. இந்த குறட்பாவில், 'மலர்ந்தன' என்ற பொருள் பல சொற்களால் குறிக்கப்பட்டுள்ளது. எனவே, இது பொருள் பின்வருநிலையணி."
          }
        ,
          
  {
    
          "description": "'பாரி பாரி என்றுபல ஏத்தி,\n    ஒருவற் புகழ்வர், செந்நாப் புலவர்\n    பாரி ஒருவனும் அல்லன்;\n    மாரியும் உண்டு, ஈண்டு உலகுபுரப் பதுவே'  \n    \n    என்ற பாடலில் உள்ள அணியின் தன்மையைப் பொறுத்து, இப்பாடலில் என்ன சொல்லப்படுகிறது?",
          "options": [
      "பாரி மிகச் சிறந்தவர் என்று புகழப்படுகிறார்.",
      "பாரி மிகவும் இழிவானவர் என்று குறை கூறப்படுகிறார்.",
      "பாரிக்கு நிகராகக் கொடுப்பவர்கள் வேறு யாரும் இல்லை என்று உயர்த்திக் கூறப்படுகிறது.",
      "பாரி மழையைப் போலக் கொடுமை செய்பவர் என்று விமர்சிக்கப்படுகிறார்."
    ],
    "answer": "C",
    
          "additional_context": "இந்தப் பாடலில், பாரி மிகவும் சிறந்தவர் என்று புகழப்படுவதாகத் தோன்றினாலும்,  'பாரி ஒருவனும் அல்லன், மாரியும் உண்டு...' எனக் கூறப்படுவதன் மூலம் பாரிக்கு நிகராகக் கொடுப்பவர்கள் வேறு யாரும் இல்லை என்று உயர்த்திக் கூறப்படுகிறது. இது பழிப்பது போலப் புகழ்வது என்று சொல்லப்படும் வஞ்சப்புகழ்ச்சியணி ஆகும். பாரி மழையைப் போலக் கொடுப்பவர் என்று  குறிப்பிட்டு, பாரியின் கொடைத்தன்மையைப் புகழ்கிறது."
          }
        ,
          
  {
    
          "description": "கீழ்க்காணும் பாடலில் எந்த அணி அமைந்துள்ளது?\n\n> அவிழ்ந்தன தோன்றி யலர்ந்தன காயா \n> நெகிழ்ந்தன நேர்முகை முல்லை – மகிழ்ந்திதழ் \n> விண்டன கொன்றை விரிந்த கருவிளை \n> கொண்டன காந்தள் குலை.",
          "options": [
      "a) சொல் பின்வருநிலை அணி",
      "b) பொருள் பின்வருநிலை அணி",
      "c) உவமை அணி",
      "d) உருவக அணி"
    ],
    "answer": "B",
    
          "additional_context": "இந்தப் பாடலில், 'அவிழ்ந்தன', 'அலர்ந்தன', 'நெகிழ்ந்தன', 'விண்டன', 'விரிந்தன', 'கொண்டன' ஆகிய சொற்கள்  'மலர்ந்தன' என்ற ஒரு பொருளையே தருகின்றன. பொருள் பின்வருநிலையணி என்பது, ஒரு செய்யுளில் முன் வந்த ஒரு சொல்லின் பொருளே, பின்னரும் பல இடங்களில் வருவது. இந்தப் பாடலில், 'மலர்ந்தன' என்ற பொருள் பல சொற்களால் குறிக்கப்பட்டுள்ளது. எனவே, இது பொருள் பின்வருநிலையணி ஆகும்."
          }
        ]