
[
  {
    "description": "“பாலை பாடிய பெருங்கடுங்கோ” என்பது யார்?",
    "options": [
      "பாடலின் ஆசிரியர்",
      "தோழி",
      "தலைவன்",
      "தலைவி"
    ],
    "answer": "A",
    "additional_context": "இந்தப் பாடலின் ஆசிரியர் 'பாலைப் பாடிய பெருங்கடுங்கோ' என்று அழைக்கப்படுபவர். சேர மரபைச் சேர்ந்த ஒரு மன்னரான இவர், கலித்தொகையில் பாலைத் திணையைப் பாடியதால் 'பாலைப் பாடிய பெருங்கடுங்கோ' என்று அழைக்கப்படுகிறார்."
  },
  {
    "description": "குறுந்தொகை பாடல் எதைப் பற்றியது?",
    "options": [
      "மனித வாழ்வின் அகப்பொருள் நிகழ்வுகளைப் பற்றியது.",
      "இயற்கை காட்சிகளை மட்டும் பற்றியது.",
      "மன்னர் வாழ்வைப் பற்றியது.",
      "கடவுள் பற்றியது."
    ],
    "answer": "A",
    "additional_context": "குறுந்தொகை ஒரு அக இலக்கிய நூல். அதாவது மனிதர்களின் வாழ்வின் அகப்பொருள் நிகழ்வுகளைப் பற்றியது. இந்த நூல் மனிதர்களின் அன்பு, பிரிவு, துயரம், மகிழ்ச்சி போன்ற உணர்வுகளை மையப்படுத்திப் பேசுகிறது."
  },
  {
    "description": "குறுந்தொகை நூலின் சிறப்பைக் குறிக்கும் சொல் எது?",
    "options": [
      "நல்ல குறுந்தொகை",
      "இலக்கிய குறுந்தொகை",
      "கவிதை குறுந்தொகை",
      "பாலை குறுந்தொகை"
    ],
    "answer": "A",
    "additional_context": "குறுந்தொகையின் சிறப்பைக் குறிக்கும் சொல் 'நல்ல குறுந்தொகை' என்பதாகும். இந்தப் பெயர் இந்த நூலின் தரத்தையும் சிறப்பையும் எடுத்துரைக்கிறது."
  },
  {
    "description": "குறுந்தொகைப் பாடல்கள் எதை வலியுறுத்துகின்றன?",
    "options": [
      "மனித வாழ்வின் துயரங்களை",
      "மனித வாழ்வின் மகிழ்ச்சிகளை",
      "அன்பின் வளத்தை",
      "இயற்கையின் அழகை"
    ],
    "answer": "C",
    "additional_context": "குறுந்தொகைப் பாடல்கள் மனித வாழ்வின் அகப்பொருள் நிகழ்வுகளைக் குறிப்பிடுகின்றன. இதில் அன்பு, பிரிவு, சந்திப்பு போன்ற உணர்வுகள் பிரதானமாக இருக்கும். இந்தப் பாடல்கள் அன்பின் வளத்தையும், மனித உறவுகளின் அழகையும் எடுத்துரைக்கின்றன."
  },
  {
    "description": "குறுந்தொகை பாடல் எந்தத் திணையைச் சேர்ந்தது?",
    "options": [
      "அகத்திணை",
      "புறத்திணை",
      "கலித்திணை",
      "நெய்தல் திணை"
    ],
    "answer": "A",
    "additional_context": "குறுந்தொகை நூல் அகத்திணையைச் சேர்ந்தது. அகத்திணை என்பது மனிதர்களின் அக வாழ்க்கையைப் பற்றியது. இது அன்பு, காதல், பிரிவு, மகிழ்ச்சி, துயரம் போன்ற உணர்வுகளைப் பற்றிப் பேசுகிறது."
  }
]
