[
          
  {
    
          "description": "'விருட்சங்கள்  மண்ணரசி மடக்காமலேயே  பிடித்துக்கொண்டிருக்கும்  பச்சைக் குடைகள்.'  என்னும் புதுக்கவிதை வரிகளில் எந்த அணி அமைந்துள்ளது?",
          "options": [
      "a) உவமை அணி",
      "b) உருவக அணி",
      "c) சொல் பின்வருநிலை அணி",
      "d) பொருள் பின்வருநிலை அணி"
    ],
    "answer": "B",
    
          "additional_context": "கவிஞன், தான் ஒரு பொருளைச் சிறப்பிக்க எண்ணி, அதற்கு உவமையாகும் வேறொரு பொருளோடு ஒன்றுபடுத்திக் கூறுவான். உவமையின் தன்மையைப் பொருள்மேல் ஏற்றிக்கூறும் இத்தன்மையே 'உருவகம்' எனக் கூறப்படும். உவமை, உவமேயம் என்னும் இரண்டும் ஒன்றே என்று தோன்றக் கூறுவது உருவக அணி ஆகும். \n\nஇப்பாடலில், விருட்சங்கள் மண்ணரசி மடக்காமல் பிடித்துக் கொண்டிருக்கும் பச்சைக் குடைகள் என கூறப்பட்டுள்ளது. இதில், விருட்சங்கள் குடைகளுக்கு உவமையாக கூறப்பட்டுள்ளது. இவ்வாறு உவமை, உவமேயம் இரண்டும் ஒன்று போல தோன்றும் என்பதால் இது உருவக அணி ஆகும்."
          }
        ,
          
  {
    
          "description": "“நிலத்தின் வண்ணம் பச்சை” என்ற வரியில் எந்த அணி அமைந்துள்ளது?",
          "options": [
      "உவமை அணி",
      "உருவக அணி",
      "பின்வருநிலை அணி",
      "வஞ்சப்புகழ்ச்சியணி"
    ],
    "answer": "A",
    
          "additional_context": "அணிகளில் இன்றியமையாதது உவமையணி ஆகும். மற்ற அணிகள் உவமையிலிருந்து கிளைத்தவையாகவே உள்ளன.\n\nமலர்ப்பாதம் – மலர் போன்ற பாதம்\n\nஇத்தொடரில் பாதத்துக்கு மலர் உவமையாகக் கூறப்படுகிறது. \n\nபாதம் – பொருள் (உவமேயம்)\nமலர் உவமை\nபோன்ற - உவம உருபு\n\nஇனிய உளவாக இன்னாத கூறல்\nகனியிருப்பக் காய்கவர்ந் தற்று. \n\nஇதில் உவமையணி அமைந்துள்ளது."
          }
        ,
          
  {
    
          "description": "“இன்சொல் விளைநிலமா ஈதலே வித்தாக” என்ற வரியில் எந்த அணி அமைந்துள்ளது?",
          "options": [
      "உவமை அணி",
      "உருவக அணி",
      "சொல் பின்வருநிலை அணி",
      "பொருள் பின்வருநிலை அணி"
    ],
    "answer": "B",
    
          "additional_context": "கவிஞன், தான் ஒரு பொருளைச் சிறப்பிக்க எண்ணி, அதற்கு உவமையாகும் வேறொரு பொருளோடு ஒன்றுபடுத்திக் கூறுவான். உவமையின் தன்மையைப் பொருள்மேல் ஏற்றிக்கூறும் இத்தன்மையே 'உருவகம்' எனக் கூறப்படும். உவமை, உவமேயம் என்னும் இரண்டும் ஒன்றே என்று தோன்றக் கூறுவது உருவக அணி ஆகும். \n\nஇப்பாடலில், இன்சொல் - நிலமாகவும், வன்சொல் களையாகவும், வாய்மை எருவாகவும், அன்பு - நீராகவும், அறம் கதிராகவும் உருவகப்படுத்தப்பட்டுள்ளன. \n\nஇன்சொல் - விளைநிலம், ஈதல் - விதை, வன்சொல் - களை, வாய்மை - எரு, அன்பு - நீர், அறம் - கதிர் ஆகிய பொருள்களுக்கு உவமையாக கூறப்பட்டுள்ளது. இவ்வாறு உவமை, உவமேயம் இரண்டும் ஒன்று போல தோன்றும் என்பதால் இது உருவக அணி ஆகும்."
          }
        ,
          
  {
    
          "description": "“கேடில் விழுச்செல்வம் கல்வி ஒருவற்கு மாடல்ல மற்றை யவை” என்ற குறளில் எந்த அணி அமைந்துள்ளது?",
          "options": [
      "சொல் பின்வருநிலை அணி",
      "பொருள் பின்வருநிலை அணி",
      "சொற்பொருள் பின்வருநிலை அணி",
      "வஞ்சப்புகழ்ச்சியணி"
    ],
    "answer": "B",
    
          "additional_context": "செய்யுளில் முன்வந்த ஒரு சொல்லின் பொருளே பின்னரும் பல இடங்களில் வருவது பொருள் பின் வருநிலையணி ஆகும். (எ.கா.)\n\nஅவிழ்ந்தன தோன்றி யலர்ந்தன காயா\nநெகிழ்ந்தன நேர்முகை முல்லை – மகிழ்ந்திதழ்\nவிண்டன கொன்றை விரிந்த கருவிளை\nகொண்டன காந்தள் குலை.\n\nஇச்செய்யுளில் அவிழ்ந்தன, அலர்ந்தன, நெகிழ்ந்தன, விண்டன, விரிந்தன, கொண்டன ஆகிய சொற்கள் மலர்ந்தன என்ற ஒரு பொருளையே தந்தன.\n\nகேடில் விழுச்செல்வம் கல்வி ஒருவற்கு\nமாடல்ல மற்றை யவை.\n\nஇக்குறட்பாவில் செல்வம், மாடு ஆகிய இரு சொற்களுமே செல்வத்தையே குறிக்கின்றன."
          }
        ,
          
  {
    
          "description": "“தீயவை தீய பயத்தலால் தீயவை தீயினும் அஞ்சப் படும்” என்ற குறளில் எந்த அணி அமைந்துள்ளது?",
          "options": [
      "உவமை அணி",
      "சொல் பின்வருநிலை அணி",
      "பொருள் பின்வருநிலை அணி",
      "சொற்பொருள் பின்வருநிலை அணி"
    ],
    "answer": "D",
    
          "additional_context": "முன்னர் வந்த சொல்லும் பொருளும் பின்னர்ப் பல இடங்களிலும் வருவது சொற்பொருள் பின்வருநிலையணி ஆகும். (எ.கா.)\n\nஎல்லா விளக்கும் விளக்கல்ல சான்றோர்க்குப்\nபொய்யா விளக்கே விளக்கு.\n\nஇக்குறட்பாவில் 'விளக்கு' என்னும் சொல் ஒரே பொருளில் பலமுறை வந்துள்ளதால் இது சொற்பொருள் பின்வருநிலையணி ஆகும்."
          }
        ]