
[
  {
    "description": "____  சொல்லை மிழற்றுகிறது.",
    "options": [
      "குழந்தை",
      "சிசு",
      "பெரியவர்",
      "பெண் "
    ],
    "answer": [
      "B"
    ],
    "additional_context": "சிசு  ஒரு சொல்லை மிழற்றுகிறது என்று கவிதை கூறுகிறது.  சிசு என்பது குழந்தையின்  ஒரு  பெயர்.  எனவே,  சரியான விடை சிசு."
  },
  {
    "description": "கடவுளுக்கும் புரியாத ____ கிரகிக்க அணில் ஓடி ஓடி கவனிக்கிறது.",
    "options": [
      "உரையாடல்",
      "வார்த்தைகள்",
      "பாடல்",
      "செயல்"
    ],
    "answer": [
      "A"
    ],
    "additional_context": "கவிதை  கடவுளுக்கும் புரியாத உரையாடலைக் கிரகிக்க அணில் ஓடி ஓடி கவனிக்கிறது என்று குறிப்பிடுகிறது.  எனவே சரியான விடை உரையாடல்."
  },
  {
    "description": "____  கிளைகளின் வழியே ஓடி ஓடி கவனிக்கிறது.",
    "options": [
      "பூனை",
      "நாய்",
      "எலி",
      "அணில் "
    ],
    "answer": [
      "D"
    ],
    "additional_context": "கவிதை  கிளைகளின் வழியே ஓடி ஓடி கவனிக்கிறது என்று கூறுகிறது.  அணில் மட்டும் மரத்தில் வாழும்.  எனவே,  சரியான விடை  அணில்."
  },
  {
    "description": "\"கைகளசைத்துக் கால்களுதைத்துக் கூடத்தில் கிடக்கும் சிசு மிழற்றுகிறது ஒரு சொல்லை\" - இதன் மூலம் சிசு எப்படி இருக்கிறது என்பதைத் தெரிவிக்கிறது?",
    "options": [
      "மகிழ்ச்சியாக",
      "கோபமாக",
      "சோர்வாக",
      "துயரமாக"
    ],
    "answer": [
      "A"
    ],
    "additional_context": "கைகளசைத்து, கால்களுதைத்து என்ற சொற்கள் சிசு மகிழ்ச்சியாக இருப்பதைக் காட்டுகின்றன.  எனவே  சரியான விடை மகிழ்ச்சியாக."
  },
  {
    "description": "\"கடவுளுக்கும் புரியாத அவ்வுரையாடலைக் கிரகிக்கக் கூடத்துச் சன்னலுக்குமாய்க் சமையலறைச் சன்னலுக்குமாய்க் கிளைகளின் வழியே ஓடி ஓடிக் கவனிக்கிறது அணில்\" - இதன் மூலம் அணிலின் பண்பு எது என்பதை அறியலாம்?",
    "options": [
      "சுறுசுறுப்பானது",
      "பயந்தது",
      "கோபமானது",
      "சோம்பேறித்தனமானது"
    ],
    "answer": [
      "A"
    ],
    "additional_context": "அணில் உரையாடலைக் கிரகிக்க ஓடி ஓடி கவனிக்கிறது என்று கூறப்படுகிறது. இதன் மூலம் அணில் சுறுசுறுப்பானது என்பது தெரிய வருகிறது.  எனவே சரியான விடை சுறுசுறுப்பானது."
  }
]
