[
          
  {
    
          "description": "'நயம் பாராட்டுக' என்ற பகுதியில் கொடுக்கப்பட்டுள்ள கவிதையில், 'தெவிட்டாத நுண்பாட்டே, தூய்மை ஊற்றே, அழகு என்னும் பேரொழுங்கே, மெய்யே, மக்கள் அகத்திலும் நீ குடியிருக்க வேண்டுவேனே!' என்ற வரிகளில் 'நீ' என்று குறிப்பிடப்படுவது யார்?",
          "options": [
      "a) மக்கள்",
      "b) அழகு",
      "c) தூய்மை",
      "d) மொழி"
    ],
    "answer": "d",
    
          "additional_context": "கவிதைப் பகுதியில் 'நீ' என்ற சொல் அழகைப் பற்றிப் பேசும் போது பயன்படுத்தப்பட்டுள்ளது. அழகு என்பது மொழியின் மூலமாக வெளிப்படும் ஒரு கருத்து என்பதால் இங்கே 'நீ' என குறிப்பிடப்படுவது மொழி எனக் கூறலாம்."
          }
        ,
          
  {
    
          "description": "'நிகழ்ச்சி நிரல் வடிவமைக்க' என்ற பகுதியில் கொடுக்கப்பட்டுள்ள உலகத் தாய்மொழி நாள் (பிப்ரவரி 21) விழாவின் நிகழ்ச்சி நிரலில் இடம்பெறும் வாய்ப்புள்ள ஒரு நிகழ்ச்சி எது?",
          "options": [
      "a) மொழி சார்ந்த கவிதைப் போட்டி",
      "b) புத்தக வெளியீட்டு விழா",
      "c) கல்லூரி பேராசிரியர் விரிவுரை",
      "d) பள்ளி ஆசிரியர்களுக்கான பயிற்சி"
    ],
    "answer": "a",
    
          "additional_context": "உலகத் தாய்மொழி நாள் விழாவில் மொழி சார்ந்த கவிதைப் போட்டி என்பது ஒரு பொருத்தமான நிகழ்ச்சி. ஏனெனில், இந்நிகழ்ச்சி மொழி மீதான அன்பையும், அதன் மீதான மதிப்பையும் வெளிப்படுத்துவதாக அமையும்."
          }
        ,
          
  {
    
          "description": "'அந்தாதிச் சொற்களை உருவாக்குக' என்ற பகுதியில் கொடுக்கப்பட்டுள்ள சொற்களில், 'விருது' என்ற சொல்லுக்குப் பின் வரும் அந்தாதிச் சொல் எது?",
          "options": [
      "a) சிறப்பு",
      "b) இனிப்பு",
      "c) மைனா",
      "d) புதுமை"
    ],
    "answer": "b",
    
          "additional_context": "அந்தாதி என்பது ஒரு சொல்லின் இறுதி எழுத்து அடுத்த சொல்லின் தொடக்க எழுத்தாக வருவது. இங்கு விருது என்ற சொல்லின் இறுதி எழுத்து 'உ' என்பதால் அடுத்த சொல் 'இனிப்பு' ஆகும். ஏனெனில்,  'உ' என்ற எழுத்து இனிப்பு என்ற சொல்லின் தொடக்கத்தில் உள்ளது."
          }
        ,
          
  {
    
          "description": "'அகராதியில் காண்க' என்ற பகுதியில் கொடுக்கப்பட்டுள்ள சொற்களில், 'செம்மல்' என்ற சொல் குறிப்பிடுவது:",
          "options": [
      "a) மிகவும் நல்லது",
      "b) மிகவும் மோசமானது",
      "c) இயல்பானது",
      "d) சராசரி தரமானது"
    ],
    "answer": "a",
    
          "additional_context": "அகராதியில் 'செம்மல்' என்ற சொல் 'மிகவும் நல்லது'  என்பதை குறிக்கும். அதாவது ஒருவர் அல்லது ஒரு பொருள் தரம் வாய்ந்ததாக இருந்தால் அவரை அல்லது அதை 'செம்மல்' என  கூறுவது வழக்கம்."
          }
        ,
          
  {
    
          "description": "'கொடுக்கப்பட்ட வேர்ச்சொற்களைப் பயன்படுத்தி விடுபட்ட கட்டங்களில் காலத்திற்கேற்ற வினைமுற்றுகளை நிறைவு செய்க' என்ற பகுதியில், 'காண்' என்ற வேர்ச்சொல்லுடன் இணைந்த நிகழ்கால வினைமுற்று எது?",
          "options": [
      "a) கண்டேன்",
      "b) காண்கிறேன்",
      "c) கண்டான்",
      "d) காண்கிறான்"
    ],
    "answer": "b",
    
          "additional_context": "நிகழ்கால வினைமுற்று என்பது நிகழ்ந்து கொண்டிருக்கும் செயலைக் குறிக்கும். இங்கு 'காண்' என்ற வேர்ச்சொல்லுடன் இணைந்த நிகழ்கால வினைமுற்று 'காண்கிறேன்' என்பதாகும்."
          }
        ]