
[
  {
    "description": "1944ஆம் ஆண்டு ______   ______   வயதான இராமு என்பவர் தூக்கிலிடப்பட்டார்.",
    "options": [
      "பதினாறு",
      "பதினேழு",
      "பதினெட்டு",
      "பத்தொன்பது"
    ],
    "answer": [
      "C"
    ],
    "additional_context": "இந்திய தேசிய இராணுவத்தைச் சேர்ந்த பதினெட்டு இளைஞர்கள், 1943-45ஆம் ஆண்டுகளில் சென்னைச் சிறையில் தூக்கிலிடப்பட்டனர். 1944ஆம் ஆண்டு பதினெட்டே வயதான இராமு என்பவர் தூக்கிலிடப்பட்டார். அவர் தூக்கிலிடப்படுவதற்கு முதல்நாள் இரவு, \"நான் என் உயிரைக் கொடுப்பதற்குக் கொஞ்சமும் கவலைப்படவில்லை; ஏனெனில் நான் கடவுளுக்கு எதிராக ஒன்றும் செய்யவில்லை\" என்று கூறினார்."
  },
  {
    "description": "இரண்டாம் உலகப்போரின்போது இந்திய தேசிய இராணுவம் (ஐ.என்.ஏ.) உருவாக்கப்பட்டதற்கு காரணம் எது?",
    "options": [
      "பிரித்தானியர்களின் ஆட்சியை எதிர்த்துப் போராடுவதற்காக",
      "ஜப்பானியர்களின் ஆதிக்கத்திலிருந்து விடுதலை பெறுவதற்காக",
      "பிரித்தானிய இராணுவத்தில் சேர்ந்த இந்திய வீரர்களைச் சேர்த்துக்கொள்வதற்காக",
      "ஜப்பானியர்களுடன் இணைந்து ஆங்கிலேயர்களை எதிர்த்துப் போராடுவதற்காக"
    ],
    "answer": [
      "D"
    ],
    "additional_context": "இரண்டாம் உலகப்போர் நடந்துகொண்டிருந்த 1942ஆம் ஆண்டு பிப்ரவரி 15ஆம் நாள், ஆங்கிலேயப் படைகள் மலேயாவில் ஜப்பானியரிடம் சரணடைந்தன. இப்படையில் இந்திய வீரர்களும் இருந்தனர். சரணடைந்த அவ்வீரர்களைக் கொண்டு ஜப்பானியர்கள், மோகன்சிங் என்பவரின் தலைமையில் இந்திய தேசிய இராணுவம் (ஐ.என்.ஏ.) என்ற படையை உருவாக்கினர். இந்திய தேசிய இராணுவத்திற்கு மக்கள் ஆதரவு பெருகியது. அக்காலகட்டத்தில் தமிழகத்தில் இருந்து மலேயா, பர்மா போன்ற நாடுகளுக்குப் பிழைப்பிற்காகச் சென்ற தமிழர் பலர் இந்திய தேசிய இராணுவத்தில் சேர்ந்தனர்."
  },
  {
    "description": "இந்திய தேசிய இராணுவத்தில் \"டெல்லி சலோ\" என்ற போர்முழக்கத்தை எவரால் தொடங்கப்பட்டது?",
    "options": [
      "மோகன்சிங்",
      "பசும்பொன் முத்துராமலிங்கனார்",
      "நேதாஜி சுபாஷ் சந்திர போஸ்",
      "கேப்டன் லட்சுமி"
    ],
    "answer": [
      "C"
    ],
    "additional_context": "நேதாஜி சுபாஷ் சந்திர போஸ் இந்திய தேசிய இராணுவத்தின் பொறுப்பை ஏற்க, 91நாள்கள் நீர்மூழ்கிக் கப்பலில் பயணம் செய்து ஜெர்மனியிலிருந்து சிங்கப்பூர் வந்தடைந்தார். 1943ஆம் ஆண்டு சூலை மாதம் 9ஆம் நாள் பதவியேற்றார். அவர் உரையாற்றிய மாபெரும் கூட்டத்தில் \"டெல்லி நோக்கிச் செல்லுங்கள்\"(டெல்லி சலோ) எனப் போர்முழக்கம் செய்தார். இவரின் வேண்டுகோள் அனைவரது மனத்திலும் பசுமரத்தாணிபோல் பதிந்தது."
  },
  {
    "description": "இந்திய தேசிய இராணுவத்தில் தமிழர்களின் பங்களிப்பு குறித்த \"இந்திய தேசிய இராணுவம் - தமிழர் பங்கு\" என்ற நூலை எழுதியவர் யார்?",
    "options": [
      "பசும்பொன் முத்துராமலிங்கனார்",
      "கேப்டன் லட்சுமி",
      "மா.சு. அண்ணாமலை",
      "தில்லான்"
    ],
    "answer": [
      "C"
    ],
    "additional_context": "பேராசிரியர் மா.சு.அண்ணாமலை: \"இந்திய தேசிய இராணுவம் - தமிழர் பங்கு\" என்ற நூலுக்காகத் தமிழக அரசின் பரிசுபெற்றவர். இவர் தலைமையில் எடுக்கப்பட்ட குறும்படங்கள் சர்வதேச அளவில் பரிசுகள் பெற்றன."
  },
  {
    "description": "நேதாஜியின் \"டோக்கியோ கேடட்ஸ்\" பயிற்சிப் பிரிவில் தமிழர்களின் பங்களிப்பு எப்படி இருந்தது?",
    "options": [
      "அவர்கள் ஜப்பானிய இராணுவத்தின் பயிற்சி பெற மறுத்துவிட்டார்கள்.",
      "அவர்களில் பெரும்பாலானோர் பயிற்சியை முடித்து இந்திய தேசிய இராணுவத்தில் சேர்ந்தனர்.",
      "அவர்களில் ஒருவரான கேப்டன் தாசன் பின்னாளில் சுதந்திர இந்தியாவில் தூதுவராகப் பணியாற்றினார்.",
      "அவர்கள் ஜப்பானிய இராணுவத்தில் சேர்ந்து இந்தியாவிற்கு எதிராகப் போரிட்டனர்."
    ],
    "answer": [
      "C"
    ],
    "additional_context": "நேதாஜி 45 இளைஞர்களை டோக்கியோ அனுப்பினார். அவர்களில் பெரும்பாலோர் தமிழர்கள். அதில் பயிற்சி பெற்றவர்களுள் குறிப்பிடத்தக்கவர் கேப்டன் தாசன் ஆவார். அவர் பின்பு சுதந்திர இந்தியாவில் செசல்ஸ் நாட்டுத் தூதுவராகப் பணியாற்றினார்."
  }
]
