[
          
  {
    
          "description": "'அறிஞர்களின் பொன்மொழிகளைத் தமிழில் மொழிபெயர்த்து எழுதுக' என்னும் வாக்கியத்தில், எந்தச் சொல் துணைவினை எச்சமாக பயன்படுத்தப்பட்டுள்ளது?",
          "options": [
      "மொழிபெயர்த்து",
      "எழுதுக",
      "அறிஞர்களின்",
      "தமிழில்"
    ],
    "answer": "A",
    
          "additional_context": "இந்த வாக்கியத்தில் 'மொழிபெயர்த்து' என்ற சொல் துணைவினை எச்சமாக பயன்படுத்தப்பட்டுள்ளது. 'எழுதுக' என்ற சொல்  முதன்மை வினைச்சொல். 'அறிஞர்களின்' என்ற சொல் வினைச்சொல்லைத் தழுவி வரும் பெயர்ச்சொல். 'தமிழில்' என்ற சொல் இடத்தைச் சுட்டும் வினையெச்சம் ஆகும்."
          }
        ,
          
  {
    
          "description": "கீழ்க்கண்டவற்றுள் எது கவிமணி டி.கே.சி. ஐயங்காரின் பாடலில் காணப்படும் படம் அல்ல?",
          "options": [
      "கல்லும் மலையும்",
      "சமவெளி",
      "ஏரி",
      "புல்வெளி"
    ],
    "answer": "D",
    
          "additional_context": "கவிமணி டி.கே.சி. ஐயங்காரின் பாடலில் 'கல்லும் மலையும்', 'சமவெளி', 'ஏரி' ஆகியவை காணப்படுகின்றன. 'புல்வெளி'  இடம் பெறவில்லை."
          }
        ,
          
  {
    
          "description": "“அணில் ஓடிக் களைக்கிறது சன்னல்களுக்கிடையே” என்ற வரியில், சன்னல்கள் எதற்கு உவமையாகப் பயன்படுத்தப்பட்டுள்ளன?",
          "options": [
      "காலம்",
      "மரம்",
      "சொற்கள்",
      "குழப்பம்"
    ],
    "answer": "C",
    
          "additional_context": "இந்த வரியில் சன்னல்கள் 'சொற்கள்'  என்ற பொருளில் உவமையாகப் பயன்படுத்தப்பட்டுள்ளது. பாடலின் பொருள், அணில் சொற்களுக்கிடையே ஓடி  களைக்கிறது என்ற பொருள் கொடுக்கும். அணில் ஓடுவது, சொற்களின்  குழப்பத்தைக் குறிக்கும்"
          }
        ,
          
  {
    
          "description": "'மதியழகன் தீக்காயம் ஏற்பட்ட இடத்தில் உடனடியாகத் தண்ணீர் கொண்டு குளிர வைத்தாள்.' என்ற வாக்கியத்தில் உள்ள 'மதியழகன்' என்ற சொல் எந்தப் பாலில் அமைந்துள்ளது?",
          "options": [
      "ஆண் பால்",
      "பெண் பால்",
      "இனம்",
      "ஒருமை"
    ],
    "answer": "B",
    
          "additional_context": "இந்த வாக்கியத்தில் 'மதியழகன்' என்ற பெயர்ச்சொல் பெண்பால் சொல்லாகப் பயன்படுத்தப்பட்டுள்ளது. வாக்கியத்தில் 'வைத்தாள்' என்ற வினைச்சொல் 'மதியழகன்'  பெண்பால்  என்பதை உணர்த்துகிறது."
          }
        ,
          
  {
    
          "description": "'நெல்லுக்குப் பாய்கிற தண்ணீர் புல்லுக்குப் பாயும்' என்ற பழமொழியின் பொருள் என்ன?",
          "options": [
      "நெல்லுக்குப் பாயும் தண்ணீர் புல்லுக்கும் பாயும்",
      "நெல்லுக்குப் பாயும் தண்ணீர் புல்லுக்கும் பாயும், ஆனால் அது போதாது",
      "நெல்லுக்கும் புல்லுக்கும் பாயும் தண்ணீர் ஒன்றுதான்",
      "நெல்லுக்கும் புல்லுக்கும் தண்ணீர் தேவை"
    ],
    "answer": "C",
    
          "additional_context": "இந்தப் பழமொழி  'நெல்லுக்கும் புல்லுக்கும் பாயும் தண்ணீர் ஒன்றுதான்'  என்பதை உணர்த்துகிறது. ஒரே மூலத்திலிருந்து வரும் ஒரே தண்ணீர் தான் இரண்டிற்கும் பாய்கிறது என்பதைப்  பொருள்படுத்துகிறது. இதன் மூலம் இருவருக்கும் சமமாக கிடைக்க வேண்டிய  வளங்கள்,  பகிர்ந்தளிக்கப்பட வேண்டும் என்பது தெளிவாகிறது."
          }
        ]