
[
  {
    "description": "கீழ்க்கண்டவற்றுள் எது \"தமிழ்முனிவன் வாழுமலை\" என்ற வரியில் உள்ள சொல் பொருளைப் பற்றிய சரியான விளக்கம்?",
    "options": [
      "தமிழைப் போற்றிப் பாடுபவர் வாழும் மலை",
      "தமிழ் இலக்கியத்திற்கு அடிப்படை ஆன மலை",
      "தமிழ் இலக்கியத்தில் குறிப்பிடப்படும் ஒரு மலை",
      "தமிழ் மொழி தோன்றிய மலை"
    ],
    "answer": "a",
    "additional_context": " \"தமிழ்முனிவன் வாழுமலை\" என்ற வரி தமிழ் மொழியைப் போற்றிப் பாடுபவர்களைப் பற்றிக் கூறுகிறது. தமிழைப் போற்றிப் பாடுபவர் வாழும் மலையைக் குறிக்கிறது. "
  },
  {
    "description": "\"தென்னாட்டுப் பெர்னாட்ஷா\" என்று யாரைப் புகழ்ந்தார்கள்?",
    "options": [
      "ஆசிரியர்",
      "மறுநாள் வீட்டுக்கு வருபவர்",
      "முரளி",
      "அண்ணா"
    ],
    "answer": "d",
    "additional_context": " \"தென்னாட்டுப் பெர்னாட்ஷா\" என்று அறிஞர் அண்ணாவைப் புகழ்ந்ததாகக் கூறப்படுகிறது. இது அயற்கூற்றுத் தொடர். "
  },
  {
    "description": "கீழ்க்கண்டவற்றுள் எது பெயர்மரபுப் பிழையைத் திருத்திய பின் வரும் சொற்றொடர்?",
    "options": [
      "கோழிக்குட்டிகளைப் பிடிக்கப் பூனைக்குட்டிகள் ஓடின",
      "பூனைக்குட்டிகள் கோழிக்குட்டிகளைப் பிடிக்க ஓடின",
      "பூனைக்குட்டிகளைப் பிடிக்க கோழிக்குட்டிகள் ஓடின",
      "கோழிக்குட்டிகளைப் பிடிக்கப் பூனைகள் ஓடின"
    ],
    "answer": "b",
    "additional_context": " \"கோழிக்குட்டிகளைப் பிடிக்கப் பூனைக்குஞ்சுகள் ஓடின\" என்ற சொற்றொடரில் பெயர்மரபு பிழை உள்ளது. பூனைக்குஞ்சுகள் கோழிக்குட்டிகளைப் பிடிக்க ஓடின என்று திருத்தி எழுத வேண்டும். "
  },
  {
    "description": "\"அலறும் மயிலும் கூவும் ஆந்தையும் அகவும் சேவலும் போன்ற இயற்கையின் அழகான ஒலிகளை நாம் நேசிக்கவேண்டும்\" என்ற வாக்கியத்தில் எந்த ஒலிமரபுப் பிழை இருக்கிறது?",
    "options": [
      "'அலறும்' என்ற சொல்லில் 'அ'",
      "'கூவும்' என்ற சொல்லில் 'ூ'",
      "'அகவும்' என்ற சொல்லில் 'அ'",
      "எதுவும் இல்லை"
    ],
    "answer": "b",
    "additional_context": " \"அலறும் மயிலும் கூவும் ஆந்தையும் அகவும் சேவலும் போன்ற இயற்கையின் அழகான ஒலிகளை நாம் நேசிக்கவேண்டும்\" என்ற வாக்கியத்தில் 'கூவும்' என்ற சொல்லில் 'ூ' ஒலிமரபுப் பிழை உள்ளது. 'கூவும்' என்பதற்குப் பதிலாக 'குவவும்' என எழுத வேண்டும். "
  },
  {
    "description": "\"தங்குபுயல் சூழுமலை\" என்ற வரியில் உள்ள \"சூழுமலை\" என்ற சொல் எதைக் குறிக்கிறது?",
    "options": [
      "மழைக்காலத்தில் மழை பெய்யும் மலை",
      "வறண்ட நிலையில் இருக்கும் மலை",
      "புயல் வந்தால் சேதமடையும் மலை",
      "புயலின் கோபத்தால் பாதிக்கப்படும் மலை"
    ],
    "answer": "d",
    "additional_context": " \"தங்குபுயல் சூழுமலை\" என்ற வரியில் புயலின் கோபத்தால் பாதிக்கப்படும் மலையைக் குறிக்கிறது. "
  }
]
