
[
  {
    "description": "இந்திய தேசிய இராணுவத்தில்  'டோக்கியோ கேடட்ஸ்' என அழைக்கப்பட்ட 45 வீரர்களுக்கு எந்தப் பயிற்சி அளிக்கப்பட்டது?",
    "options": [
      "கடற்படை பயிற்சி",
      "குதிரைப் படை பயிற்சி",
      "துப்பாக்கிப் பயிற்சி",
      "வான்படைத் தாக்குதல் பயிற்சி"
    ],
    "answer": [
      "D"
    ],
    "additional_context": "இந்திய தேசிய இராணுவத்தில் இருந்து 45 வீரர்கள் நேதாஜியால் தேர்வு செய்யப்பட்டு, வான்படைத் தாக்குதலுக்கான சிறப்புப் பயிற்சி பெறுவதற்காக, ஜப்பானில் உள்ள இம்பீரியல் மிலிட்டரி அகடமிக்கு அனுப்பி வைக்கப்பட்டனர். அந்த 45பேர் கொண்ட பயிற்சிப் பிரிவின் பெயர்தான் டோக்கியோ கேடட்ஸ்."
  },
  {
    "description": "இந்திய தேசிய இராணுவத்தின் ஜான்சிராணி பெயரில் உருவாக்கப்பட்ட பெண்கள் படையில் தமிழ்ப் பெண்கள் பங்கேற்றது குறித்த  இரண்டு கூற்றுகளைப் பொருத்தி  சரியான விடையைத் தேர்ந்தெடுங்கள்:",
    "options": [
      "i மற்றும் iii",
      "ii மற்றும் iv",
      "i மற்றும் iv",
      "ii மற்றும் iii"
    ],
    "answer": [
      "C"
    ],
    "additional_context": "இந்திய தேசிய இராணுவத்தில் ஜான்சிராணி பெயரில் பெண்கள் படை உருவாக்கப்பட்டது. இதன் தலைவர் டாக்டர் லட்சுமி. இப்படையில் தமிழ்ப் பெண்கள் பெருமளவில் பங்கேற்றனர். இவர்களில் தலைசிறந்த தலைவர்களாக ஜானகி, இராஜாமணி முதலானோர் விளங்கினர்."
  },
  {
    "description": "இந்திய தேசிய இராணுவத்தின்   'டெல்லி சலோ' எனும் போர்முழக்கத்தை  'இந்திய தேசிய இராணுவத்தின் இதயமும் ஆத்மாவும் தமிழர்கள்தான்' என்ற கூற்றுடன் தொடர்புபடுத்திப் பொருத்தமான விடையைத் தேர்ந்தெடுக்கவும்:",
    "options": [
      "டெல்லி சலோ போர்முழக்கம் தமிழர் தலைமையிலான ஒரு சிறிய பிரிவுக்கு மட்டுமே உரியதாகும்.",
      "நேதாஜி 'டெல்லி சலோ' போர்முழக்கத்தை  தமிழர்களுக்காக மட்டும் விடுத்து,  மற்ற இந்தியர்களை அலட்சியப்படுத்தினார்.",
      "இந்திய தேசிய இராணுவத்தில்  தமிழர்களின் பங்களிப்பு பெரியதாக இருந்தது.",
      "நேதாஜி 'டெல்லி சலோ' போர்முழக்கத்திற்கு  தமிழர்களுக்கு எந்தத் தொடர்பும் இல்லை."
    ],
    "answer": [
      "C"
    ],
    "additional_context": "நேதாஜி தலைமையில் இருந்த இந்திய தேசிய இராணுவப்படை பிரித்தானிய அரசை எதிர்த்தது. அப்போது தமிழகத்திலிருந்து பெரும்படையைத் திரட்டி இந்திய தேசிய இராணுவத்திற்கு வலுச்சேர்த்த பெருமைக்கு உரியவர் பசும்பொன் முத்துராமலிங்கனார். இந்திய தேசிய இராணுவப்படைத் தலைவராக இருந்த தில்லான், “இந்திய தேசிய இராணுவத்தின் இதயமும் ஆத்மாவும் தமிழர்கள்தான்” என்றார்."
  },
  {
    "description": "'மொய்ராங்' என்ற இடத்தில் நடந்த இந்திய தேசிய இராணுவத்தின் வெற்றியைத்  தொடர்புபடுத்தி  சரியான விடையைத் தேர்ந்தெடுக்கவும்:",
    "options": [
      "இந்திய தேசிய இராணுவம்   'மொய்ராங்' இடத்தில்  வெற்றி பெற்றது, ஆனால்  அது நிலைபெறவில்லை.",
      "'மொய்ராங்' வெற்றியின் காரணமாக இந்தியா முழுவதும் விடுதலை கிடைத்தது.",
      "'மொய்ராங்' என்ற இடத்தில்  வெற்றி பெற்ற பிறகு, இந்திய தேசிய இராணுவம்  ஆங்கிலேய அரசை எதிர்க்காமல் இருந்தது.",
      "'மொய்ராங்'  வெற்றி  இந்திய தேசிய இராணுவத்தின்  இறுதி வெற்றியாகும்."
    ],
    "answer": [
      "A"
    ],
    "additional_context": "இரண்டாம் உலகப்போரில் பர்மாவில் நடந்த போர் “மிகவும் கொடூரமானதாகும்”. இந்திய தேசிய இராணுவம் 1944ஆம் ஆண்டு மார்ச் 18அன்று ஆங்கிலேயரை வென்று இந்தியாவிற்குள் மணிப்பூர்ப் பகுதியில் 'மொய்ராங்' என்ற இடத்தில் மூவண்ணக் கொடியை ஏற்றியது. ஆனால், அமெரிக்கர்களும், ஆங்கிலேயர்களும் சேர்ந்து போரிட்டதால் இந்த வெற்றி நிலைபெற்று நீடிக்கவில்லை. இப்போரில் ஒரு இலட்சம் இந்தியரும் ஜப்பானியரும் வீரமரணம் எய்தினர்."
  },
  {
    "description": "இந்திய தேசிய இராணுவத்தின் 'டோக்கியோ கேடட்ஸ்' பயிற்சி பற்றிய கூற்றுகளில்  சரியான கூற்றுகளைப் பொருத்தி  விடையைத் தேர்ந்தெடுக்கவும்:",
    "options": [
      "i மற்றும் ii",
      "iii மற்றும் iv",
      "ii மற்றும் iii",
      "i மற்றும் iv"
    ],
    "answer": [
      "A"
    ],
    "additional_context": "நேதாஜி 45 இளைஞர்களை டோக்கியோ அனுப்பினார். அவர்களில் பெரும்பாலோர் தமிழர்கள். அதில் பயிற்சி பெற்றவர்களுள் குறிப்பிடத்தக்கவர் கேப்டன் தாசன் ஆவார். அவர் பின்பு சுதந்திர இந்தியாவில் செசல்ஸ் நாட்டுத் தூதுவராகப் பணியாற்றினார்."
  }
]
