[
          
  {
    
          "description": "சமுதாயத் தொண்டு தொடர்பான கீழ்க்காணும் கூற்றுகளில் எது சரியானது?",
          "options": [
      "சமுதாயத் தொண்டு என்பது, ஒரு பணக்காரர்களின் செயலாகும்.",
      "சமுதாயத் தொண்டு என்பது, நேரத்தை வீணடிப்பது.",
      "சமுதாயத் தொண்டு என்பது,  தன்னலமற்ற செயல்.",
      "சமுதாயத் தொண்டு என்பது, சமூகத்தில்  மதிப்பு பெறுவதற்கான வழி."
    ],
    "answer": [
      "C"
    ],
    
          "additional_context": "சமுதாயத் தொண்டு என்பது  சமூகத்தில்  மக்களின் நலன்  காக்கும் நோக்கத்துடன்  செய்யப்படும்  தன்னலமற்ற செயல்.  சமுதாய  தொண்டு என்பது  பணக்காரர்களின் செயல்  என்று  நினைப்பது  தவறு.  நேரத்தை வீணடிப்பதாக  எண்ணுவது  தவறு.  சமுதாயத்தில்  மதிப்பு பெறுவதற்கான வழி என்று  எண்ணுவது  தவறு."
          }
        ,
          
  {
    
          "description": "'இந்திய தேசிய இராணுவத்தை .....இன் தலைமையில் .............. உருவாக்கினர்' - இந்த வரிகளில் உள்ள இடைவெளிகளை நிரப்பி சரியான விடையைத் தேர்ந்தெடுக்கவும்.",
          "options": [
      "சுபாஷ் சந்திரபோஸ், இந்தியர்",
      "சுபாஷ் சந்திரபோஸ், ஜப்பானியர்",
      "மோகன்சிங், ஜப்பானியர்",
      "மோகன்சிங், இந்தியர்"
    ],
    "answer": [
      "A"
    ],
    
          "additional_context": "இந்திய தேசிய இராணுவத்தை  சுபாஷ் சந்திரபோஸ்  தலைமையில்  இந்தியர்கள்  உருவாக்கினர்.  சுதந்திரப் போராட்டத்தின்  போது  இந்திய  தேசிய இராணுவம்  ஜப்பானியர்களின்  உதவியுடன்  உருவாக்கப்பட்டது.  சுபாஷ் சந்திரபோஸ்  'நாம்  நம்மைத்தானே விடுவிக்க வேண்டும்'  என்று  நம்பினார்.  இந்திய தேசிய  இராணுவம்  இந்தியர்களை  திரட்டி  இங்கிலாந்தை  எதிர்த்து  போரிட்டது."
          }
        ,
          
  {
    
          "description": "'சொல்லும் பொருளும் பொருந்தியுள்ளது எது?' - இதற்கான சரியான விடையைத் தேர்ந்தெடுக்கவும்.",
          "options": [
      "வருக்கை - இருக்கை",
      "அள்ளல் – சேறு",
      "புள் - தாவரம்",
      "மடிவு – தொடக்கம்"
    ],
    "answer": [
      "A"
    ],
    
          "additional_context": "சொல்லும் பொருளும் பொருந்தி இருப்பது  'வருக்கை - இருக்கை'  என்பது.  வருக்கை  என்பது  இருக்கை என்பதற்கான  பொருள்.  அள்ளல்  என்பது  மண்ணை எடுப்பது, சேறு என்பது  நிலத்தில்  இருக்கும்  களிமண்.  புள் என்பது  பறவை, தாவரம் என்பது  மரம், செடி.  மடிவு என்பது  முடிவு, தொடக்கம் என்பது  ஆரம்பம்."
          }
        ,
          
  {
    
          "description": "'இளங்கமுகு, செய்கோலம்' - இவ்வார்த்தைகள் இலக்கண ரீதியாக எந்த வகையைச் சேர்ந்தவை என்பதைத் தேர்ந்தெடுக்கவும்.",
          "options": [
      "உருவகத்தொடர், வினைத்தொகை",
      "வினைத்தொகை, பண்புத்தொகை",
      "பண்புத்தொகை, வினைத்தொகை",
      "பண்புத்தொகை, உருவகத்தொடர்"
    ],
    "answer": [
      "C"
    ],
    
          "additional_context": "இளங்கமுகு  என்பது  பண்புத்தொகை.  இளம்  என்பது  பண்பு,  கமுகு  என்பது  பொருள்.  செய்கோலம்  என்பது  வினைத்தொகை.  செய்  என்பது  வினை,  கோலம்  என்பது  பொருள்.  பண்புத்தொகை  என்பது  பண்பு  +  பொருள்  இணைந்த தொடர்.  வினைத்தொகை  என்பது  வினை  +  பொருள்  இணைந்த தொடர்.  உருவகத்தொடர்  என்பது  ஒரு பொருளை  மற்றொரு பொருளுக்கு  உவமைப்பது."
          }
        ,
          
  {
    
          "description": "'நச்சிலைவேல் கோக்கோதை நாடு, நல்யானைக் கோக்கிள்ளி நாடு' - இத்தொடர்களில் குறிப்பிடப்படுகின்ற நாடுகள் முறையே,",
          "options": [
      "பாண்டிய நாடு, சேர நாடு",
      "சேர நாடு, சோழ நாடு",
      "சோழ நாடு, சேர நாடு",
      "சோழ நாடு, பாண்டிய நாடு"
    ],
    "answer": [
      "D"
    ],
    
          "additional_context": "நச்சிலைவேல்  கோக்கோதை நாடு என்பது பாண்டிய நாடு.  நல்யானைக்  கோக்கிள்ளி நாடு என்பது சோழ நாடு.  பாண்டிய நாடு  'நச்சிலைவேல்'  என்றும்  'கோக்கோதை நாடு'  என்றும்  அழைக்கப்படுகிறது.  சோழ நாடு  'நல்யானைக்'  என்றும்  'கோக்கிள்ளி நாடு'  என்றும்  அழைக்கப்படுகிறது."
          }
        ]