
[
  {
    "description": "பல்லவர் காலத்தில் எந்தப் பொருட்களைக் கொண்டு சிற்பங்கள் அமைக்கப்பட்டன?",
    "options": [
      "சுதை மற்றும் கருங்கற்கள்",
      "செப்பு மற்றும் வெள்ளி",
      "மரம் மற்றும் மண்ணால்",
      "தந்தம் மற்றும் மெழுகால்"
    ],
    "answer": "A",
    "additional_context": "பல்லவர் காலத்தில் சுதையினாலும், கருங்கற்களினாலும் சிற்பங்கள் அமைக்கப்பட்டன. கோவில் தூண்கள் சிற்பங்களால் அழகு பெற்றன. தூண்களில் யாளி, சிங்கம், தாமரை மலர், நுட்பமான வேலைப்பாடுகள் நிறைந்த வட்டங்கள் போன்றவை பொறிக்கப்பட்டன. பல்லவர் காலத்தில் அமைக்கப்பட்ட கோவில்களின் கட்டடங்கள், கற்றூண்கள், சுற்றுச்சுவர்கள், நுழைவு வாயில்கள் என அனைத்து இடங்களிலும் சிற்பங்கள் மிளிர்வதைக் காண முடியும்."
  },
  {
    "description": "“கற்கவிஞர்கள்” என்று யார் அழைக்கப்படுகிறார்கள்?",
    "options": [
      "கோவில் கட்டும் தொழிலாளர்கள்",
      "சிற்பக் கலைஞர்கள்",
      "வரலாற்று ஆராய்ச்சியாளர்கள்",
      "கல்வியாளர்கள்"
    ],
    "answer": "B",
    "additional_context": "தெய்வ உருவங்கள், இயற்கை உருவங்கள், கற்பனை உருவங்கள், முழுவடிவ (பிரதிமை) உருவங்கள் என நான்கு நிலைகளில் உலோகத்தினாலும் கல்லினாலும் சிற்பங்கள் அமைக்கப்படுகின்றன. சிற்ப இலக்கண மரபைப் பின்பற்றிக் கலை நயத்துடனும் மிகுந்த தேர்ச்சியுடனும் சிற்பிகள் சிற்பங்களை வடிவமைக்கின்றனர். அதனால், அவர்களைக் \"கற்கவிஞர்கள்\" என்று சிறப்பிக்கின்றனர்."
  },
  {
    "description": "பல்லவர் காலச் சிற்பங்களுக்குச் சிறந்த உதாரணம் எது?",
    "options": [
      "மதுரை மீனாட்சி அம்மன் கோவில்",
      "தஞ்சைப் பெரியகோவில்",
      "காஞ்சி கைலாசநாதர் கோவில்",
      "திருச்சி மலைக்கோட்டை"
    ],
    "answer": "C",
    "additional_context": "பல்லவர்காலச் சிற்பக்கலைக்கு மாமல்லபுரச் சிற்பங்கள் மிகச் சிறந்த சான்றுகளாகும். கடற்கரையில் காணப்பட்ட பெரும் பாறைகளைச் செதுக்கிப் பற்பல உருவங்கள் அமைக்கப்பட்டுள்ளன. அங்கு உருவாக்கப்பட்ட பஞ்ச பாண்டவர் இரதங்களில் அழகிய சிற்பங்கள் காணப்படுகின்றன. பறவைகள், விலங்குகள் ஆகியவற்றின் பல்வேறு உருவச் சிற்பங்களும் பல்லவர்களின் சிற்பக்கலைப் பெருமையை உலகுக்கு உணர்த்துகின்றன."
  },
  {
    "description": "பல்லவர்காலச் சிற்பக்கலையின் சிறப்பம்சமாகக் கருதப்படும் இடம் எது?",
    "options": [
      "காஞ்சிபுரம்",
      "மாமல்லபுரம்",
      "திருச்சி",
      "மதுரை"
    ],
    "answer": "B",
    "additional_context": "பல்லவர்காலச் சிற்பக்கலைக்கு மாமல்லபுரச் சிற்பங்கள் மிகச் சிறந்த சான்றுகளாகும். கடற்கரையில் காணப்பட்ட பெரும் பாறைகளைச் செதுக்கிப் பற்பல உருவங்கள் அமைக்கப்பட்டுள்ளன. அங்கு உருவாக்கப்பட்ட பஞ்ச பாண்டவர் இரதங்களில் அழகிய சிற்பங்கள் காணப்படுகின்றன. பறவைகள், விலங்குகள் ஆகியவற்றின் பல்வேறு உருவச் சிற்பங்களும் பல்லவர்களின் சிற்பக்கலைப் பெருமையை உலகுக்கு உணர்த்துகின்றன."
  },
  {
    "description": "பாண்டியர் காலச் சிற்பங்கள் காணப்படும் இடங்கள் எவை?",
    "options": [
      "திருமயம், பிள்ளையார்பட்டி, குன்றக்குடி, திருப்பரங்குன்றம்",
      "காஞ்சிபுரம், மாமல்லபுரம், தஞ்சை",
      "மதுரை, திருநெல்வேலி, கிருஷ்ணாபுரம்",
      "கும்பகோணம், சுவாமிமலை, தாராசுரம்"
    ],
    "answer": "A",
    "additional_context": "பாண்டியர் காலத்தில் அமைக்கப்பட்ட குகைக்கோவில்களில் சிற்ப வேலைப்பாடுகள் நிறைந்துள்ளன. அவற்றைத் திருமயம், பிள்ளையார்பட்டி, குன்றக்குடி, திருப்பரங்குன்றம் முதலிய இடங்களில் உள்ள கோவில்களில் காணலாம். கோவில்பட்டிக்கு மேற்கே கழுகுமலை வெட்டுவான்கோவிலில் அமைந்துள்ள சிற்பங்களும் பாண்டியர் காலச் சிற்பக்கலைக்குச் சான்றுகளாகும்."
  }
]
