
[
  {
    "description": "1. தமிழ்நாட்டின் வரலாற்றுப் பின்னணி மற்றும் அது நம்மை எவ்வாறு வடிவமைத்தது என்பதை விளக்கு.",
    "options": [],
    "answer": [],
    "additional_context": "தமிழ்நாட்டின் வரலாறு மிகவும் பழமையானது. மிகப் பழைய நாகரிகம் தமிழ்நாட்டில் தோன்றியது. தமிழ்நாட்டின் வரலாறு பல காலங்களாக மக்களின் வாழ்க்கை முறைகள், கலாச்சாரங்கள், மதங்கள், அரசியல், பொருளாதாரம், கல்வி, கலை, இலக்கியம் ஆகியவற்றில் பெரும் தாக்கத்தை ஏற்படுத்தியுள்ளது. தமிழ்நாட்டில் பல வம்சாவழிகள் ஆட்சி புரிந்தன. சோழர்கள், பாண்டியர்கள், சேரர்கள், பல்லவர்கள், விஜயநகர மன்னர்கள்,  முகலாயர்கள், பிரிட்டிஷார்கள் ஆகியோரின் ஆட்சிகள் தமிழ்நாட்டின் வரலாற்றை வடிவமைத்தன. தமிழ்நாட்டின் கலாச்சாரம்  கலை, இலக்கியம், இசை, நடனம், கட்டிடக்கலை  என்ற பல  துறைகளில் பெரும் செல்வாக்கைச் செலுத்தியுள்ளது. தமிழ்நாட்டின் வரலாறு மக்களின் வாழ்க்கை முறையை மட்டுமல்லாமல் அவர்களின் சிந்தனை, மதிப்புகள், பாரம்பரியம் ஆகியவற்றை  வடிவமைத்துள்ளது. தமிழர்கள்  தங்கள்  வரலாற்றை  மிகவும் பெருமை கொண்டு  நினைவு கூறுகிறார்கள்  மற்றும்  தங்கள்   பண்பாட்டை  காப்பாற்றுவதற்கு   முயற்சி செய்கிறார்கள். இதனால் தமிழ்நாடு ஒரு  சிறப்புமிக்க  கலாச்சார  வள  நாட்டாக   இருக்கிறது."
  },
  {
    "description": "2. தமிழ்நாட்டின் கலை, இலக்கியம் மற்றும் கட்டிடக்கலை துறைகளில் புதிய போக்குகள் யாவை?",
    "options": [],
    "answer": [],
    "additional_context": "தமிழ்நாட்டில் கலை, இலக்கியம் மற்றும் கட்டிடக்கலை துறைகளில் புதிய போக்குகள் பல உள்ளன. நவீன கலைஞர்கள்  தங்கள்  கலையில்  புதிய  தொழில்நுட்பங்களை  பயன்படுத்தி  கலையின்  புதிய  அம்சங்களை  உருவாக்க  முயற்சி  செய்கிறார்கள். இலக்கியத்தில் புதிய எழுத்தாளர்கள்   புதிய  தலைமுறையின்  சிந்தனைகளை  தங்கள்  கதைகளில்  உருவாக்குகிறார்கள்.  கட்டிடக்கலையில்  புதிய   வடிவமைப்புகள்   மற்றும்   புதிய  தொழில்நுட்பங்களை  பயன்படுத்தி   கட்டிடங்கள்  கட்டப்படுகின்றன.  இதன்  மூலம்  தமிழ்நாட்டின்   கலை   மற்றும்   கலாச்சாரம்  மேலும்   வளர்ச்சியடைகிறது."
  },
  {
    "description": "3. தமிழ்நாட்டின் கல்வி முறைமையை பகுப்பாய்வு செய்யுங்கள்.",
    "options": [],
    "answer": [],
    "additional_context": "தமிழ்நாட்டின் கல்வி முறைமை மிகவும் விரிவானது. இங்கு பல பள்ளிகள், கல்லூரிகள்,  பல்கலைக்கழகங்கள் உள்ளன. தமிழ்நாடு  தனது  கல்வி  முறையில்   பல  சீர்திருத்தங்களை   நடத்தி   வருகிறது.  இங்கு  கல்வி   இலவசமாக  வழங்கப்படுகிறது.  தமிழ்நாட்டின்  கல்வி  முறைமை   தரமான  கல்வியை  வழங்குவதற்கு   முயற்சி  செய்கிறது.  ஆனால்   கல்வி   முறைமையில்   சில   பிரச்சனைகள்   உள்ளன.  கல்வி   முறைமையை   மேம்படுத்த   பல  முயற்சிகள்  நடத்தப்பட்டு   வருகின்றன."
  },
  {
    "description": "4. தமிழ்நாட்டின் சுற்றுச்சூழல் பாதுகாப்பிற்கான திட்டங்கள் மற்றும் அவற்றின் செயல்திறனை விவரி.",
    "options": [],
    "answer": [],
    "additional_context": "தமிழ்நாட்டில் சுற்றுச்சூழல் பாதுகாப்புக்காக பல திட்டங்கள்  நடத்தப்பட்டு வருகின்றன.  இந்த  திட்டங்கள்  மரம்   நடுதல்,   குப்பை  நிர்வாகம்,  நீர்   நிலைகள்  பாதுகாப்பு,  காற்று   மாசு   கட்டுப்பாடு,  சத்தம்  மாசு   கட்டுப்பாடு  ஆகியவற்றை   நோக்கமாக   வைத்திருக்கின்றன.  இந்த  திட்டங்கள்  சில   அளவுகளில்   செயல்திறன்   மிக்கவை.  ஆனால்   சுற்றுச்சூழல்   பாதுகாப்பிற்காக   இன்னும்   பல   முயற்சிகள்   தேவை."
  },
  {
    "description": "5. தமிழ்நாட்டின் எதிர்கால வளர்ச்சிக்கான வாய்ப்புகள் மற்றும் சவால்கள் யாவை?",
    "options": [],
    "answer": [],
    "additional_context": "தமிழ்நாட்டின் எதிர்கால வளர்ச்சிக்கான வாய்ப்புகள் மற்றும் சவால்கள்  பல  உள்ளன.  தமிழ்நாட்டின்  பொருளாதாரம்  வளர்ந்து  வருகிறது.  இங்கு   பல   தொழிற்சாலைகள்   உள்ளன.   தொழில்நுட்பம்   வளர்ந்து   வருகிறது.   தொழில்   நுட்பத்தின்   வளர்ச்சியால்   தமிழ்நாட்டில்  பல  புதிய  வாய்ப்புகள்  உருவாகும்.   ஆனால்   தமிழ்நாட்டில்   சில   சவால்களும்   உள்ளன.  அவை   பொருளாதார  சமத்துவமின்மை,  வேலைவாய்ப்பு   பிரச்சனை,   சுற்றுச்சூழல்   பாதுகாப்பு   பிரச்சனை  ஆகியவை.   இந்த   சவால்களை   எதிர்கொண்டு   தமிழ்நாடு   எதிர்காலத்தில்   வளர்ச்சியடைய   முயற்சி   செய்ய வேண்டும்."
  }
]
